job_id,state,district,domain,nsqf_job_role,qp_code,job_type_available,local_demand_signal,active_msme_cluster,estimated_monthly_income_lpa
JOB_05729A51,Uttar Pradesh,Sitapur,Handicrafts & Leather,Leather Goods Maker / Footwear Repairer,LSS/Q2501,Fixed Monthly,High,True,19.2
JOB_DEAC901F,Uttar Pradesh,Sitapur,Plumbing & Water Works,Plumber General,PSC/Q0104,Self-Employment / Enterprise,Medium,True,11.0
JOB_0112B854,Uttar Pradesh,Sitapur,Plumbing & Water Works,Plumber General,PSC/Q0104,Self-Employment / Enterprise,Medium,True,8.4
JOB_82A5D421,Uttar Pradesh,Sitapur,Garments & Tailoring,Industrial Sewing Machine Operator,AMH/Q0301,Self-Employment / Enterprise,Low,True,11.7
JOB_9BADACE3,Uttar Pradesh,Sitapur,Plumbing & Water Works,Plumber General,PSC/Q0104,Daily Wage,Medium,False,11.8
JOB_80930F3D,Uttar Pradesh,Sitapur,Garments & Tailoring,Industrial Sewing Machine Operator,AMH/Q0301,Self-Employment / Enterprise,High,False,9.9
JOB_FA79E1F1,Uttar Pradesh,Sitapur,Plumbing & Water Works,Plumber General,PSC/Q0104,Self-Employment / Enterprise,Medium,True,23.5
JOB_533BD8FE,Uttar Pradesh,Sitapur,Artisan & Carpentry,Assistant Carpenter,CON/Q0102,Fixed Monthly,Low,True,18.8
JOB_A156FB5B,Uttar Pradesh,Sitapur,Handicrafts & Leather,Leather Goods Maker / Footwear Repairer,LSS/Q2501,Daily Wage,Medium,False,20.7
JOB_3D176DA8,Uttar Pradesh,Sitapur,Handicrafts & Leather,Leather Goods Maker / Footwear Repairer,LSS/Q2501,Self-Employment / Enterprise,High,True,18.5
JOB_451040E7,Uttar Pradesh,Sitapur,Handicrafts & Leather,Leather Goods Maker / Footwear Repairer,LSS/Q2501,Fixed Monthly,Low,False,24.8
JOB_280ED6EB,Uttar Pradesh,Sitapur,Construction,Assistant Mason,CON/Q0101,Daily Wage,Medium,False,10.1
JOB_F98ACD0C,Uttar Pradesh,Sitapur,Artisan & Carpentry,Assistant Carpenter,CON/Q0102,Self-Employment / Enterprise,Low,True,21.0
JOB_40D82E41,Uttar Pradesh,Sitapur,Agriculture & Dairy,Dairy Farmer & Animal Husbandry Assistant,AGR/Q4101,Fixed Monthly,Medium,True,10.7
JOB_9AB15395,Uttar Pradesh,Sitapur,Handicrafts & Leather,Leather Goods Maker / Footwear Repairer,LSS/Q2501,Self-Employment / Enterprise,Medium,True,11.0
JOB_66817A54,Uttar Pradesh,Sitapur,Construction,Assistant Mason,CON/Q0101,Daily Wage,Medium,False,24.1
JOB_E47C9ECB,Uttar Pradesh,Sitapur,Artisan & Carpentry,Assistant Carpenter,CON/Q0102,Self-Employment / Enterprise,Medium,False,16.9
JOB_B6CDB896,Uttar Pradesh,Sitapur,Garments & Tailoring,Industrial Sewing Machine Operator,AMH/Q0301,Fixed Monthly,Low,False,18.2
JOB_F57017E6,Uttar Pradesh,Sitapur,Plumbing & Water Works,Plumber General,PSC/Q0104,Self-Employment / Enterprise,High,True,13.1
JOB_AECCF43F,Uttar Pradesh,Sitapur,Garments & Tailoring,Industrial Sewing Machine Operator,AMH/Q0301,Daily Wage,Low,False,19.7
JOB_38CACD58,Uttar Pradesh,Sitapur,Garments & Tailoring,Industrial Sewing Machine Operator,AMH/Q0301,Fixed Monthly,High,False,10.2
JOB_73DB962A,Uttar Pradesh,Sitapur,Plumbing & Water Works,Plumber General,PSC/Q0104,Daily Wage,High,False,21.4
JOB_84F9F73C,Uttar Pradesh,Sitapur,Construction,Assistant Mason,CON/Q0101,Daily Wage,Medium,False,17.9
JOB_15D9B6EE,Uttar Pradesh,Sitapur,Artisan & Carpentry,Assistant Carpenter,CON/Q0102,Daily Wage,Low,False,12.8
JOB_AAF9E67C,Uttar Pradesh,Sitapur,Garments & Tailoring,Industrial Sewing Machine Operator,AMH/Q0301,Self-Employment / Enterprise,Medium,False,14.4
JOB_B9408858,Uttar Pradesh,Sitapur,Artisan & Carpentry,Assistant Carpenter,CON/Q0102,Self-Employment / Enterprise,High,True,11.8
JOB_4FF238E8,Uttar Pradesh,Sitapur,Construction,Assistant Mason,CON/Q0101,Self-Employment / Enterprise,Medium,False,9.8
JOB_63B529AE,Uttar Pradesh,Sitapur,Electrical & Solar,Wireman Helper,ELE/Q6001,Self-Employment / Enterprise,Medium,True,19.6
JOB_8C0C8C52,Uttar Pradesh,Sitapur,Construction,Assistant Mason,CON/Q0101,Self-Employment / Enterprise,Medium,True,20.1
JOB_E7B9BDB8,Uttar Pradesh,Sitapur,Electrical & Solar,Wireman Helper,ELE/Q6001,Fixed Monthly,Medium,True,24.0
JOB_D8768750,Uttar Pradesh,Sitapur,Handicrafts & Leather,Leather Goods Maker / Footwear Repairer,LSS/Q2501,Fixed Monthly,Medium,False,11.7
JOB_95CE2C6D,Uttar Pradesh,Sitapur,Electrical & Solar,Wireman Helper,ELE/Q6001,Daily Wage,High,False,13.1
JOB_451F7B0B,Uttar Pradesh,Sitapur,Electrical & Solar,Wireman Helper,ELE/Q6001,Fixed Monthly,Medium,True,12.9
JOB_052DFA56,Uttar Pradesh,Sitapur,Garments & Tailoring,Industrial Sewing Machine Operator,AMH/Q0301,Self-Employment / Enterprise,Medium,False,24.7
JOB_9F54DF79,Uttar Pradesh,Sitapur,Garments & Tailoring,Industrial Sewing Machine Operator,AMH/Q0301,Fixed Monthly,Low,False,24.4
JOB_03BB4EE2,Uttar Pradesh,Sitapur,Handicrafts & Leather,Leather Goods Maker / Footwear Repairer,LSS/Q2501,Self-Employment / Enterprise,Medium,False,11.0
JOB_A69B1426,Uttar Pradesh,Sitapur,Agriculture & Dairy,Dairy Farmer & Animal Husbandry Assistant,AGR/Q4101,Daily Wage,High,True,24.5
JOB_ABC0EAD6,Uttar Pradesh,Sitapur,Garments & Tailoring,Industrial Sewing Machine Operator,AMH/Q0301,Fixed Monthly,High,False,12.3
JOB_562724AE,Uttar Pradesh,Sitapur,Plumbing & Water Works,Plumber General,PSC/Q0104,Fixed Monthly,Low,False,14.9
JOB_382EE174,Uttar Pradesh,Sitapur,Construction,Assistant Mason,CON/Q0101,Daily Wage,Medium,True,21.7
JOB_E6389AD0,Uttar Pradesh,Sitapur,Handicrafts & Leather,Leather Goods Maker / Footwear Repairer,LSS/Q2501,Fixed Monthly,Medium,False,10.3
JOB_F286F770,Uttar Pradesh,Sitapur,Electrical & Solar,Wireman Helper,ELE/Q6001,Self-Employment / Enterprise,Low,False,9.8
JOB_FAB58C06,Uttar Pradesh,Sitapur,Artisan & Carpentry,Assistant Carpenter,CON/Q0102,Daily Wage,High,False,19.0
JOB_7B76533D,Uttar Pradesh,Sitapur,Artisan & Carpentry,Assistant Carpenter,CON/Q0102,Self-Employment / Enterprise,High,False,21.4
JOB_6579C41B,Uttar Pradesh,Sitapur,Garments & Tailoring,Industrial Sewing Machine Operator,AMH/Q0301,Daily Wage,Medium,False,9.2
JOB_361379B1,Uttar Pradesh,Sitapur,Artisan & Carpentry,Assistant Carpenter,CON/Q0102,Daily Wage,High,True,11.6
JOB_A7C97D3B,Uttar Pradesh,Sitapur,Plumbing & Water Works,Plumber General,PSC/Q0104,Daily Wage,Low,False,11.3
JOB_5893EEFB,Uttar Pradesh,Sitapur,Electrical & Solar,Wireman Helper,ELE/Q6001,Daily Wage,Low,False,15.2
JOB_A7F9D55B,Uttar Pradesh,Sitapur,Garments & Tailoring,Industrial Sewing Machine Operator,AMH/Q0301,Daily Wage,High,True,12.9
JOB_991D7B26,Uttar Pradesh,Sitapur,Electrical & Solar,Wireman Helper,ELE/Q6001,Daily Wage,Medium,False,17.4
JOB_8008DF81,Uttar Pradesh,Sitapur,Garments & Tailoring,Industrial Sewing Machine Operator,AMH/Q0301,Daily Wage,Medium,True,8.4
JOB_6E240A9F,Uttar Pradesh,Sitapur,Garments & Tailoring,Industrial Sewing Machine Operator,AMH/Q0301,Fixed Monthly,Medium,True,17.0
JOB_9A9F8682,Uttar Pradesh,Sitapur,Agriculture & Dairy,Dairy Farmer & Animal Husbandry Assistant,AGR/Q4101,Fixed Monthly,High,True,10.2
JOB_F8FCC894,Uttar Pradesh,Sitapur,Handicrafts & Leather,Leather Goods Maker / Footwear Repairer,LSS/Q2501,Daily Wage,Medium,False,21.2
JOB_0638CCDB,Uttar Pradesh,Sitapur,Handicrafts & Leather,Leather Goods Maker / Footwear Repairer,LSS/Q2501,Daily Wage,Medium,False,17.7
JOB_BD50413B,Uttar Pradesh,Sitapur,Construction,Assistant Mason,CON/Q0101,Fixed Monthly,Medium,True,15.3
JOB_FB0CEF27,Uttar Pradesh,Sitapur,Plumbing & Water Works,Plumber General,PSC/Q0104,Daily Wage,Medium,True,22.8
JOB_2E4869A2,Uttar Pradesh,Sitapur,Artisan & Carpentry,Assistant Carpenter,CON/Q0102,Fixed Monthly,Medium,False,13.7
JOB_B00FBFFE,Uttar Pradesh,Sitapur,Garments & Tailoring,Industrial Sewing Machine Operator,AMH/Q0301,Fixed Monthly,Low,True,8.7
JOB_20F0CF6F,Uttar Pradesh,Sitapur,Garments & Tailoring,Industrial Sewing Machine Operator,AMH/Q0301,Daily Wage,Medium,False,15.7
JOB_112FA7B4,Uttar Pradesh,Sitapur,Plumbing & Water Works,Plumber General,PSC/Q0104,Fixed Monthly,High,False,15.0
JOB_AF5FE12C,Uttar Pradesh,Sitapur,Agriculture & Dairy,Dairy Farmer & Animal Husbandry Assistant,AGR/Q4101,Self-Employment / Enterprise,High,True,17.4
JOB_44A4D109,Uttar Pradesh,Sitapur,Electrical & Solar,Wireman Helper,ELE/Q6001,Self-Employment / Enterprise,Low,True,11.9
JOB_F6F95C79,Uttar Pradesh,Sitapur,Construction,Assistant Mason,CON/Q0101,Daily Wage,High,True,15.3
JOB_DC4EA362,Uttar Pradesh,Sitapur,Plumbing & Water Works,Plumber General,PSC/Q0104,Self-Employment / Enterprise,High,False,14.4
JOB_0CD15402,Uttar Pradesh,Sitapur,Handicrafts & Leather,Leather Goods Maker / Footwear Repairer,LSS/Q2501,Daily Wage,Medium,True,21.3
JOB_6ED48D3F,Uttar Pradesh,Sitapur,Agriculture & Dairy,Dairy Farmer & Animal Husbandry Assistant,AGR/Q4101,Fixed Monthly,Medium,True,18.7
JOB_360EB6A2,Uttar Pradesh,Sitapur,Artisan & Carpentry,Assistant Carpenter,CON/Q0102,Self-Employment / Enterprise,Low,False,11.7
JOB_45141262,Uttar Pradesh,Sitapur,Garments & Tailoring,Industrial Sewing Machine Operator,AMH/Q0301,Fixed Monthly,Low,False,15.9
JOB_4AD3E535,Uttar Pradesh,Sitapur,Handicrafts & Leather,Leather Goods Maker / Footwear Repairer,LSS/Q2501,Self-Employment / Enterprise,High,True,24.0
JOB_8815A4D9,Uttar Pradesh,Sitapur,Construction,Assistant Mason,CON/Q0101,Daily Wage,High,False,8.6
JOB_2DF3AC4E,Uttar Pradesh,Sitapur,Artisan & Carpentry,Assistant Carpenter,CON/Q0102,Daily Wage,Medium,True,18.5
JOB_87672FB9,Uttar Pradesh,Sitapur,Garments & Tailoring,Industrial Sewing Machine Operator,AMH/Q0301,Self-Employment / Enterprise,Low,False,20.5
JOB_DCB501C4,Uttar Pradesh,Sitapur,Garments & Tailoring,Industrial Sewing Machine Operator,AMH/Q0301,Daily Wage,High,True,22.2
JOB_32777AF0,Uttar Pradesh,Sitapur,Garments & Tailoring,Industrial Sewing Machine Operator,AMH/Q0301,Fixed Monthly,Low,True,19.1
JOB_A414B979,Uttar Pradesh,Sitapur,Construction,Assistant Mason,CON/Q0101,Fixed Monthly,High,True,8.7
JOB_81495B8F,Uttar Pradesh,Sitapur,Garments & Tailoring,Industrial Sewing Machine Operator,AMH/Q0301,Daily Wage,Medium,False,17.1
JOB_074A10BB,Uttar Pradesh,Sitapur,Construction,Assistant Mason,CON/Q0101,Self-Employment / Enterprise,Low,True,24.9
JOB_A9AF0D81,Uttar Pradesh,Sitapur,Handicrafts & Leather,Leather Goods Maker / Footwear Repairer,LSS/Q2501,Daily Wage,Medium,True,11.3
JOB_A6B6B725,Uttar Pradesh,Sitapur,Agriculture & Dairy,Dairy Farmer & Animal Husbandry Assistant,AGR/Q4101,Fixed Monthly,Low,True,11.5
JOB_ABB9F607,Uttar Pradesh,Sitapur,Agriculture & Dairy,Dairy Farmer & Animal Husbandry Assistant,AGR/Q4101,Daily Wage,High,True,24.4
JOB_460FDEC5,Uttar Pradesh,Sitapur,Agriculture & Dairy,Dairy Farmer & Animal Husbandry Assistant,AGR/Q4101,Fixed Monthly,Medium,True,12.3
JOB_17A1B653,Uttar Pradesh,Sitapur,Electrical & Solar,Wireman Helper,ELE/Q6001,Self-Employment / Enterprise,Medium,False,17.6
JOB_B7299562,Uttar Pradesh,Sitapur,Artisan & Carpentry,Assistant Carpenter,CON/Q0102,Daily Wage,Low,False,24.0
JOB_14289621,Uttar Pradesh,Sitapur,Handicrafts & Leather,Leather Goods Maker / Footwear Repairer,LSS/Q2501,Fixed Monthly,High,True,23.0
JOB_62CEB3F4,Uttar Pradesh,Sitapur,Agriculture & Dairy,Dairy Farmer & Animal Husbandry Assistant,AGR/Q4101,Fixed Monthly,Low,True,23.0
JOB_092878A3,Uttar Pradesh,Sitapur,Electrical & Solar,Wireman Helper,ELE/Q6001,Fixed Monthly,Medium,False,17.8
JOB_B4A4AA5B,Uttar Pradesh,Sitapur,Construction,Assistant Mason,CON/Q0101,Self-Employment / Enterprise,Low,False,19.3
JOB_C8DFDD7A,Uttar Pradesh,Sitapur,Garments & Tailoring,Industrial Sewing Machine Operator,AMH/Q0301,Daily Wage,Low,True,20.1
JOB_6B40F094,Uttar Pradesh,Sitapur,Construction,Assistant Mason,CON/Q0101,Self-Employment / Enterprise,Medium,False,23.0
JOB_C659C670,Uttar Pradesh,Sitapur,Construction,Assistant Mason,CON/Q0101,Self-Employment / Enterprise,High,True,22.8
JOB_07238165,Uttar Pradesh,Sitapur,Artisan & Carpentry,Assistant Carpenter,CON/Q0102,Fixed Monthly,High,True,18.5
JOB_92EE8343,Uttar Pradesh,Sitapur,Electrical & Solar,Wireman Helper,ELE/Q6001,Fixed Monthly,Medium,False,10.0
JOB_758E4CC5,Uttar Pradesh,Sitapur,Garments & Tailoring,Industrial Sewing Machine Operator,AMH/Q0301,Fixed Monthly,High,False,15.8
JOB_2019E9A9,Uttar Pradesh,Hardoi,Artisan & Carpentry,Assistant Carpenter,CON/Q0102,Daily Wage,Low,False,15.9
JOB_7A8A1D53,Uttar Pradesh,Hardoi,Electrical & Solar,Wireman Helper,ELE/Q6001,Fixed Monthly,Medium,True,14.0
JOB_46811F25,Uttar Pradesh,Hardoi,Electrical & Solar,Wireman Helper,ELE/Q6001,Self-Employment / Enterprise,Medium,True,12.7
JOB_E241044E,Uttar Pradesh,Hardoi,Garments & Tailoring,Industrial Sewing Machine Operator,AMH/Q0301,Self-Employment / Enterprise,Low,False,13.9
JOB_09337F16,Uttar Pradesh,Hardoi,Electrical & Solar,Wireman Helper,ELE/Q6001,Self-Employment / Enterprise,Medium,False,23.3
JOB_05AA1C31,Uttar Pradesh,Hardoi,Garments & Tailoring,Industrial Sewing Machine Operator,AMH/Q0301,Fixed Monthly,Medium,False,13.0
JOB_9E80CB6C,Uttar Pradesh,Hardoi,Construction,Assistant Mason,CON/Q0101,Daily Wage,Medium,False,11.9
JOB_42BC50F1,Uttar Pradesh,Hardoi,Construction,Assistant Mason,CON/Q0101,Daily Wage,High,False,16.0
JOB_A109B665,Uttar Pradesh,Hardoi,Agriculture & Dairy,Dairy Farmer & Animal Husbandry Assistant,AGR/Q4101,Fixed Monthly,High,True,11.0
JOB_D2B47DC7,Uttar Pradesh,Hardoi,Plumbing & Water Works,Plumber General,PSC/Q0104,Self-Employment / Enterprise,Medium,True,21.8
JOB_9295254E,Uttar Pradesh,Hardoi,Artisan & Carpentry,Assistant Carpenter,CON/Q0102,Fixed Monthly,Low,True,8.4
JOB_B190EA6F,Uttar Pradesh,Hardoi,Electrical & Solar,Wireman Helper,ELE/Q6001,Self-Employment / Enterprise,Low,True,13.8
JOB_28E4BA0F,Uttar Pradesh,Hardoi,Electrical & Solar,Wireman Helper,ELE/Q6001,Fixed Monthly,Medium,False,10.4
JOB_640C7F05,Uttar Pradesh,Hardoi,Electrical & Solar,Wireman Helper,ELE/Q6001,Fixed Monthly,Medium,False,23.6
JOB_80DCBF3A,Uttar Pradesh,Hardoi,Electrical & Solar,Wireman Helper,ELE/Q6001,Daily Wage,Medium,True,23.6
JOB_A1813398,Uttar Pradesh,Hardoi,Plumbing & Water Works,Plumber General,PSC/Q0104,Self-Employment / Enterprise,High,False,24.1
JOB_27BE5599,Uttar Pradesh,Hardoi,Agriculture & Dairy,Dairy Farmer & Animal Husbandry Assistant,AGR/Q4101,Daily Wage,Medium,False,9.7
JOB_729C93E2,Uttar Pradesh,Hardoi,Agriculture & Dairy,Dairy Farmer & Animal Husbandry Assistant,AGR/Q4101,Fixed Monthly,Medium,False,12.1
JOB_C38B43DE,Uttar Pradesh,Hardoi,Handicrafts & Leather,Leather Goods Maker / Footwear Repairer,LSS/Q2501,Fixed Monthly,Low,False,24.4
JOB_8B1FC0A9,Uttar Pradesh,Hardoi,Garments & Tailoring,Industrial Sewing Machine Operator,AMH/Q0301,Self-Employment / Enterprise,Low,True,24.2
JOB_D830C2E3,Uttar Pradesh,Hardoi,Plumbing & Water Works,Plumber General,PSC/Q0104,Daily Wage,Medium,False,25.0
JOB_7A0BC882,Uttar Pradesh,Hardoi,Electrical & Solar,Wireman Helper,ELE/Q6001,Fixed Monthly,High,False,14.3
JOB_8D3D9452,Uttar Pradesh,Hardoi,Construction,Assistant Mason,CON/Q0101,Self-Employment / Enterprise,Low,False,13.9
JOB_989084D2,Uttar Pradesh,Hardoi,Garments & Tailoring,Industrial Sewing Machine Operator,AMH/Q0301,Fixed Monthly,Medium,False,11.1
JOB_F5746EDB,Uttar Pradesh,Hardoi,Plumbing & Water Works,Plumber General,PSC/Q0104,Self-Employment / Enterprise,High,True,12.0
JOB_336FD125,Uttar Pradesh,Hardoi,Plumbing & Water Works,Plumber General,PSC/Q0104,Self-Employment / Enterprise,High,True,21.5
JOB_56957CC0,Uttar Pradesh,Hardoi,Garments & Tailoring,Industrial Sewing Machine Operator,AMH/Q0301,Fixed Monthly,Medium,True,17.9
JOB_E8C0448F,Uttar Pradesh,Hardoi,Construction,Assistant Mason,CON/Q0101,Fixed Monthly,High,False,22.7
JOB_E65E8014,Uttar Pradesh,Hardoi,Electrical & Solar,Wireman Helper,ELE/Q6001,Fixed Monthly,High,True,19.9
JOB_180ED8A2,Uttar Pradesh,Hardoi,Agriculture & Dairy,Dairy Farmer & Animal Husbandry Assistant,AGR/Q4101,Self-Employment / Enterprise,Medium,True,16.0
JOB_38FADD8C,Uttar Pradesh,Hardoi,Garments & Tailoring,Industrial Sewing Machine Operator,AMH/Q0301,Self-Employment / Enterprise,Medium,True,24.0
JOB_14A73AA8,Uttar Pradesh,Hardoi,Plumbing & Water Works,Plumber General,PSC/Q0104,Fixed Monthly,Medium,True,11.1
JOB_87754184,Uttar Pradesh,Hardoi,Construction,Assistant Mason,CON/Q0101,Self-Employment / Enterprise,Medium,True,21.4
JOB_4FE05EB3,Uttar Pradesh,Hardoi,Garments & Tailoring,Industrial Sewing Machine Operator,AMH/Q0301,Self-Employment / Enterprise,Medium,False,22.1
JOB_F88905F8,Uttar Pradesh,Hardoi,Garments & Tailoring,Industrial Sewing Machine Operator,AMH/Q0301,Self-Employment / Enterprise,Medium,True,23.0
JOB_B22BC356,Uttar Pradesh,Hardoi,Construction,Assistant Mason,CON/Q0101,Fixed Monthly,Medium,True,9.6
JOB_581F95F5,Uttar Pradesh,Hardoi,Handicrafts & Leather,Leather Goods Maker / Footwear Repairer,LSS/Q2501,Self-Employment / Enterprise,Medium,True,16.5
JOB_2C2A9742,Uttar Pradesh,Hardoi,Agriculture & Dairy,Dairy Farmer & Animal Husbandry Assistant,AGR/Q4101,Self-Employment / Enterprise,Low,True,21.4
JOB_4C7777D8,Uttar Pradesh,Hardoi,Agriculture & Dairy,Dairy Farmer & Animal Husbandry Assistant,AGR/Q4101,Self-Employment / Enterprise,Low,False,21.0
JOB_7C6E01BD,Uttar Pradesh,Hardoi,Garments & Tailoring,Industrial Sewing Machine Operator,AMH/Q0301,Daily Wage,Medium,False,8.6
JOB_0CEE7181,Uttar Pradesh,Hardoi,Artisan & Carpentry,Assistant Carpenter,CON/Q0102,Self-Employment / Enterprise,Medium,False,12.8
JOB_684D6D1D,Uttar Pradesh,Hardoi,Artisan & Carpentry,Assistant Carpenter,CON/Q0102,Daily Wage,Medium,False,13.5
JOB_FAD98925,Uttar Pradesh,Hardoi,Handicrafts & Leather,Leather Goods Maker / Footwear Repairer,LSS/Q2501,Self-Employment / Enterprise,Medium,True,24.2
JOB_7F249A58,Uttar Pradesh,Hardoi,Handicrafts & Leather,Leather Goods Maker / Footwear Repairer,LSS/Q2501,Self-Employment / Enterprise,Medium,True,8.8
JOB_A6CA62D3,Uttar Pradesh,Hardoi,Artisan & Carpentry,Assistant Carpenter,CON/Q0102,Self-Employment / Enterprise,High,True,21.4
JOB_6FD1CAAC,Uttar Pradesh,Hardoi,Agriculture & Dairy,Dairy Farmer & Animal Husbandry Assistant,AGR/Q4101,Daily Wage,High,False,22.3
JOB_C5C728FC,Uttar Pradesh,Hardoi,Plumbing & Water Works,Plumber General,PSC/Q0104,Self-Employment / Enterprise,Medium,True,11.4
JOB_8C9D0E22,Uttar Pradesh,Hardoi,Construction,Assistant Mason,CON/Q0101,Daily Wage,Low,True,24.1
JOB_7918C306,Uttar Pradesh,Hardoi,Agriculture & Dairy,Dairy Farmer & Animal Husbandry Assistant,AGR/Q4101,Self-Employment / Enterprise,High,True,24.4
JOB_52952B79,Uttar Pradesh,Hardoi,Artisan & Carpentry,Assistant Carpenter,CON/Q0102,Fixed Monthly,Medium,True,22.4
JOB_3D9354E6,Uttar Pradesh,Hardoi,Handicrafts & Leather,Leather Goods Maker / Footwear Repairer,LSS/Q2501,Daily Wage,Low,True,23.2
JOB_9C59A6EA,Uttar Pradesh,Hardoi,Construction,Assistant Mason,CON/Q0101,Self-Employment / Enterprise,High,True,11.6
JOB_9C8E0EB9,Uttar Pradesh,Hardoi,Electrical & Solar,Wireman Helper,ELE/Q6001,Daily Wage,High,False,21.1
JOB_FCD71A30,Uttar Pradesh,Hardoi,Electrical & Solar,Wireman Helper,ELE/Q6001,Daily Wage,Medium,True,13.3
JOB_F97C5E99,Uttar Pradesh,Hardoi,Plumbing & Water Works,Plumber General,PSC/Q0104,Fixed Monthly,Medium,True,20.2
JOB_62A2FA42,Uttar Pradesh,Hardoi,Handicrafts & Leather,Leather Goods Maker / Footwear Repairer,LSS/Q2501,Fixed Monthly,Low,True,15.4
JOB_EBC2A1F4,Uttar Pradesh,Hardoi,Agriculture & Dairy,Dairy Farmer & Animal Husbandry Assistant,AGR/Q4101,Self-Employment / Enterprise,High,False,23.2
JOB_D40DAE94,Uttar Pradesh,Hardoi,Handicrafts & Leather,Leather Goods Maker / Footwear Repairer,LSS/Q2501,Self-Employment / Enterprise,Medium,True,15.1
JOB_8A7531C7,Uttar Pradesh,Hardoi,Handicrafts & Leather,Leather Goods Maker / Footwear Repairer,LSS/Q2501,Daily Wage,Medium,False,23.1
JOB_CD9A258F,Uttar Pradesh,Hardoi,Electrical & Solar,Wireman Helper,ELE/Q6001,Daily Wage,High,False,18.4
JOB_15118862,Uttar Pradesh,Hardoi,Electrical & Solar,Wireman Helper,ELE/Q6001,Self-Employment / Enterprise,Medium,False,13.9
JOB_E67ABD4F,Uttar Pradesh,Hardoi,Electrical & Solar,Wireman Helper,ELE/Q6001,Self-Employment / Enterprise,Low,False,22.6
JOB_B6999728,Uttar Pradesh,Hardoi,Electrical & Solar,Wireman Helper,ELE/Q6001,Fixed Monthly,High,False,18.9
JOB_4A56E17C,Uttar Pradesh,Hardoi,Garments & Tailoring,Industrial Sewing Machine Operator,AMH/Q0301,Fixed Monthly,High,False,25.0
JOB_6C182524,Uttar Pradesh,Hardoi,Agriculture & Dairy,Dairy Farmer & Animal Husbandry Assistant,AGR/Q4101,Daily Wage,Medium,True,14.3
JOB_C6101043,Uttar Pradesh,Hardoi,Plumbing & Water Works,Plumber General,PSC/Q0104,Self-Employment / Enterprise,High,True,22.7
JOB_9657B82C,Uttar Pradesh,Agra,Handicrafts & Leather,Leather Goods Maker / Footwear Repairer,LSS/Q2501,Fixed Monthly,Medium,True,23.1
JOB_5E28B22B,Uttar Pradesh,Agra,Construction,Assistant Mason,CON/Q0101,Fixed Monthly,Medium,False,9.5
JOB_4F899A0F,Uttar Pradesh,Agra,Artisan & Carpentry,Assistant Carpenter,CON/Q0102,Daily Wage,Low,False,9.9
JOB_6F773B61,Uttar Pradesh,Agra,Plumbing & Water Works,Plumber General,PSC/Q0104,Self-Employment / Enterprise,Medium,True,16.0
JOB_EC954B1E,Uttar Pradesh,Agra,Garments & Tailoring,Industrial Sewing Machine Operator,AMH/Q0301,Daily Wage,High,False,22.3
JOB_ECEC69EF,Uttar Pradesh,Agra,Garments & Tailoring,Industrial Sewing Machine Operator,AMH/Q0301,Self-Employment / Enterprise,Medium,False,16.3
JOB_E10578AA,Uttar Pradesh,Agra,Garments & Tailoring,Industrial Sewing Machine Operator,AMH/Q0301,Self-Employment / Enterprise,Low,False,15.1
JOB_7DA4FA15,Uttar Pradesh,Agra,Garments & Tailoring,Industrial Sewing Machine Operator,AMH/Q0301,Daily Wage,Medium,True,11.1
JOB_F9FE981B,Uttar Pradesh,Agra,Agriculture & Dairy,Dairy Farmer & Animal Husbandry Assistant,AGR/Q4101,Daily Wage,Low,True,22.5
JOB_E70486BB,Uttar Pradesh,Agra,Handicrafts & Leather,Leather Goods Maker / Footwear Repairer,LSS/Q2501,Fixed Monthly,Medium,True,23.3
JOB_91CDB134,Uttar Pradesh,Agra,Plumbing & Water Works,Plumber General,PSC/Q0104,Fixed Monthly,Low,True,11.5
JOB_C62D7912,Uttar Pradesh,Agra,Garments & Tailoring,Industrial Sewing Machine Operator,AMH/Q0301,Self-Employment / Enterprise,Medium,True,16.6
JOB_7A852413,Uttar Pradesh,Agra,Agriculture & Dairy,Dairy Farmer & Animal Husbandry Assistant,AGR/Q4101,Daily Wage,Medium,True,19.9
JOB_6D0D91D8,Uttar Pradesh,Agra,Construction,Assistant Mason,CON/Q0101,Fixed Monthly,High,True,19.4
JOB_091E499B,Uttar Pradesh,Agra,Handicrafts & Leather,Leather Goods Maker / Footwear Repairer,LSS/Q2501,Daily Wage,Medium,True,20.5
JOB_3854A3C3,Uttar Pradesh,Agra,Plumbing & Water Works,Plumber General,PSC/Q0104,Daily Wage,Medium,True,13.7
JOB_ED52CDBD,Uttar Pradesh,Agra,Handicrafts & Leather,Leather Goods Maker / Footwear Repairer,LSS/Q2501,Fixed Monthly,Medium,True,9.1
JOB_A1650220,Uttar Pradesh,Agra,Garments & Tailoring,Industrial Sewing Machine Operator,AMH/Q0301,Fixed Monthly,Medium,True,14.1
JOB_8A493D07,Uttar Pradesh,Agra,Agriculture & Dairy,Dairy Farmer & Animal Husbandry Assistant,AGR/Q4101,Daily Wage,Medium,True,18.4
JOB_0A8B6F87,Uttar Pradesh,Agra,Electrical & Solar,Wireman Helper,ELE/Q6001,Self-Employment / Enterprise,Medium,True,17.8
JOB_D77960B4,Uttar Pradesh,Agra,Artisan & Carpentry,Assistant Carpenter,CON/Q0102,Fixed Monthly,High,False,21.5
JOB_B72EADD8,Uttar Pradesh,Agra,Plumbing & Water Works,Plumber General,PSC/Q0104,Daily Wage,Medium,False,18.2
JOB_F81C00F7,Uttar Pradesh,Agra,Agriculture & Dairy,Dairy Farmer & Animal Husbandry Assistant,AGR/Q4101,Fixed Monthly,High,True,11.3
JOB_E2D9B96F,Uttar Pradesh,Agra,Construction,Assistant Mason,CON/Q0101,Self-Employment / Enterprise,Medium,False,19.7
JOB_63674FE8,Uttar Pradesh,Agra,Plumbing & Water Works,Plumber General,PSC/Q0104,Fixed Monthly,Medium,True,18.7
JOB_30F1BB2F,Uttar Pradesh,Agra,Agriculture & Dairy,Dairy Farmer & Animal Husbandry Assistant,AGR/Q4101,Fixed Monthly,Medium,True,18.0
JOB_81A68BBF,Uttar Pradesh,Agra,Handicrafts & Leather,Leather Goods Maker / Footwear Repairer,LSS/Q2501,Fixed Monthly,Low,True,23.1
JOB_99A7AD4B,Uttar Pradesh,Agra,Handicrafts & Leather,Leather Goods Maker / Footwear Repairer,LSS/Q2501,Fixed Monthly,High,True,17.2
JOB_9685DC1D,Uttar Pradesh,Agra,Plumbing & Water Works,Plumber General,PSC/Q0104,Fixed Monthly,Low,False,9.6
JOB_EE442251,Uttar Pradesh,Agra,Agriculture & Dairy,Dairy Farmer & Animal Husbandry Assistant,AGR/Q4101,Daily Wage,High,False,19.4
JOB_116284B2,Uttar Pradesh,Agra,Agriculture & Dairy,Dairy Farmer & Animal Husbandry Assistant,AGR/Q4101,Daily Wage,Medium,False,12.9
JOB_73152D53,Uttar Pradesh,Agra,Artisan & Carpentry,Assistant Carpenter,CON/Q0102,Self-Employment / Enterprise,Medium,True,9.9
JOB_F95F466D,Uttar Pradesh,Agra,Artisan & Carpentry,Assistant Carpenter,CON/Q0102,Self-Employment / Enterprise,High,True,22.0
JOB_40789497,Uttar Pradesh,Agra,Plumbing & Water Works,Plumber General,PSC/Q0104,Self-Employment / Enterprise,Medium,True,15.8
JOB_0F152F6B,Uttar Pradesh,Agra,Artisan & Carpentry,Assistant Carpenter,CON/Q0102,Fixed Monthly,High,True,14.4
JOB_C635749A,Uttar Pradesh,Agra,Handicrafts & Leather,Leather Goods Maker / Footwear Repairer,LSS/Q2501,Fixed Monthly,Low,False,22.3
JOB_87136628,Uttar Pradesh,Agra,Garments & Tailoring,Industrial Sewing Machine Operator,AMH/Q0301,Fixed Monthly,Medium,False,13.1
JOB_66214571,Uttar Pradesh,Agra,Construction,Assistant Mason,CON/Q0101,Fixed Monthly,High,True,13.9
JOB_1DBDEC65,Uttar Pradesh,Agra,Electrical & Solar,Wireman Helper,ELE/Q6001,Daily Wage,High,True,20.3
JOB_08E79E3B,Uttar Pradesh,Agra,Construction,Assistant Mason,CON/Q0101,Daily Wage,Medium,True,13.1
JOB_BF524A13,Uttar Pradesh,Agra,Plumbing & Water Works,Plumber General,PSC/Q0104,Self-Employment / Enterprise,High,True,11.7
JOB_26DC07C5,Uttar Pradesh,Agra,Plumbing & Water Works,Plumber General,PSC/Q0104,Daily Wage,Low,False,15.1
JOB_101A741C,Uttar Pradesh,Agra,Handicrafts & Leather,Leather Goods Maker / Footwear Repairer,LSS/Q2501,Self-Employment / Enterprise,Medium,True,10.2
JOB_8DE5A0FB,Uttar Pradesh,Agra,Artisan & Carpentry,Assistant Carpenter,CON/Q0102,Daily Wage,Low,True,12.0
JOB_8DC01E48,Uttar Pradesh,Agra,Construction,Assistant Mason,CON/Q0101,Self-Employment / Enterprise,Low,True,11.9
JOB_2CAE2543,Uttar Pradesh,Agra,Construction,Assistant Mason,CON/Q0101,Fixed Monthly,High,False,18.9
JOB_C5138678,Uttar Pradesh,Agra,Agriculture & Dairy,Dairy Farmer & Animal Husbandry Assistant,AGR/Q4101,Daily Wage,High,False,15.2
JOB_CD22CBCB,Uttar Pradesh,Agra,Plumbing & Water Works,Plumber General,PSC/Q0104,Self-Employment / Enterprise,High,False,19.4
JOB_702F89A5,Uttar Pradesh,Agra,Handicrafts & Leather,Leather Goods Maker / Footwear Repairer,LSS/Q2501,Daily Wage,Low,False,13.9
JOB_190A6B3D,Uttar Pradesh,Agra,Artisan & Carpentry,Assistant Carpenter,CON/Q0102,Self-Employment / Enterprise,Medium,True,24.5
JOB_AE30B44C,Uttar Pradesh,Agra,Garments & Tailoring,Industrial Sewing Machine Operator,AMH/Q0301,Daily Wage,Medium,False,8.6
JOB_9B8DA221,Uttar Pradesh,Agra,Artisan & Carpentry,Assistant Carpenter,CON/Q0102,Fixed Monthly,High,True,9.7
JOB_547D750C,Uttar Pradesh,Agra,Garments & Tailoring,Industrial Sewing Machine Operator,AMH/Q0301,Daily Wage,Medium,True,13.7
JOB_2F08A015,Uttar Pradesh,Agra,Electrical & Solar,Wireman Helper,ELE/Q6001,Daily Wage,Medium,False,13.3
JOB_A85B699D,Uttar Pradesh,Agra,Plumbing & Water Works,Plumber General,PSC/Q0104,Daily Wage,Medium,False,14.4
JOB_992C2195,Uttar Pradesh,Agra,Artisan & Carpentry,Assistant Carpenter,CON/Q0102,Self-Employment / Enterprise,High,False,9.7
JOB_38B69FD9,Uttar Pradesh,Agra,Electrical & Solar,Wireman Helper,ELE/Q6001,Fixed Monthly,Medium,False,12.7
JOB_934C45EA,Uttar Pradesh,Agra,Artisan & Carpentry,Assistant Carpenter,CON/Q0102,Daily Wage,Medium,True,24.0
JOB_877CFFD0,Uttar Pradesh,Agra,Agriculture & Dairy,Dairy Farmer & Animal Husbandry Assistant,AGR/Q4101,Fixed Monthly,Medium,False,10.5
JOB_87A98908,Uttar Pradesh,Agra,Construction,Assistant Mason,CON/Q0101,Daily Wage,Medium,True,18.6
JOB_BB69DC20,Uttar Pradesh,Agra,Plumbing & Water Works,Plumber General,PSC/Q0104,Fixed Monthly,Medium,True,22.3
JOB_9157E9F2,Uttar Pradesh,Agra,Artisan & Carpentry,Assistant Carpenter,CON/Q0102,Daily Wage,Low,True,14.3
JOB_9A057840,Uttar Pradesh,Agra,Garments & Tailoring,Industrial Sewing Machine Operator,AMH/Q0301,Fixed Monthly,Low,False,10.1
JOB_5AF8F722,Uttar Pradesh,Agra,Handicrafts & Leather,Leather Goods Maker / Footwear Repairer,LSS/Q2501,Self-Employment / Enterprise,High,False,16.4
JOB_0E444F3C,Uttar Pradesh,Agra,Handicrafts & Leather,Leather Goods Maker / Footwear Repairer,LSS/Q2501,Self-Employment / Enterprise,Medium,True,9.2
JOB_8D2A926B,Uttar Pradesh,Agra,Handicrafts & Leather,Leather Goods Maker / Footwear Repairer,LSS/Q2501,Fixed Monthly,Medium,True,19.0
JOB_D00C9FE6,Uttar Pradesh,Agra,Handicrafts & Leather,Leather Goods Maker / Footwear Repairer,LSS/Q2501,Daily Wage,Medium,False,17.3
JOB_FDF3AC21,Uttar Pradesh,Azamgarh,Electrical & Solar,Wireman Helper,ELE/Q6001,Daily Wage,Medium,True,15.5
JOB_DD353543,Uttar Pradesh,Azamgarh,Garments & Tailoring,Industrial Sewing Machine Operator,AMH/Q0301,Self-Employment / Enterprise,Medium,True,18.0
JOB_2BF0EBBA,Uttar Pradesh,Azamgarh,Agriculture & Dairy,Dairy Farmer & Animal Husbandry Assistant,AGR/Q4101,Fixed Monthly,Medium,False,12.6
JOB_81151B8F,Uttar Pradesh,Azamgarh,Electrical & Solar,Wireman Helper,ELE/Q6001,Self-Employment / Enterprise,High,True,15.2
JOB_1487247B,Uttar Pradesh,Azamgarh,Construction,Assistant Mason,CON/Q0101,Daily Wage,Medium,False,13.7
JOB_B6A03B17,Uttar Pradesh,Azamgarh,Construction,Assistant Mason,CON/Q0101,Self-Employment / Enterprise,High,False,10.9
JOB_F4F22423,Uttar Pradesh,Azamgarh,Plumbing & Water Works,Plumber General,PSC/Q0104,Fixed Monthly,Medium,True,13.5
JOB_5A8CAC38,Uttar Pradesh,Azamgarh,Garments & Tailoring,Industrial Sewing Machine Operator,AMH/Q0301,Self-Employment / Enterprise,Medium,False,11.2
JOB_5110C802,Uttar Pradesh,Azamgarh,Electrical & Solar,Wireman Helper,ELE/Q6001,Fixed Monthly,High,False,22.7
JOB_4556187F,Uttar Pradesh,Azamgarh,Agriculture & Dairy,Dairy Farmer & Animal Husbandry Assistant,AGR/Q4101,Self-Employment / Enterprise,High,False,21.6
JOB_F8BFD299,Uttar Pradesh,Azamgarh,Construction,Assistant Mason,CON/Q0101,Daily Wage,Low,False,23.3
JOB_2B642D06,Uttar Pradesh,Azamgarh,Garments & Tailoring,Industrial Sewing Machine Operator,AMH/Q0301,Daily Wage,High,True,15.9
JOB_C3C13522,Uttar Pradesh,Azamgarh,Handicrafts & Leather,Leather Goods Maker / Footwear Repairer,LSS/Q2501,Fixed Monthly,Low,True,23.9
JOB_C8BF298B,Uttar Pradesh,Azamgarh,Plumbing & Water Works,Plumber General,PSC/Q0104,Fixed Monthly,High,False,18.3
JOB_81632905,Uttar Pradesh,Azamgarh,Electrical & Solar,Wireman Helper,ELE/Q6001,Daily Wage,High,True,17.1
JOB_0EA379C6,Uttar Pradesh,Azamgarh,Electrical & Solar,Wireman Helper,ELE/Q6001,Daily Wage,Low,False,22.2
JOB_6714CF93,Uttar Pradesh,Azamgarh,Garments & Tailoring,Industrial Sewing Machine Operator,AMH/Q0301,Fixed Monthly,High,True,10.9
JOB_959A34E9,Uttar Pradesh,Azamgarh,Handicrafts & Leather,Leather Goods Maker / Footwear Repairer,LSS/Q2501,Self-Employment / Enterprise,Medium,False,15.6
JOB_792B3E41,Uttar Pradesh,Azamgarh,Electrical & Solar,Wireman Helper,ELE/Q6001,Daily Wage,Medium,False,16.5
JOB_75DEBA73,Uttar Pradesh,Azamgarh,Garments & Tailoring,Industrial Sewing Machine Operator,AMH/Q0301,Daily Wage,High,True,15.2
JOB_2E6168BE,Uttar Pradesh,Azamgarh,Construction,Assistant Mason,CON/Q0101,Daily Wage,Low,True,14.2
JOB_EC2930FE,Uttar Pradesh,Azamgarh,Artisan & Carpentry,Assistant Carpenter,CON/Q0102,Daily Wage,Medium,False,8.5
JOB_A668C515,Uttar Pradesh,Azamgarh,Construction,Assistant Mason,CON/Q0101,Daily Wage,High,False,18.6
JOB_64A2D700,Uttar Pradesh,Azamgarh,Handicrafts & Leather,Leather Goods Maker / Footwear Repairer,LSS/Q2501,Fixed Monthly,High,False,14.0
JOB_86F40172,Uttar Pradesh,Azamgarh,Plumbing & Water Works,Plumber General,PSC/Q0104,Fixed Monthly,High,True,11.7
JOB_5A33A568,Uttar Pradesh,Azamgarh,Artisan & Carpentry,Assistant Carpenter,CON/Q0102,Fixed Monthly,High,True,11.9
JOB_2B975769,Uttar Pradesh,Azamgarh,Construction,Assistant Mason,CON/Q0101,Fixed Monthly,Medium,False,17.3
JOB_94C5CF48,Uttar Pradesh,Azamgarh,Construction,Assistant Mason,CON/Q0101,Self-Employment / Enterprise,Medium,False,13.4
JOB_86101EE6,Uttar Pradesh,Azamgarh,Electrical & Solar,Wireman Helper,ELE/Q6001,Self-Employment / Enterprise,Medium,False,9.8
JOB_0D02DB01,Uttar Pradesh,Azamgarh,Artisan & Carpentry,Assistant Carpenter,CON/Q0102,Daily Wage,Medium,False,17.9
JOB_AC4AF7A0,Uttar Pradesh,Azamgarh,Agriculture & Dairy,Dairy Farmer & Animal Husbandry Assistant,AGR/Q4101,Fixed Monthly,High,True,17.7
JOB_E1EC3991,Uttar Pradesh,Azamgarh,Construction,Assistant Mason,CON/Q0101,Self-Employment / Enterprise,Medium,True,12.3
JOB_AB7D08EA,Uttar Pradesh,Azamgarh,Handicrafts & Leather,Leather Goods Maker / Footwear Repairer,LSS/Q2501,Fixed Monthly,Medium,True,13.3
JOB_303D23F4,Uttar Pradesh,Azamgarh,Handicrafts & Leather,Leather Goods Maker / Footwear Repairer,LSS/Q2501,Self-Employment / Enterprise,High,False,21.4
JOB_75C1190B,Uttar Pradesh,Azamgarh,Handicrafts & Leather,Leather Goods Maker / Footwear Repairer,LSS/Q2501,Self-Employment / Enterprise,Medium,False,18.6
JOB_17702CDA,Uttar Pradesh,Azamgarh,Construction,Assistant Mason,CON/Q0101,Self-Employment / Enterprise,Medium,False,19.9
JOB_AC695E33,Uttar Pradesh,Azamgarh,Electrical & Solar,Wireman Helper,ELE/Q6001,Self-Employment / Enterprise,High,True,18.0
JOB_C53027EE,Uttar Pradesh,Azamgarh,Garments & Tailoring,Industrial Sewing Machine Operator,AMH/Q0301,Fixed Monthly,High,True,10.6
JOB_7C3844E8,Uttar Pradesh,Azamgarh,Garments & Tailoring,Industrial Sewing Machine Operator,AMH/Q0301,Self-Employment / Enterprise,High,True,19.1
JOB_239194AC,Uttar Pradesh,Azamgarh,Garments & Tailoring,Industrial Sewing Machine Operator,AMH/Q0301,Daily Wage,Medium,True,19.6
JOB_FF8A6618,Uttar Pradesh,Azamgarh,Electrical & Solar,Wireman Helper,ELE/Q6001,Self-Employment / Enterprise,Low,False,20.5
JOB_A58B0282,Uttar Pradesh,Azamgarh,Plumbing & Water Works,Plumber General,PSC/Q0104,Daily Wage,Low,True,16.7
JOB_F87000EE,Uttar Pradesh,Azamgarh,Garments & Tailoring,Industrial Sewing Machine Operator,AMH/Q0301,Daily Wage,Low,False,22.9
JOB_80C7BD47,Uttar Pradesh,Azamgarh,Handicrafts & Leather,Leather Goods Maker / Footwear Repairer,LSS/Q2501,Self-Employment / Enterprise,High,True,17.1
JOB_C6401D5F,Uttar Pradesh,Azamgarh,Handicrafts & Leather,Leather Goods Maker / Footwear Repairer,LSS/Q2501,Self-Employment / Enterprise,Medium,False,15.2
JOB_5980E7FB,Uttar Pradesh,Azamgarh,Construction,Assistant Mason,CON/Q0101,Self-Employment / Enterprise,Low,True,14.9
JOB_483E26AA,Uttar Pradesh,Azamgarh,Plumbing & Water Works,Plumber General,PSC/Q0104,Fixed Monthly,High,True,19.4
JOB_0E97CFFA,Uttar Pradesh,Azamgarh,Electrical & Solar,Wireman Helper,ELE/Q6001,Daily Wage,Low,True,13.6
JOB_74B2026E,Uttar Pradesh,Azamgarh,Construction,Assistant Mason,CON/Q0101,Self-Employment / Enterprise,Medium,False,16.3
JOB_53FE3EDF,Uttar Pradesh,Azamgarh,Construction,Assistant Mason,CON/Q0101,Daily Wage,High,True,24.9
JOB_B91F60D0,Uttar Pradesh,Azamgarh,Artisan & Carpentry,Assistant Carpenter,CON/Q0102,Self-Employment / Enterprise,Low,True,11.6
JOB_48A17885,Uttar Pradesh,Azamgarh,Electrical & Solar,Wireman Helper,ELE/Q6001,Fixed Monthly,High,True,13.8
JOB_FD6DE259,Uttar Pradesh,Azamgarh,Garments & Tailoring,Industrial Sewing Machine Operator,AMH/Q0301,Daily Wage,Medium,False,15.2
JOB_4D34FFCD,Uttar Pradesh,Azamgarh,Agriculture & Dairy,Dairy Farmer & Animal Husbandry Assistant,AGR/Q4101,Self-Employment / Enterprise,Medium,True,23.1
JOB_53D057BB,Uttar Pradesh,Azamgarh,Agriculture & Dairy,Dairy Farmer & Animal Husbandry Assistant,AGR/Q4101,Self-Employment / Enterprise,Medium,False,11.0
JOB_31B1C27E,Uttar Pradesh,Azamgarh,Artisan & Carpentry,Assistant Carpenter,CON/Q0102,Daily Wage,High,False,10.7
JOB_F33F8792,Uttar Pradesh,Azamgarh,Handicrafts & Leather,Leather Goods Maker / Footwear Repairer,LSS/Q2501,Fixed Monthly,Medium,False,9.2
JOB_FC24D789,Uttar Pradesh,Azamgarh,Plumbing & Water Works,Plumber General,PSC/Q0104,Fixed Monthly,Medium,False,12.3
JOB_9ADA5209,Uttar Pradesh,Azamgarh,Plumbing & Water Works,Plumber General,PSC/Q0104,Daily Wage,Low,False,15.0
JOB_EA54416E,Uttar Pradesh,Azamgarh,Garments & Tailoring,Industrial Sewing Machine Operator,AMH/Q0301,Daily Wage,Medium,False,9.5
JOB_4112B85F,Uttar Pradesh,Azamgarh,Agriculture & Dairy,Dairy Farmer & Animal Husbandry Assistant,AGR/Q4101,Self-Employment / Enterprise,Medium,False,14.5
JOB_7401B7F9,Uttar Pradesh,Azamgarh,Artisan & Carpentry,Assistant Carpenter,CON/Q0102,Daily Wage,High,True,23.5
JOB_7F5113F5,Uttar Pradesh,Azamgarh,Plumbing & Water Works,Plumber General,PSC/Q0104,Daily Wage,Medium,True,16.7
JOB_E1CA0D11,Uttar Pradesh,Azamgarh,Plumbing & Water Works,Plumber General,PSC/Q0104,Fixed Monthly,Medium,False,14.2
JOB_067775D0,Uttar Pradesh,Azamgarh,Plumbing & Water Works,Plumber General,PSC/Q0104,Fixed Monthly,High,True,10.9
JOB_FC1A2F8B,Uttar Pradesh,Azamgarh,Garments & Tailoring,Industrial Sewing Machine Operator,AMH/Q0301,Fixed Monthly,Medium,False,20.3
JOB_F9FACA80,Uttar Pradesh,Azamgarh,Agriculture & Dairy,Dairy Farmer & Animal Husbandry Assistant,AGR/Q4101,Self-Employment / Enterprise,Medium,True,15.1
JOB_03A67F15,Uttar Pradesh,Azamgarh,Artisan & Carpentry,Assistant Carpenter,CON/Q0102,Fixed Monthly,Medium,True,21.4
JOB_E155F8E6,Uttar Pradesh,Azamgarh,Agriculture & Dairy,Dairy Farmer & Animal Husbandry Assistant,AGR/Q4101,Self-Employment / Enterprise,Medium,False,13.9
JOB_7093E524,Uttar Pradesh,Azamgarh,Artisan & Carpentry,Assistant Carpenter,CON/Q0102,Fixed Monthly,Medium,True,18.5
JOB_83C2C931,Uttar Pradesh,Azamgarh,Handicrafts & Leather,Leather Goods Maker / Footwear Repairer,LSS/Q2501,Self-Employment / Enterprise,Medium,True,19.8
JOB_752A9AEA,Uttar Pradesh,Azamgarh,Handicrafts & Leather,Leather Goods Maker / Footwear Repairer,LSS/Q2501,Daily Wage,High,False,21.2
JOB_72E0FA2D,Uttar Pradesh,Azamgarh,Garments & Tailoring,Industrial Sewing Machine Operator,AMH/Q0301,Fixed Monthly,Medium,True,18.2
JOB_E3B29A62,Uttar Pradesh,Kaushambi,Artisan & Carpentry,Assistant Carpenter,CON/Q0102,Fixed Monthly,Low,False,14.9
JOB_565EFB4C,Uttar Pradesh,Kaushambi,Plumbing & Water Works,Plumber General,PSC/Q0104,Fixed Monthly,Medium,False,13.6
JOB_99737BDD,Uttar Pradesh,Kaushambi,Electrical & Solar,Wireman Helper,ELE/Q6001,Self-Employment / Enterprise,High,True,20.4
JOB_4C8EADE4,Uttar Pradesh,Kaushambi,Electrical & Solar,Wireman Helper,ELE/Q6001,Fixed Monthly,Low,False,12.5
JOB_983A3D7C,Uttar Pradesh,Kaushambi,Garments & Tailoring,Industrial Sewing Machine Operator,AMH/Q0301,Fixed Monthly,Medium,False,12.3
JOB_9BA17345,Uttar Pradesh,Kaushambi,Agriculture & Dairy,Dairy Farmer & Animal Husbandry Assistant,AGR/Q4101,Self-Employment / Enterprise,Medium,False,11.4
JOB_0EA98504,Uttar Pradesh,Kaushambi,Agriculture & Dairy,Dairy Farmer & Animal Husbandry Assistant,AGR/Q4101,Fixed Monthly,High,True,15.8
JOB_EAF415C8,Uttar Pradesh,Kaushambi,Construction,Assistant Mason,CON/Q0101,Fixed Monthly,High,True,17.6
JOB_9414061C,Uttar Pradesh,Kaushambi,Artisan & Carpentry,Assistant Carpenter,CON/Q0102,Daily Wage,Low,True,9.5
JOB_3CE9CC54,Uttar Pradesh,Kaushambi,Electrical & Solar,Wireman Helper,ELE/Q6001,Self-Employment / Enterprise,Medium,False,24.3
JOB_2C7CB856,Uttar Pradesh,Kaushambi,Agriculture & Dairy,Dairy Farmer & Animal Husbandry Assistant,AGR/Q4101,Self-Employment / Enterprise,High,True,9.7
JOB_34D4646A,Uttar Pradesh,Kaushambi,Garments & Tailoring,Industrial Sewing Machine Operator,AMH/Q0301,Daily Wage,Medium,True,22.0
JOB_7E3E065C,Uttar Pradesh,Kaushambi,Plumbing & Water Works,Plumber General,PSC/Q0104,Fixed Monthly,Medium,True,17.8
JOB_D1EB2324,Uttar Pradesh,Kaushambi,Construction,Assistant Mason,CON/Q0101,Fixed Monthly,Medium,True,23.5
JOB_05E46805,Uttar Pradesh,Kaushambi,Electrical & Solar,Wireman Helper,ELE/Q6001,Self-Employment / Enterprise,Medium,True,13.0
JOB_2BFAD939,Uttar Pradesh,Kaushambi,Construction,Assistant Mason,CON/Q0101,Self-Employment / Enterprise,Low,False,19.1
JOB_1527E0B6,Uttar Pradesh,Kaushambi,Handicrafts & Leather,Leather Goods Maker / Footwear Repairer,LSS/Q2501,Daily Wage,Medium,False,10.0
JOB_86C8F9BE,Uttar Pradesh,Kaushambi,Agriculture & Dairy,Dairy Farmer & Animal Husbandry Assistant,AGR/Q4101,Fixed Monthly,Medium,False,13.5
JOB_CBE87CA3,Uttar Pradesh,Kaushambi,Plumbing & Water Works,Plumber General,PSC/Q0104,Fixed Monthly,High,True,10.2
JOB_45E55637,Uttar Pradesh,Kaushambi,Agriculture & Dairy,Dairy Farmer & Animal Husbandry Assistant,AGR/Q4101,Daily Wage,Medium,True,13.7
JOB_A009C39D,Uttar Pradesh,Kaushambi,Handicrafts & Leather,Leather Goods Maker / Footwear Repairer,LSS/Q2501,Self-Employment / Enterprise,Medium,False,8.8
JOB_91EE7466,Uttar Pradesh,Kaushambi,Agriculture & Dairy,Dairy Farmer & Animal Husbandry Assistant,AGR/Q4101,Fixed Monthly,Low,False,18.1
JOB_B45F0E79,Uttar Pradesh,Kaushambi,Handicrafts & Leather,Leather Goods Maker / Footwear Repairer,LSS/Q2501,Daily Wage,High,False,24.1
JOB_E40BF7A9,Uttar Pradesh,Kaushambi,Handicrafts & Leather,Leather Goods Maker / Footwear Repairer,LSS/Q2501,Daily Wage,High,False,19.0
JOB_60BECCAA,Uttar Pradesh,Kaushambi,Agriculture & Dairy,Dairy Farmer & Animal Husbandry Assistant,AGR/Q4101,Daily Wage,Medium,True,22.3
JOB_45C415FE,Uttar Pradesh,Kaushambi,Handicrafts & Leather,Leather Goods Maker / Footwear Repairer,LSS/Q2501,Self-Employment / Enterprise,Low,False,22.2
JOB_22A15B74,Uttar Pradesh,Kaushambi,Garments & Tailoring,Industrial Sewing Machine Operator,AMH/Q0301,Daily Wage,Medium,True,13.1
JOB_F9C3B52A,Uttar Pradesh,Kaushambi,Handicrafts & Leather,Leather Goods Maker / Footwear Repairer,LSS/Q2501,Fixed Monthly,High,True,12.7
JOB_E14F2E57,Uttar Pradesh,Kaushambi,Electrical & Solar,Wireman Helper,ELE/Q6001,Self-Employment / Enterprise,High,True,22.5
JOB_C89E9DDB,Uttar Pradesh,Kaushambi,Construction,Assistant Mason,CON/Q0101,Fixed Monthly,Medium,True,14.7
JOB_0CE56DB6,Uttar Pradesh,Kaushambi,Agriculture & Dairy,Dairy Farmer & Animal Husbandry Assistant,AGR/Q4101,Self-Employment / Enterprise,Medium,True,12.3
JOB_59C4285E,Uttar Pradesh,Kaushambi,Artisan & Carpentry,Assistant Carpenter,CON/Q0102,Daily Wage,Medium,True,11.7
JOB_70F13735,Uttar Pradesh,Kaushambi,Plumbing & Water Works,Plumber General,PSC/Q0104,Fixed Monthly,Medium,True,15.0
JOB_31285431,Uttar Pradesh,Kaushambi,Electrical & Solar,Wireman Helper,ELE/Q6001,Self-Employment / Enterprise,Low,True,11.8
JOB_BF9B533C,Uttar Pradesh,Kaushambi,Garments & Tailoring,Industrial Sewing Machine Operator,AMH/Q0301,Self-Employment / Enterprise,High,True,8.5
JOB_CD8E36FE,Uttar Pradesh,Kaushambi,Garments & Tailoring,Industrial Sewing Machine Operator,AMH/Q0301,Self-Employment / Enterprise,Medium,True,8.7
JOB_97D2425F,Uttar Pradesh,Kaushambi,Artisan & Carpentry,Assistant Carpenter,CON/Q0102,Daily Wage,Low,False,8.8
JOB_5131591C,Uttar Pradesh,Kaushambi,Plumbing & Water Works,Plumber General,PSC/Q0104,Fixed Monthly,High,True,15.4
JOB_E1F56E23,Uttar Pradesh,Kaushambi,Handicrafts & Leather,Leather Goods Maker / Footwear Repairer,LSS/Q2501,Daily Wage,High,True,23.3
JOB_12D19A6E,Uttar Pradesh,Kaushambi,Electrical & Solar,Wireman Helper,ELE/Q6001,Daily Wage,Medium,False,15.5
JOB_B7E231D0,Uttar Pradesh,Kaushambi,Handicrafts & Leather,Leather Goods Maker / Footwear Repairer,LSS/Q2501,Daily Wage,Medium,True,10.7
JOB_85474B76,Uttar Pradesh,Kaushambi,Electrical & Solar,Wireman Helper,ELE/Q6001,Fixed Monthly,Medium,False,24.4
JOB_CB81639E,Uttar Pradesh,Kaushambi,Electrical & Solar,Wireman Helper,ELE/Q6001,Daily Wage,High,False,14.0
JOB_242E27D5,Uttar Pradesh,Kaushambi,Garments & Tailoring,Industrial Sewing Machine Operator,AMH/Q0301,Daily Wage,High,False,22.0
JOB_91948FF9,Uttar Pradesh,Kaushambi,Electrical & Solar,Wireman Helper,ELE/Q6001,Daily Wage,Medium,False,11.5
JOB_00EE3433,Uttar Pradesh,Kaushambi,Handicrafts & Leather,Leather Goods Maker / Footwear Repairer,LSS/Q2501,Fixed Monthly,High,True,9.5
JOB_86428EE7,Uttar Pradesh,Kaushambi,Artisan & Carpentry,Assistant Carpenter,CON/Q0102,Daily Wage,High,True,18.0
JOB_60ABD5A3,Uttar Pradesh,Kaushambi,Handicrafts & Leather,Leather Goods Maker / Footwear Repairer,LSS/Q2501,Daily Wage,Medium,False,17.0
JOB_CF509A10,Uttar Pradesh,Kaushambi,Artisan & Carpentry,Assistant Carpenter,CON/Q0102,Fixed Monthly,High,False,11.4
JOB_3E1D862E,Uttar Pradesh,Kaushambi,Construction,Assistant Mason,CON/Q0101,Self-Employment / Enterprise,Medium,True,12.5
JOB_96D1CAF9,Uttar Pradesh,Kaushambi,Agriculture & Dairy,Dairy Farmer & Animal Husbandry Assistant,AGR/Q4101,Self-Employment / Enterprise,Low,False,24.0
JOB_B0B6E99B,Uttar Pradesh,Kaushambi,Handicrafts & Leather,Leather Goods Maker / Footwear Repairer,LSS/Q2501,Self-Employment / Enterprise,Medium,True,18.2
JOB_83734C6B,Uttar Pradesh,Kaushambi,Plumbing & Water Works,Plumber General,PSC/Q0104,Fixed Monthly,Medium,True,24.0
JOB_7F30C631,Uttar Pradesh,Kaushambi,Garments & Tailoring,Industrial Sewing Machine Operator,AMH/Q0301,Fixed Monthly,Medium,True,21.7
JOB_104F4A8A,Uttar Pradesh,Kaushambi,Electrical & Solar,Wireman Helper,ELE/Q6001,Fixed Monthly,High,True,10.0
JOB_6AEBE9FD,Uttar Pradesh,Kaushambi,Electrical & Solar,Wireman Helper,ELE/Q6001,Daily Wage,High,True,8.4
JOB_5623C805,Uttar Pradesh,Kaushambi,Agriculture & Dairy,Dairy Farmer & Animal Husbandry Assistant,AGR/Q4101,Daily Wage,Medium,False,21.9
JOB_6265F59E,Uttar Pradesh,Kaushambi,Agriculture & Dairy,Dairy Farmer & Animal Husbandry Assistant,AGR/Q4101,Self-Employment / Enterprise,Medium,False,10.5
JOB_7F088A82,Uttar Pradesh,Kaushambi,Garments & Tailoring,Industrial Sewing Machine Operator,AMH/Q0301,Daily Wage,Medium,True,18.6
JOB_B8D38193,Uttar Pradesh,Kaushambi,Artisan & Carpentry,Assistant Carpenter,CON/Q0102,Self-Employment / Enterprise,Medium,True,12.5
JOB_7EB7C685,Uttar Pradesh,Kaushambi,Handicrafts & Leather,Leather Goods Maker / Footwear Repairer,LSS/Q2501,Daily Wage,Medium,True,17.0
JOB_A95D7F09,Uttar Pradesh,Kaushambi,Electrical & Solar,Wireman Helper,ELE/Q6001,Fixed Monthly,High,False,23.9
JOB_5F933676,Uttar Pradesh,Kaushambi,Construction,Assistant Mason,CON/Q0101,Daily Wage,High,False,23.7
JOB_056AA109,Uttar Pradesh,Kaushambi,Plumbing & Water Works,Plumber General,PSC/Q0104,Self-Employment / Enterprise,Low,True,14.6
JOB_C9D25C2C,Uttar Pradesh,Kaushambi,Construction,Assistant Mason,CON/Q0101,Fixed Monthly,Medium,True,18.9
JOB_1F98D907,Uttar Pradesh,Kaushambi,Construction,Assistant Mason,CON/Q0101,Self-Employment / Enterprise,Medium,True,19.3
JOB_76F7424B,Uttar Pradesh,Kaushambi,Artisan & Carpentry,Assistant Carpenter,CON/Q0102,Self-Employment / Enterprise,Low,True,10.7
JOB_20177389,Uttar Pradesh,Kaushambi,Agriculture & Dairy,Dairy Farmer & Animal Husbandry Assistant,AGR/Q4101,Daily Wage,Low,False,8.7
JOB_E9E16ADC,Uttar Pradesh,Kaushambi,Handicrafts & Leather,Leather Goods Maker / Footwear Repairer,LSS/Q2501,Daily Wage,High,False,22.7
JOB_7132E0A4,Uttar Pradesh,Kaushambi,Handicrafts & Leather,Leather Goods Maker / Footwear Repairer,LSS/Q2501,Fixed Monthly,High,True,12.1
JOB_1E6096A7,Uttar Pradesh,Kaushambi,Plumbing & Water Works,Plumber General,PSC/Q0104,Self-Employment / Enterprise,Low,False,16.5
JOB_C55C46AA,Uttar Pradesh,Kaushambi,Artisan & Carpentry,Assistant Carpenter,CON/Q0102,Self-Employment / Enterprise,Medium,False,20.9
JOB_A0854ED8,Uttar Pradesh,Kaushambi,Electrical & Solar,Wireman Helper,ELE/Q6001,Fixed Monthly,High,True,16.7
JOB_85E0D440,Uttar Pradesh,Kaushambi,Artisan & Carpentry,Assistant Carpenter,CON/Q0102,Self-Employment / Enterprise,High,False,16.9
JOB_9ED346E3,Uttar Pradesh,Kaushambi,Artisan & Carpentry,Assistant Carpenter,CON/Q0102,Daily Wage,Medium,False,8.2
JOB_9942AEF8,Uttar Pradesh,Kaushambi,Agriculture & Dairy,Dairy Farmer & Animal Husbandry Assistant,AGR/Q4101,Self-Employment / Enterprise,Medium,True,18.7
JOB_30BEE822,Uttar Pradesh,Kaushambi,Construction,Assistant Mason,CON/Q0101,Daily Wage,Medium,True,8.2
JOB_81046AD7,Uttar Pradesh,Kaushambi,Agriculture & Dairy,Dairy Farmer & Animal Husbandry Assistant,AGR/Q4101,Fixed Monthly,Medium,True,11.2
JOB_03DBE5F8,Uttar Pradesh,Kaushambi,Artisan & Carpentry,Assistant Carpenter,CON/Q0102,Daily Wage,High,True,10.6
JOB_046749CE,Uttar Pradesh,Kaushambi,Agriculture & Dairy,Dairy Farmer & Animal Husbandry Assistant,AGR/Q4101,Daily Wage,Medium,True,19.3
JOB_8B2B3A23,Uttar Pradesh,Kaushambi,Construction,Assistant Mason,CON/Q0101,Daily Wage,Low,True,20.7
JOB_FDA11890,Punjab,Jalandhar,Garments & Tailoring,Industrial Sewing Machine Operator,AMH/Q0301,Daily Wage,Medium,True,22.2
JOB_5BF36EF0,Punjab,Jalandhar,Artisan & Carpentry,Assistant Carpenter,CON/Q0102,Fixed Monthly,High,False,16.0
JOB_4F21471A,Punjab,Jalandhar,Plumbing & Water Works,Plumber General,PSC/Q0104,Fixed Monthly,High,True,22.6
JOB_2A809EBE,Punjab,Jalandhar,Construction,Assistant Mason,CON/Q0101,Daily Wage,Low,False,21.9
JOB_31C61B0C,Punjab,Jalandhar,Construction,Assistant Mason,CON/Q0101,Daily Wage,Medium,False,9.1
JOB_216420C3,Punjab,Jalandhar,Plumbing & Water Works,Plumber General,PSC/Q0104,Self-Employment / Enterprise,High,True,16.5
JOB_4C047D54,Punjab,Jalandhar,Electrical & Solar,Wireman Helper,ELE/Q6001,Daily Wage,High,True,9.4
JOB_D0F83058,Punjab,Jalandhar,Construction,Assistant Mason,CON/Q0101,Daily Wage,High,False,17.6
JOB_2077B564,Punjab,Jalandhar,Electrical & Solar,Wireman Helper,ELE/Q6001,Daily Wage,Medium,False,9.4
JOB_4C46C300,Punjab,Jalandhar,Construction,Assistant Mason,CON/Q0101,Fixed Monthly,Medium,False,21.9
JOB_8F6C865B,Punjab,Jalandhar,Artisan & Carpentry,Assistant Carpenter,CON/Q0102,Daily Wage,High,False,20.7
JOB_E4F437FB,Punjab,Jalandhar,Construction,Assistant Mason,CON/Q0101,Fixed Monthly,Medium,True,19.4
JOB_5BAE0121,Punjab,Jalandhar,Agriculture & Dairy,Dairy Farmer & Animal Husbandry Assistant,AGR/Q4101,Self-Employment / Enterprise,High,True,20.7
JOB_769EE3B9,Punjab,Jalandhar,Agriculture & Dairy,Dairy Farmer & Animal Husbandry Assistant,AGR/Q4101,Self-Employment / Enterprise,Low,False,19.1
JOB_B79DEA62,Punjab,Jalandhar,Construction,Assistant Mason,CON/Q0101,Fixed Monthly,Medium,False,10.8
JOB_99639AE7,Punjab,Jalandhar,Construction,Assistant Mason,CON/Q0101,Self-Employment / Enterprise,Low,False,10.6
JOB_C067408B,Punjab,Jalandhar,Artisan & Carpentry,Assistant Carpenter,CON/Q0102,Self-Employment / Enterprise,High,False,12.4
JOB_F544BB33,Punjab,Jalandhar,Handicrafts & Leather,Leather Goods Maker / Footwear Repairer,LSS/Q2501,Daily Wage,Medium,True,18.3
JOB_43AFB649,Punjab,Jalandhar,Agriculture & Dairy,Dairy Farmer & Animal Husbandry Assistant,AGR/Q4101,Self-Employment / Enterprise,Medium,False,23.7
JOB_10DD3F8C,Punjab,Jalandhar,Electrical & Solar,Wireman Helper,ELE/Q6001,Fixed Monthly,Medium,False,8.8
JOB_2A628490,Punjab,Jalandhar,Agriculture & Dairy,Dairy Farmer & Animal Husbandry Assistant,AGR/Q4101,Fixed Monthly,Medium,False,14.3
JOB_11770E3B,Punjab,Jalandhar,Construction,Assistant Mason,CON/Q0101,Fixed Monthly,Low,False,22.8
JOB_EAA714AA,Punjab,Jalandhar,Agriculture & Dairy,Dairy Farmer & Animal Husbandry Assistant,AGR/Q4101,Self-Employment / Enterprise,Low,False,14.8
JOB_21F6B8B0,Punjab,Jalandhar,Agriculture & Dairy,Dairy Farmer & Animal Husbandry Assistant,AGR/Q4101,Self-Employment / Enterprise,Medium,False,9.7
JOB_E0F478B8,Punjab,Jalandhar,Electrical & Solar,Wireman Helper,ELE/Q6001,Daily Wage,High,True,8.7
JOB_27C111CF,Punjab,Jalandhar,Handicrafts & Leather,Leather Goods Maker / Footwear Repairer,LSS/Q2501,Self-Employment / Enterprise,Low,False,14.4
JOB_F98F1946,Punjab,Jalandhar,Agriculture & Dairy,Dairy Farmer & Animal Husbandry Assistant,AGR/Q4101,Fixed Monthly,Low,True,10.5
JOB_31110B5F,Punjab,Jalandhar,Electrical & Solar,Wireman Helper,ELE/Q6001,Fixed Monthly,Medium,True,23.7
JOB_399CA4FE,Punjab,Jalandhar,Agriculture & Dairy,Dairy Farmer & Animal Husbandry Assistant,AGR/Q4101,Daily Wage,High,False,24.9
JOB_ECF26D91,Punjab,Jalandhar,Handicrafts & Leather,Leather Goods Maker / Footwear Repairer,LSS/Q2501,Daily Wage,Medium,True,18.3
JOB_0ED87595,Punjab,Jalandhar,Garments & Tailoring,Industrial Sewing Machine Operator,AMH/Q0301,Fixed Monthly,Low,True,22.1
JOB_7B6B6C53,Punjab,Jalandhar,Plumbing & Water Works,Plumber General,PSC/Q0104,Fixed Monthly,Low,False,18.6
JOB_B098F532,Punjab,Jalandhar,Artisan & Carpentry,Assistant Carpenter,CON/Q0102,Daily Wage,Medium,False,19.0
JOB_4649DE48,Punjab,Jalandhar,Construction,Assistant Mason,CON/Q0101,Self-Employment / Enterprise,Medium,True,23.3
JOB_1866E5B6,Punjab,Jalandhar,Handicrafts & Leather,Leather Goods Maker / Footwear Repairer,LSS/Q2501,Fixed Monthly,High,True,8.7
JOB_F75885B9,Punjab,Jalandhar,Garments & Tailoring,Industrial Sewing Machine Operator,AMH/Q0301,Fixed Monthly,Medium,True,17.7
JOB_A2492610,Punjab,Jalandhar,Agriculture & Dairy,Dairy Farmer & Animal Husbandry Assistant,AGR/Q4101,Daily Wage,High,True,24.3
JOB_59B21EAC,Punjab,Jalandhar,Agriculture & Dairy,Dairy Farmer & Animal Husbandry Assistant,AGR/Q4101,Self-Employment / Enterprise,Medium,False,17.4
JOB_E27180FE,Punjab,Jalandhar,Plumbing & Water Works,Plumber General,PSC/Q0104,Daily Wage,Medium,False,17.8
JOB_84461E63,Punjab,Jalandhar,Garments & Tailoring,Industrial Sewing Machine Operator,AMH/Q0301,Daily Wage,Medium,False,20.1
JOB_C6EAB504,Punjab,Jalandhar,Garments & Tailoring,Industrial Sewing Machine Operator,AMH/Q0301,Daily Wage,Medium,True,20.3
JOB_97C0F32D,Punjab,Jalandhar,Plumbing & Water Works,Plumber General,PSC/Q0104,Fixed Monthly,Medium,True,12.3
JOB_C16994B3,Punjab,Jalandhar,Electrical & Solar,Wireman Helper,ELE/Q6001,Self-Employment / Enterprise,Medium,False,8.5
JOB_FB28DA7E,Punjab,Jalandhar,Agriculture & Dairy,Dairy Farmer & Animal Husbandry Assistant,AGR/Q4101,Fixed Monthly,High,False,18.9
JOB_A3B2BA12,Punjab,Jalandhar,Plumbing & Water Works,Plumber General,PSC/Q0104,Daily Wage,High,False,17.3
JOB_C821F41C,Punjab,Jalandhar,Agriculture & Dairy,Dairy Farmer & Animal Husbandry Assistant,AGR/Q4101,Self-Employment / Enterprise,High,False,11.2
JOB_320B119A,Punjab,Jalandhar,Plumbing & Water Works,Plumber General,PSC/Q0104,Daily Wage,Medium,False,11.1
JOB_EB00F42D,Punjab,Jalandhar,Plumbing & Water Works,Plumber General,PSC/Q0104,Daily Wage,High,True,12.1
JOB_ADF93DA6,Punjab,Jalandhar,Handicrafts & Leather,Leather Goods Maker / Footwear Repairer,LSS/Q2501,Daily Wage,Medium,False,8.2
JOB_1F772E82,Punjab,Jalandhar,Artisan & Carpentry,Assistant Carpenter,CON/Q0102,Fixed Monthly,Low,True,17.9
JOB_31BCE387,Punjab,Jalandhar,Artisan & Carpentry,Assistant Carpenter,CON/Q0102,Daily Wage,Medium,False,14.2
JOB_3F0106E1,Punjab,Jalandhar,Garments & Tailoring,Industrial Sewing Machine Operator,AMH/Q0301,Fixed Monthly,Low,False,17.5
JOB_DCDF3D9C,Punjab,Jalandhar,Artisan & Carpentry,Assistant Carpenter,CON/Q0102,Fixed Monthly,High,True,8.6
JOB_B722F274,Punjab,Jalandhar,Construction,Assistant Mason,CON/Q0101,Self-Employment / Enterprise,Medium,False,16.5
JOB_A55CD993,Punjab,Jalandhar,Artisan & Carpentry,Assistant Carpenter,CON/Q0102,Daily Wage,High,False,24.7
JOB_273404C3,Punjab,Jalandhar,Electrical & Solar,Wireman Helper,ELE/Q6001,Self-Employment / Enterprise,Medium,False,8.1
JOB_B9554DBC,Punjab,Jalandhar,Plumbing & Water Works,Plumber General,PSC/Q0104,Daily Wage,High,False,19.0
JOB_1446B5E5,Punjab,Jalandhar,Electrical & Solar,Wireman Helper,ELE/Q6001,Daily Wage,Medium,False,17.8
JOB_A16B45E1,Punjab,Jalandhar,Construction,Assistant Mason,CON/Q0101,Daily Wage,High,False,9.6
JOB_017EFB2A,Punjab,Jalandhar,Garments & Tailoring,Industrial Sewing Machine Operator,AMH/Q0301,Self-Employment / Enterprise,Medium,False,19.8
JOB_FE1D6948,Punjab,Jalandhar,Electrical & Solar,Wireman Helper,ELE/Q6001,Daily Wage,Medium,False,15.8
JOB_71787AEB,Punjab,Jalandhar,Agriculture & Dairy,Dairy Farmer & Animal Husbandry Assistant,AGR/Q4101,Self-Employment / Enterprise,High,True,9.3
JOB_4FCD9BDB,Punjab,Jalandhar,Plumbing & Water Works,Plumber General,PSC/Q0104,Self-Employment / Enterprise,Medium,False,17.7
JOB_37D0D1C9,Punjab,Jalandhar,Plumbing & Water Works,Plumber General,PSC/Q0104,Self-Employment / Enterprise,Low,False,17.5
JOB_03605D55,Punjab,Jalandhar,Agriculture & Dairy,Dairy Farmer & Animal Husbandry Assistant,AGR/Q4101,Self-Employment / Enterprise,Medium,False,23.3
JOB_66D12369,Punjab,Jalandhar,Garments & Tailoring,Industrial Sewing Machine Operator,AMH/Q0301,Daily Wage,High,True,24.9
JOB_B0BF4CF1,Punjab,Jalandhar,Artisan & Carpentry,Assistant Carpenter,CON/Q0102,Self-Employment / Enterprise,Medium,True,13.6
JOB_BE287358,Punjab,Jalandhar,Construction,Assistant Mason,CON/Q0101,Daily Wage,Medium,True,14.2
JOB_FA541B80,Punjab,Jalandhar,Artisan & Carpentry,Assistant Carpenter,CON/Q0102,Fixed Monthly,High,False,9.5
JOB_515B777D,Punjab,Jalandhar,Handicrafts & Leather,Leather Goods Maker / Footwear Repairer,LSS/Q2501,Self-Employment / Enterprise,Medium,False,13.5
JOB_7E883E65,Punjab,Jalandhar,Construction,Assistant Mason,CON/Q0101,Daily Wage,High,False,20.1
JOB_0F881677,Punjab,Jalandhar,Artisan & Carpentry,Assistant Carpenter,CON/Q0102,Daily Wage,Low,False,17.7
JOB_BD005C23,Punjab,Jalandhar,Garments & Tailoring,Industrial Sewing Machine Operator,AMH/Q0301,Daily Wage,Medium,False,22.4
JOB_AA703B19,Punjab,Jalandhar,Artisan & Carpentry,Assistant Carpenter,CON/Q0102,Self-Employment / Enterprise,Low,False,21.0
JOB_0FFADFFB,Punjab,Jalandhar,Artisan & Carpentry,Assistant Carpenter,CON/Q0102,Daily Wage,High,False,17.5
JOB_1CBCE444,Punjab,Jalandhar,Handicrafts & Leather,Leather Goods Maker / Footwear Repairer,LSS/Q2501,Self-Employment / Enterprise,High,True,9.8
JOB_9AB9437D,Punjab,Jalandhar,Garments & Tailoring,Industrial Sewing Machine Operator,AMH/Q0301,Fixed Monthly,Medium,True,20.4
JOB_09F5A981,Punjab,Jalandhar,Plumbing & Water Works,Plumber General,PSC/Q0104,Self-Employment / Enterprise,Medium,False,20.1
JOB_A3505816,Punjab,Jalandhar,Agriculture & Dairy,Dairy Farmer & Animal Husbandry Assistant,AGR/Q4101,Daily Wage,Medium,True,14.1
JOB_7C54DB51,Punjab,Jalandhar,Artisan & Carpentry,Assistant Carpenter,CON/Q0102,Self-Employment / Enterprise,High,False,16.5
JOB_E8F987B4,Punjab,Jalandhar,Handicrafts & Leather,Leather Goods Maker / Footwear Repairer,LSS/Q2501,Daily Wage,High,False,11.7
JOB_AB5FBA98,Punjab,Jalandhar,Construction,Assistant Mason,CON/Q0101,Fixed Monthly,Medium,False,16.6
JOB_78BAB32E,Punjab,Jalandhar,Agriculture & Dairy,Dairy Farmer & Animal Husbandry Assistant,AGR/Q4101,Fixed Monthly,High,True,24.6
JOB_E90B702F,Punjab,Jalandhar,Garments & Tailoring,Industrial Sewing Machine Operator,AMH/Q0301,Self-Employment / Enterprise,Medium,False,15.6
JOB_9B89232C,Punjab,Jalandhar,Plumbing & Water Works,Plumber General,PSC/Q0104,Daily Wage,Medium,True,22.2
JOB_C5B48A7C,Punjab,Jalandhar,Electrical & Solar,Wireman Helper,ELE/Q6001,Self-Employment / Enterprise,Medium,True,11.3
JOB_A4D0646F,Punjab,Jalandhar,Electrical & Solar,Wireman Helper,ELE/Q6001,Daily Wage,Medium,True,8.9
JOB_CB88FF75,Punjab,Jalandhar,Construction,Assistant Mason,CON/Q0101,Self-Employment / Enterprise,High,False,21.5
JOB_39529AA1,Punjab,Jalandhar,Electrical & Solar,Wireman Helper,ELE/Q6001,Daily Wage,Medium,True,20.4
JOB_A51258C1,Punjab,Jalandhar,Agriculture & Dairy,Dairy Farmer & Animal Husbandry Assistant,AGR/Q4101,Daily Wage,Medium,True,21.8
JOB_B581BEF5,Punjab,Jalandhar,Handicrafts & Leather,Leather Goods Maker / Footwear Repairer,LSS/Q2501,Self-Employment / Enterprise,High,True,8.8
JOB_B2D72982,Punjab,Jalandhar,Plumbing & Water Works,Plumber General,PSC/Q0104,Self-Employment / Enterprise,Low,True,9.3
JOB_49F15FBF,Punjab,Jalandhar,Electrical & Solar,Wireman Helper,ELE/Q6001,Fixed Monthly,Medium,False,15.5
JOB_B150FA10,Punjab,Jalandhar,Agriculture & Dairy,Dairy Farmer & Animal Husbandry Assistant,AGR/Q4101,Daily Wage,Low,True,12.8
JOB_F7BBFEBE,Punjab,Jalandhar,Garments & Tailoring,Industrial Sewing Machine Operator,AMH/Q0301,Fixed Monthly,Medium,True,10.6
JOB_AB713205,Punjab,Hoshiarpur,Handicrafts & Leather,Leather Goods Maker / Footwear Repairer,LSS/Q2501,Fixed Monthly,High,False,24.0
JOB_AC8B5D66,Punjab,Hoshiarpur,Garments & Tailoring,Industrial Sewing Machine Operator,AMH/Q0301,Daily Wage,Medium,False,12.4
JOB_2B122D3A,Punjab,Hoshiarpur,Electrical & Solar,Wireman Helper,ELE/Q6001,Self-Employment / Enterprise,Medium,False,11.8
JOB_3AB85A00,Punjab,Hoshiarpur,Artisan & Carpentry,Assistant Carpenter,CON/Q0102,Fixed Monthly,High,True,17.5
JOB_D2BD1B60,Punjab,Hoshiarpur,Garments & Tailoring,Industrial Sewing Machine Operator,AMH/Q0301,Daily Wage,High,True,8.5
JOB_761C82D5,Punjab,Hoshiarpur,Plumbing & Water Works,Plumber General,PSC/Q0104,Fixed Monthly,Medium,True,14.9
JOB_C4359F9D,Punjab,Hoshiarpur,Handicrafts & Leather,Leather Goods Maker / Footwear Repairer,LSS/Q2501,Fixed Monthly,Medium,False,17.4
JOB_44558F56,Punjab,Hoshiarpur,Handicrafts & Leather,Leather Goods Maker / Footwear Repairer,LSS/Q2501,Self-Employment / Enterprise,High,True,8.1
JOB_E6171744,Punjab,Hoshiarpur,Plumbing & Water Works,Plumber General,PSC/Q0104,Fixed Monthly,Low,False,8.6
JOB_662FBE3F,Punjab,Hoshiarpur,Artisan & Carpentry,Assistant Carpenter,CON/Q0102,Fixed Monthly,Medium,False,21.5
JOB_81070566,Punjab,Hoshiarpur,Handicrafts & Leather,Leather Goods Maker / Footwear Repairer,LSS/Q2501,Daily Wage,Medium,True,11.0
JOB_0FB078CF,Punjab,Hoshiarpur,Garments & Tailoring,Industrial Sewing Machine Operator,AMH/Q0301,Daily Wage,Medium,False,15.0
JOB_0A3F4033,Punjab,Hoshiarpur,Agriculture & Dairy,Dairy Farmer & Animal Husbandry Assistant,AGR/Q4101,Self-Employment / Enterprise,Medium,True,18.6
JOB_763CA6CC,Punjab,Hoshiarpur,Agriculture & Dairy,Dairy Farmer & Animal Husbandry Assistant,AGR/Q4101,Self-Employment / Enterprise,High,True,18.0
JOB_B77CA2D4,Punjab,Hoshiarpur,Artisan & Carpentry,Assistant Carpenter,CON/Q0102,Fixed Monthly,Medium,False,17.2
JOB_9AB0A427,Punjab,Hoshiarpur,Plumbing & Water Works,Plumber General,PSC/Q0104,Fixed Monthly,High,False,18.9
JOB_DD8EAFB6,Punjab,Hoshiarpur,Construction,Assistant Mason,CON/Q0101,Daily Wage,Medium,False,18.4
JOB_1A58A0DE,Punjab,Hoshiarpur,Artisan & Carpentry,Assistant Carpenter,CON/Q0102,Fixed Monthly,Low,True,23.6
JOB_560DF7A6,Punjab,Hoshiarpur,Garments & Tailoring,Industrial Sewing Machine Operator,AMH/Q0301,Fixed Monthly,Medium,False,23.6
JOB_DF1FEB15,Punjab,Hoshiarpur,Plumbing & Water Works,Plumber General,PSC/Q0104,Self-Employment / Enterprise,High,False,8.7
JOB_9440EF01,Punjab,Hoshiarpur,Construction,Assistant Mason,CON/Q0101,Daily Wage,Medium,False,14.8
JOB_C75586AB,Punjab,Hoshiarpur,Artisan & Carpentry,Assistant Carpenter,CON/Q0102,Fixed Monthly,Medium,False,24.2
JOB_8F3AD7F2,Punjab,Hoshiarpur,Electrical & Solar,Wireman Helper,ELE/Q6001,Self-Employment / Enterprise,Medium,False,16.6
JOB_F4BD4A46,Punjab,Hoshiarpur,Garments & Tailoring,Industrial Sewing Machine Operator,AMH/Q0301,Daily Wage,Medium,True,10.8
JOB_3C8E7A21,Punjab,Hoshiarpur,Artisan & Carpentry,Assistant Carpenter,CON/Q0102,Self-Employment / Enterprise,Medium,False,8.7
JOB_83C86F9E,Punjab,Hoshiarpur,Artisan & Carpentry,Assistant Carpenter,CON/Q0102,Daily Wage,Medium,True,12.8
JOB_F6AB1BCE,Punjab,Hoshiarpur,Garments & Tailoring,Industrial Sewing Machine Operator,AMH/Q0301,Fixed Monthly,Medium,True,12.2
JOB_B1DA864A,Punjab,Hoshiarpur,Agriculture & Dairy,Dairy Farmer & Animal Husbandry Assistant,AGR/Q4101,Daily Wage,Low,False,8.6
JOB_F2CB656B,Punjab,Hoshiarpur,Artisan & Carpentry,Assistant Carpenter,CON/Q0102,Fixed Monthly,High,False,15.1
JOB_2932284D,Punjab,Hoshiarpur,Garments & Tailoring,Industrial Sewing Machine Operator,AMH/Q0301,Daily Wage,Medium,True,11.3
JOB_9D2BA19C,Punjab,Hoshiarpur,Artisan & Carpentry,Assistant Carpenter,CON/Q0102,Fixed Monthly,Medium,True,14.6
JOB_5D529FA4,Punjab,Hoshiarpur,Artisan & Carpentry,Assistant Carpenter,CON/Q0102,Self-Employment / Enterprise,Low,True,14.3
JOB_E31CF98F,Punjab,Hoshiarpur,Agriculture & Dairy,Dairy Farmer & Animal Husbandry Assistant,AGR/Q4101,Self-Employment / Enterprise,High,False,20.3
JOB_91F4C0BE,Punjab,Hoshiarpur,Electrical & Solar,Wireman Helper,ELE/Q6001,Daily Wage,Medium,False,21.6
JOB_07B746F1,Punjab,Hoshiarpur,Electrical & Solar,Wireman Helper,ELE/Q6001,Self-Employment / Enterprise,Low,False,22.7
JOB_E35AEDE6,Punjab,Hoshiarpur,Handicrafts & Leather,Leather Goods Maker / Footwear Repairer,LSS/Q2501,Daily Wage,High,False,23.5
JOB_CC9A226C,Punjab,Hoshiarpur,Garments & Tailoring,Industrial Sewing Machine Operator,AMH/Q0301,Daily Wage,High,True,21.7
JOB_FA241517,Punjab,Hoshiarpur,Artisan & Carpentry,Assistant Carpenter,CON/Q0102,Fixed Monthly,Medium,True,18.3
JOB_5CF84648,Punjab,Hoshiarpur,Agriculture & Dairy,Dairy Farmer & Animal Husbandry Assistant,AGR/Q4101,Daily Wage,Low,False,17.8
JOB_8C350BCB,Punjab,Hoshiarpur,Garments & Tailoring,Industrial Sewing Machine Operator,AMH/Q0301,Fixed Monthly,Medium,False,8.8
JOB_F83E2324,Punjab,Hoshiarpur,Agriculture & Dairy,Dairy Farmer & Animal Husbandry Assistant,AGR/Q4101,Daily Wage,High,True,20.8
JOB_0126196B,Punjab,Hoshiarpur,Artisan & Carpentry,Assistant Carpenter,CON/Q0102,Self-Employment / Enterprise,Medium,False,14.3
JOB_B2BEA74B,Punjab,Hoshiarpur,Construction,Assistant Mason,CON/Q0101,Self-Employment / Enterprise,Medium,False,14.1
JOB_D65F1F5C,Punjab,Hoshiarpur,Electrical & Solar,Wireman Helper,ELE/Q6001,Daily Wage,Medium,False,17.4
JOB_88DA33F2,Punjab,Hoshiarpur,Artisan & Carpentry,Assistant Carpenter,CON/Q0102,Daily Wage,Medium,True,15.5
JOB_0532A750,Punjab,Hoshiarpur,Agriculture & Dairy,Dairy Farmer & Animal Husbandry Assistant,AGR/Q4101,Daily Wage,Medium,False,21.7
JOB_0594DB71,Punjab,Hoshiarpur,Agriculture & Dairy,Dairy Farmer & Animal Husbandry Assistant,AGR/Q4101,Self-Employment / Enterprise,Medium,True,12.1
JOB_3EBB7BF8,Punjab,Hoshiarpur,Construction,Assistant Mason,CON/Q0101,Self-Employment / Enterprise,Low,False,9.4
JOB_4F1B3388,Punjab,Hoshiarpur,Plumbing & Water Works,Plumber General,PSC/Q0104,Fixed Monthly,Medium,True,16.6
JOB_615A489D,Punjab,Hoshiarpur,Artisan & Carpentry,Assistant Carpenter,CON/Q0102,Daily Wage,Medium,False,17.3
JOB_1250CF85,Punjab,Hoshiarpur,Plumbing & Water Works,Plumber General,PSC/Q0104,Fixed Monthly,Medium,False,13.2
JOB_0DAA8EAE,Punjab,Hoshiarpur,Electrical & Solar,Wireman Helper,ELE/Q6001,Self-Employment / Enterprise,High,False,21.7
JOB_962F030C,Punjab,Hoshiarpur,Handicrafts & Leather,Leather Goods Maker / Footwear Repairer,LSS/Q2501,Self-Employment / Enterprise,Medium,True,20.9
JOB_BBDD893B,Punjab,Hoshiarpur,Artisan & Carpentry,Assistant Carpenter,CON/Q0102,Self-Employment / Enterprise,Low,True,16.3
JOB_DFEC018A,Punjab,Hoshiarpur,Agriculture & Dairy,Dairy Farmer & Animal Husbandry Assistant,AGR/Q4101,Fixed Monthly,Low,True,20.3
JOB_3899787D,Punjab,Hoshiarpur,Agriculture & Dairy,Dairy Farmer & Animal Husbandry Assistant,AGR/Q4101,Fixed Monthly,Medium,False,17.3
JOB_94AFE4A5,Punjab,Hoshiarpur,Handicrafts & Leather,Leather Goods Maker / Footwear Repairer,LSS/Q2501,Daily Wage,High,False,9.2
JOB_F8C73F1C,Punjab,Hoshiarpur,Electrical & Solar,Wireman Helper,ELE/Q6001,Daily Wage,Medium,True,18.8
JOB_CC1D7F44,Punjab,Nawanshahr,Construction,Assistant Mason,CON/Q0101,Self-Employment / Enterprise,Medium,True,16.2
JOB_17EF5BE5,Punjab,Nawanshahr,Plumbing & Water Works,Plumber General,PSC/Q0104,Self-Employment / Enterprise,Medium,True,13.2
JOB_FA995A31,Punjab,Nawanshahr,Plumbing & Water Works,Plumber General,PSC/Q0104,Daily Wage,Medium,False,14.3
JOB_B2776A37,Punjab,Nawanshahr,Garments & Tailoring,Industrial Sewing Machine Operator,AMH/Q0301,Daily Wage,Low,False,8.7
JOB_525849FE,Punjab,Nawanshahr,Agriculture & Dairy,Dairy Farmer & Animal Husbandry Assistant,AGR/Q4101,Daily Wage,Medium,False,17.9
JOB_4D9A325F,Punjab,Nawanshahr,Construction,Assistant Mason,CON/Q0101,Fixed Monthly,High,True,19.3
JOB_667B0D64,Punjab,Nawanshahr,Electrical & Solar,Wireman Helper,ELE/Q6001,Fixed Monthly,High,True,15.0
JOB_D4F6220E,Punjab,Nawanshahr,Artisan & Carpentry,Assistant Carpenter,CON/Q0102,Daily Wage,Low,False,24.3
JOB_10B2493A,Punjab,Nawanshahr,Agriculture & Dairy,Dairy Farmer & Animal Husbandry Assistant,AGR/Q4101,Daily Wage,High,True,8.0
JOB_D3CBED4C,Punjab,Nawanshahr,Artisan & Carpentry,Assistant Carpenter,CON/Q0102,Fixed Monthly,High,True,15.3
JOB_A0349C89,Punjab,Nawanshahr,Artisan & Carpentry,Assistant Carpenter,CON/Q0102,Daily Wage,High,False,24.9
JOB_E8802D80,Punjab,Nawanshahr,Construction,Assistant Mason,CON/Q0101,Daily Wage,High,True,15.0
JOB_62A83DCF,Punjab,Nawanshahr,Agriculture & Dairy,Dairy Farmer & Animal Husbandry Assistant,AGR/Q4101,Fixed Monthly,Low,False,23.0
JOB_265EC24F,Punjab,Nawanshahr,Garments & Tailoring,Industrial Sewing Machine Operator,AMH/Q0301,Self-Employment / Enterprise,High,False,16.3
JOB_70F7C697,Punjab,Nawanshahr,Electrical & Solar,Wireman Helper,ELE/Q6001,Fixed Monthly,High,True,24.0
JOB_EC4AE464,Punjab,Nawanshahr,Artisan & Carpentry,Assistant Carpenter,CON/Q0102,Self-Employment / Enterprise,Low,True,10.0
JOB_B2C8E8FC,Punjab,Nawanshahr,Garments & Tailoring,Industrial Sewing Machine Operator,AMH/Q0301,Daily Wage,Low,False,14.6
JOB_651884DB,Punjab,Nawanshahr,Construction,Assistant Mason,CON/Q0101,Fixed Monthly,High,False,16.6
JOB_88C1A951,Punjab,Nawanshahr,Electrical & Solar,Wireman Helper,ELE/Q6001,Self-Employment / Enterprise,Low,False,8.3
JOB_5F3D1F22,Punjab,Nawanshahr,Handicrafts & Leather,Leather Goods Maker / Footwear Repairer,LSS/Q2501,Fixed Monthly,Medium,True,19.5
JOB_49E2E424,Punjab,Nawanshahr,Construction,Assistant Mason,CON/Q0101,Daily Wage,High,True,23.3
JOB_CB7CE6A4,Punjab,Nawanshahr,Construction,Assistant Mason,CON/Q0101,Daily Wage,Medium,False,11.1
JOB_E355DE85,Punjab,Nawanshahr,Construction,Assistant Mason,CON/Q0101,Self-Employment / Enterprise,High,False,23.2
JOB_69E93D27,Punjab,Nawanshahr,Garments & Tailoring,Industrial Sewing Machine Operator,AMH/Q0301,Daily Wage,Low,False,23.5
JOB_D595F9B8,Punjab,Nawanshahr,Agriculture & Dairy,Dairy Farmer & Animal Husbandry Assistant,AGR/Q4101,Daily Wage,Medium,True,10.1
JOB_D2C605FD,Punjab,Nawanshahr,Construction,Assistant Mason,CON/Q0101,Fixed Monthly,Medium,True,9.9
JOB_B03E62E3,Punjab,Nawanshahr,Construction,Assistant Mason,CON/Q0101,Fixed Monthly,Medium,False,24.7
JOB_C3C7B1EF,Punjab,Nawanshahr,Construction,Assistant Mason,CON/Q0101,Daily Wage,High,False,22.9
JOB_3E03715A,Punjab,Nawanshahr,Plumbing & Water Works,Plumber General,PSC/Q0104,Self-Employment / Enterprise,High,False,11.5
JOB_991AF713,Punjab,Nawanshahr,Handicrafts & Leather,Leather Goods Maker / Footwear Repairer,LSS/Q2501,Self-Employment / Enterprise,High,False,23.0
JOB_8A3B537E,Punjab,Nawanshahr,Electrical & Solar,Wireman Helper,ELE/Q6001,Self-Employment / Enterprise,Medium,False,17.9
JOB_9920F3ED,Punjab,Nawanshahr,Garments & Tailoring,Industrial Sewing Machine Operator,AMH/Q0301,Self-Employment / Enterprise,High,True,19.9
JOB_AB1DCA47,Punjab,Nawanshahr,Construction,Assistant Mason,CON/Q0101,Fixed Monthly,High,True,23.2
JOB_05E62436,Punjab,Nawanshahr,Handicrafts & Leather,Leather Goods Maker / Footwear Repairer,LSS/Q2501,Self-Employment / Enterprise,Medium,True,9.9
JOB_DE5CCAA8,Punjab,Nawanshahr,Electrical & Solar,Wireman Helper,ELE/Q6001,Self-Employment / Enterprise,Low,True,24.7
JOB_1EE2245C,Punjab,Nawanshahr,Artisan & Carpentry,Assistant Carpenter,CON/Q0102,Daily Wage,Low,True,10.9
JOB_C2D937CB,Punjab,Nawanshahr,Construction,Assistant Mason,CON/Q0101,Fixed Monthly,Low,False,16.7
JOB_44B4EA7B,Punjab,Nawanshahr,Electrical & Solar,Wireman Helper,ELE/Q6001,Fixed Monthly,High,False,8.0
JOB_9D14F4AA,Punjab,Nawanshahr,Garments & Tailoring,Industrial Sewing Machine Operator,AMH/Q0301,Daily Wage,Medium,False,18.0
JOB_C5551255,Punjab,Nawanshahr,Artisan & Carpentry,Assistant Carpenter,CON/Q0102,Self-Employment / Enterprise,Medium,True,15.2
JOB_3A397929,Punjab,Nawanshahr,Agriculture & Dairy,Dairy Farmer & Animal Husbandry Assistant,AGR/Q4101,Daily Wage,Medium,True,20.0
JOB_5339AEF9,Punjab,Nawanshahr,Plumbing & Water Works,Plumber General,PSC/Q0104,Self-Employment / Enterprise,Low,True,15.2
JOB_7738F2CC,Punjab,Nawanshahr,Handicrafts & Leather,Leather Goods Maker / Footwear Repairer,LSS/Q2501,Daily Wage,Low,False,22.1
JOB_E90DD0B3,Punjab,Nawanshahr,Artisan & Carpentry,Assistant Carpenter,CON/Q0102,Self-Employment / Enterprise,Medium,False,11.8
JOB_7FF5ED07,Punjab,Nawanshahr,Electrical & Solar,Wireman Helper,ELE/Q6001,Self-Employment / Enterprise,Medium,False,11.7
JOB_1AD5DA86,Punjab,Nawanshahr,Agriculture & Dairy,Dairy Farmer & Animal Husbandry Assistant,AGR/Q4101,Daily Wage,High,False,21.7
JOB_E06F08BE,Punjab,Nawanshahr,Construction,Assistant Mason,CON/Q0101,Self-Employment / Enterprise,Medium,True,14.3
JOB_A1D48F46,Punjab,Nawanshahr,Agriculture & Dairy,Dairy Farmer & Animal Husbandry Assistant,AGR/Q4101,Daily Wage,High,False,13.7
JOB_F72631D5,Punjab,Nawanshahr,Handicrafts & Leather,Leather Goods Maker / Footwear Repairer,LSS/Q2501,Daily Wage,Medium,False,21.0
JOB_8D4B1FD5,Punjab,Nawanshahr,Handicrafts & Leather,Leather Goods Maker / Footwear Repairer,LSS/Q2501,Self-Employment / Enterprise,High,True,16.0
JOB_01E52E0E,Punjab,Nawanshahr,Construction,Assistant Mason,CON/Q0101,Self-Employment / Enterprise,Medium,True,11.9
JOB_47AFEA47,Punjab,Nawanshahr,Artisan & Carpentry,Assistant Carpenter,CON/Q0102,Daily Wage,Low,True,20.1
JOB_7C8EC9F4,Punjab,Nawanshahr,Plumbing & Water Works,Plumber General,PSC/Q0104,Daily Wage,Medium,False,17.1
JOB_0B4D2B9D,Punjab,Nawanshahr,Electrical & Solar,Wireman Helper,ELE/Q6001,Daily Wage,Medium,True,13.3
JOB_9BABCA11,Punjab,Nawanshahr,Plumbing & Water Works,Plumber General,PSC/Q0104,Daily Wage,Medium,False,13.3
JOB_281748AF,Punjab,Nawanshahr,Handicrafts & Leather,Leather Goods Maker / Footwear Repairer,LSS/Q2501,Self-Employment / Enterprise,Medium,False,20.3
JOB_BD8FE65F,Punjab,Nawanshahr,Electrical & Solar,Wireman Helper,ELE/Q6001,Fixed Monthly,Medium,True,14.3
JOB_840A0D1A,Punjab,Nawanshahr,Agriculture & Dairy,Dairy Farmer & Animal Husbandry Assistant,AGR/Q4101,Self-Employment / Enterprise,Medium,True,9.0
JOB_9B3CFDFA,Punjab,Nawanshahr,Agriculture & Dairy,Dairy Farmer & Animal Husbandry Assistant,AGR/Q4101,Self-Employment / Enterprise,Medium,False,22.5
JOB_22395C15,Punjab,Nawanshahr,Construction,Assistant Mason,CON/Q0101,Self-Employment / Enterprise,High,True,13.8
JOB_6A25AD9C,Punjab,Nawanshahr,Construction,Assistant Mason,CON/Q0101,Fixed Monthly,Low,False,12.4
JOB_9576D90D,Punjab,Nawanshahr,Agriculture & Dairy,Dairy Farmer & Animal Husbandry Assistant,AGR/Q4101,Daily Wage,High,True,11.3
JOB_0A96FD6E,Punjab,Nawanshahr,Agriculture & Dairy,Dairy Farmer & Animal Husbandry Assistant,AGR/Q4101,Daily Wage,Medium,False,18.8
JOB_6EAAF309,Punjab,Nawanshahr,Construction,Assistant Mason,CON/Q0101,Self-Employment / Enterprise,Low,False,19.6
JOB_7E11BEA5,Punjab,Nawanshahr,Construction,Assistant Mason,CON/Q0101,Daily Wage,Low,True,12.5
JOB_C1B87ED4,Punjab,Nawanshahr,Artisan & Carpentry,Assistant Carpenter,CON/Q0102,Fixed Monthly,High,False,10.1
JOB_6BAE93E7,Punjab,Nawanshahr,Agriculture & Dairy,Dairy Farmer & Animal Husbandry Assistant,AGR/Q4101,Daily Wage,Medium,False,10.6
JOB_CB37D199,Punjab,Nawanshahr,Handicrafts & Leather,Leather Goods Maker / Footwear Repairer,LSS/Q2501,Daily Wage,Medium,False,18.0
JOB_6FC39C55,Punjab,Nawanshahr,Electrical & Solar,Wireman Helper,ELE/Q6001,Daily Wage,High,True,11.9
JOB_96339F1F,Punjab,Nawanshahr,Garments & Tailoring,Industrial Sewing Machine Operator,AMH/Q0301,Self-Employment / Enterprise,High,True,13.7
JOB_4CAC971C,Punjab,Nawanshahr,Agriculture & Dairy,Dairy Farmer & Animal Husbandry Assistant,AGR/Q4101,Daily Wage,Low,True,9.0
JOB_A9C210CE,Punjab,Nawanshahr,Plumbing & Water Works,Plumber General,PSC/Q0104,Fixed Monthly,Medium,False,16.8
JOB_EFF292AA,Punjab,Nawanshahr,Electrical & Solar,Wireman Helper,ELE/Q6001,Daily Wage,Low,False,15.1
JOB_3D790EB3,Punjab,Nawanshahr,Plumbing & Water Works,Plumber General,PSC/Q0104,Self-Employment / Enterprise,Medium,True,18.2
JOB_B331DBA5,Punjab,Nawanshahr,Garments & Tailoring,Industrial Sewing Machine Operator,AMH/Q0301,Fixed Monthly,Medium,True,10.7
JOB_6A007C27,Punjab,Nawanshahr,Construction,Assistant Mason,CON/Q0101,Daily Wage,Medium,True,18.3
JOB_4C43E796,Punjab,Nawanshahr,Garments & Tailoring,Industrial Sewing Machine Operator,AMH/Q0301,Self-Employment / Enterprise,High,False,10.2
JOB_A92910E7,Punjab,Nawanshahr,Agriculture & Dairy,Dairy Farmer & Animal Husbandry Assistant,AGR/Q4101,Daily Wage,Low,True,22.7
JOB_31B9257F,Punjab,Nawanshahr,Electrical & Solar,Wireman Helper,ELE/Q6001,Self-Employment / Enterprise,High,True,15.2
JOB_4B62CFB0,Punjab,Nawanshahr,Electrical & Solar,Wireman Helper,ELE/Q6001,Daily Wage,Low,False,18.2
JOB_8282953E,Punjab,Nawanshahr,Handicrafts & Leather,Leather Goods Maker / Footwear Repairer,LSS/Q2501,Daily Wage,Medium,False,12.5
JOB_40327D79,Punjab,Nawanshahr,Artisan & Carpentry,Assistant Carpenter,CON/Q0102,Fixed Monthly,High,False,9.9
JOB_10E47AFD,Punjab,Nawanshahr,Handicrafts & Leather,Leather Goods Maker / Footwear Repairer,LSS/Q2501,Self-Employment / Enterprise,Medium,True,12.0
JOB_31E21DFD,Punjab,Nawanshahr,Agriculture & Dairy,Dairy Farmer & Animal Husbandry Assistant,AGR/Q4101,Fixed Monthly,Medium,True,15.7
JOB_99784C8D,Punjab,Nawanshahr,Construction,Assistant Mason,CON/Q0101,Fixed Monthly,Medium,True,12.0
JOB_86399AC9,Punjab,Nawanshahr,Handicrafts & Leather,Leather Goods Maker / Footwear Repairer,LSS/Q2501,Daily Wage,Low,False,22.3
JOB_E96FF68D,Punjab,Nawanshahr,Agriculture & Dairy,Dairy Farmer & Animal Husbandry Assistant,AGR/Q4101,Self-Employment / Enterprise,Medium,False,17.3
JOB_7F01526B,Punjab,Nawanshahr,Electrical & Solar,Wireman Helper,ELE/Q6001,Fixed Monthly,High,True,13.7
JOB_A901341E,Punjab,Nawanshahr,Artisan & Carpentry,Assistant Carpenter,CON/Q0102,Daily Wage,High,False,8.5
JOB_0ABF939B,Punjab,Nawanshahr,Artisan & Carpentry,Assistant Carpenter,CON/Q0102,Self-Employment / Enterprise,Low,False,10.8
JOB_4438BD59,Punjab,Nawanshahr,Handicrafts & Leather,Leather Goods Maker / Footwear Repairer,LSS/Q2501,Self-Employment / Enterprise,High,True,17.8
JOB_89B71682,Punjab,Nawanshahr,Agriculture & Dairy,Dairy Farmer & Animal Husbandry Assistant,AGR/Q4101,Fixed Monthly,High,False,24.6
JOB_E2E84637,Punjab,Nawanshahr,Artisan & Carpentry,Assistant Carpenter,CON/Q0102,Fixed Monthly,Medium,True,12.9
JOB_05A2ADF7,Punjab,Nawanshahr,Electrical & Solar,Wireman Helper,ELE/Q6001,Fixed Monthly,Medium,False,15.6
JOB_A2361B49,Punjab,Nawanshahr,Handicrafts & Leather,Leather Goods Maker / Footwear Repairer,LSS/Q2501,Fixed Monthly,Medium,False,15.8
JOB_05CF03F8,Punjab,Nawanshahr,Handicrafts & Leather,Leather Goods Maker / Footwear Repairer,LSS/Q2501,Fixed Monthly,High,True,14.6
JOB_9FA5D958,Punjab,Nawanshahr,Handicrafts & Leather,Leather Goods Maker / Footwear Repairer,LSS/Q2501,Fixed Monthly,High,False,17.7
JOB_EC38A489,Punjab,Nawanshahr,Plumbing & Water Works,Plumber General,PSC/Q0104,Daily Wage,Medium,False,14.6
JOB_48C50E6B,Punjab,Nawanshahr,Construction,Assistant Mason,CON/Q0101,Daily Wage,Medium,True,18.0
JOB_A7F1F6F1,Punjab,Nawanshahr,Artisan & Carpentry,Assistant Carpenter,CON/Q0102,Self-Employment / Enterprise,High,True,10.6
JOB_DDA33378,Punjab,Muktsar,Electrical & Solar,Wireman Helper,ELE/Q6001,Fixed Monthly,High,False,22.4
JOB_FD3A50D7,Punjab,Muktsar,Garments & Tailoring,Industrial Sewing Machine Operator,AMH/Q0301,Self-Employment / Enterprise,Medium,False,8.9
JOB_06B454F9,Punjab,Muktsar,Handicrafts & Leather,Leather Goods Maker / Footwear Repairer,LSS/Q2501,Self-Employment / Enterprise,Medium,False,20.9
JOB_34B7010C,Punjab,Muktsar,Construction,Assistant Mason,CON/Q0101,Daily Wage,Medium,True,17.3
JOB_9414B751,Punjab,Muktsar,Garments & Tailoring,Industrial Sewing Machine Operator,AMH/Q0301,Fixed Monthly,Medium,False,16.2
JOB_EB884E64,Punjab,Muktsar,Plumbing & Water Works,Plumber General,PSC/Q0104,Self-Employment / Enterprise,Medium,True,13.6
JOB_6755CDA2,Punjab,Muktsar,Garments & Tailoring,Industrial Sewing Machine Operator,AMH/Q0301,Daily Wage,High,True,8.7
JOB_47F9B2B0,Punjab,Muktsar,Plumbing & Water Works,Plumber General,PSC/Q0104,Daily Wage,Medium,False,10.0
JOB_219A1D06,Punjab,Muktsar,Handicrafts & Leather,Leather Goods Maker / Footwear Repairer,LSS/Q2501,Fixed Monthly,High,False,9.1
JOB_6F6FBF4C,Punjab,Muktsar,Artisan & Carpentry,Assistant Carpenter,CON/Q0102,Daily Wage,Medium,False,14.4
JOB_A5DDDD48,Punjab,Muktsar,Electrical & Solar,Wireman Helper,ELE/Q6001,Fixed Monthly,High,False,19.2
JOB_C542A299,Punjab,Muktsar,Electrical & Solar,Wireman Helper,ELE/Q6001,Daily Wage,Low,False,18.7
JOB_B68F7819,Punjab,Muktsar,Electrical & Solar,Wireman Helper,ELE/Q6001,Fixed Monthly,Medium,False,10.6
JOB_357DC386,Punjab,Muktsar,Agriculture & Dairy,Dairy Farmer & Animal Husbandry Assistant,AGR/Q4101,Fixed Monthly,High,True,12.1
JOB_6B2D9FD7,Punjab,Muktsar,Plumbing & Water Works,Plumber General,PSC/Q0104,Daily Wage,Medium,False,15.1
JOB_40169D25,Punjab,Muktsar,Garments & Tailoring,Industrial Sewing Machine Operator,AMH/Q0301,Daily Wage,High,False,18.0
JOB_FC1F820C,Punjab,Muktsar,Electrical & Solar,Wireman Helper,ELE/Q6001,Fixed Monthly,Medium,True,18.1
JOB_18665FD4,Punjab,Muktsar,Construction,Assistant Mason,CON/Q0101,Fixed Monthly,Medium,True,23.4
JOB_CE9A3104,Punjab,Muktsar,Agriculture & Dairy,Dairy Farmer & Animal Husbandry Assistant,AGR/Q4101,Daily Wage,Medium,False,14.8
JOB_5FB15EB8,Punjab,Muktsar,Plumbing & Water Works,Plumber General,PSC/Q0104,Fixed Monthly,High,True,23.8
JOB_749761D3,Punjab,Muktsar,Construction,Assistant Mason,CON/Q0101,Self-Employment / Enterprise,Low,False,13.8
JOB_444F1A17,Punjab,Muktsar,Handicrafts & Leather,Leather Goods Maker / Footwear Repairer,LSS/Q2501,Daily Wage,High,False,16.5
JOB_2653193B,Punjab,Muktsar,Construction,Assistant Mason,CON/Q0101,Self-Employment / Enterprise,Low,False,12.2
JOB_F6B1B6DF,Punjab,Muktsar,Plumbing & Water Works,Plumber General,PSC/Q0104,Daily Wage,High,True,21.8
JOB_83AF0102,Punjab,Muktsar,Artisan & Carpentry,Assistant Carpenter,CON/Q0102,Self-Employment / Enterprise,Medium,False,21.6
JOB_F1F3C581,Punjab,Muktsar,Electrical & Solar,Wireman Helper,ELE/Q6001,Daily Wage,Low,False,15.0
JOB_E54998AD,Punjab,Muktsar,Electrical & Solar,Wireman Helper,ELE/Q6001,Daily Wage,Medium,False,11.3
JOB_3165CE78,Punjab,Muktsar,Artisan & Carpentry,Assistant Carpenter,CON/Q0102,Self-Employment / Enterprise,Medium,True,16.5
JOB_D302045D,Punjab,Muktsar,Garments & Tailoring,Industrial Sewing Machine Operator,AMH/Q0301,Fixed Monthly,High,True,18.3
JOB_F06E527C,Punjab,Muktsar,Construction,Assistant Mason,CON/Q0101,Fixed Monthly,Medium,False,12.5
JOB_133C82DE,Punjab,Muktsar,Agriculture & Dairy,Dairy Farmer & Animal Husbandry Assistant,AGR/Q4101,Self-Employment / Enterprise,Low,True,12.4
JOB_3C1FB4D3,Punjab,Muktsar,Construction,Assistant Mason,CON/Q0101,Daily Wage,Medium,True,12.7
JOB_3181E160,Punjab,Muktsar,Handicrafts & Leather,Leather Goods Maker / Footwear Repairer,LSS/Q2501,Daily Wage,Low,True,20.5
JOB_65772F1C,Punjab,Muktsar,Plumbing & Water Works,Plumber General,PSC/Q0104,Self-Employment / Enterprise,Low,False,23.0
JOB_8CFC2C09,Punjab,Muktsar,Construction,Assistant Mason,CON/Q0101,Daily Wage,Low,True,16.1
JOB_E4202161,Punjab,Muktsar,Electrical & Solar,Wireman Helper,ELE/Q6001,Fixed Monthly,High,True,12.6
JOB_8ECD7764,Punjab,Muktsar,Plumbing & Water Works,Plumber General,PSC/Q0104,Self-Employment / Enterprise,Low,False,20.9
JOB_778BEBF5,Punjab,Muktsar,Artisan & Carpentry,Assistant Carpenter,CON/Q0102,Fixed Monthly,Medium,True,12.9
JOB_E712CDFB,Punjab,Muktsar,Agriculture & Dairy,Dairy Farmer & Animal Husbandry Assistant,AGR/Q4101,Self-Employment / Enterprise,Low,True,14.0
JOB_21C37C9D,Punjab,Muktsar,Construction,Assistant Mason,CON/Q0101,Self-Employment / Enterprise,Medium,False,23.6
JOB_C634EC82,Punjab,Muktsar,Agriculture & Dairy,Dairy Farmer & Animal Husbandry Assistant,AGR/Q4101,Fixed Monthly,Medium,False,19.2
JOB_4AD07AEF,Punjab,Muktsar,Artisan & Carpentry,Assistant Carpenter,CON/Q0102,Self-Employment / Enterprise,Medium,False,9.4
JOB_563CF5FD,Punjab,Muktsar,Construction,Assistant Mason,CON/Q0101,Self-Employment / Enterprise,Low,True,24.0
JOB_DDC5825F,Punjab,Muktsar,Handicrafts & Leather,Leather Goods Maker / Footwear Repairer,LSS/Q2501,Self-Employment / Enterprise,Low,True,15.6
JOB_989239D2,Punjab,Muktsar,Agriculture & Dairy,Dairy Farmer & Animal Husbandry Assistant,AGR/Q4101,Fixed Monthly,High,False,15.7
JOB_0605FD37,Punjab,Muktsar,Construction,Assistant Mason,CON/Q0101,Self-Employment / Enterprise,High,False,21.0
JOB_AB1808EA,Punjab,Muktsar,Garments & Tailoring,Industrial Sewing Machine Operator,AMH/Q0301,Daily Wage,Medium,False,24.1
JOB_816DE755,Punjab,Muktsar,Garments & Tailoring,Industrial Sewing Machine Operator,AMH/Q0301,Fixed Monthly,Low,False,12.1
JOB_42D78AC5,Punjab,Muktsar,Artisan & Carpentry,Assistant Carpenter,CON/Q0102,Daily Wage,Medium,True,11.0
JOB_1023D158,Punjab,Muktsar,Electrical & Solar,Wireman Helper,ELE/Q6001,Fixed Monthly,Medium,True,12.6
JOB_11D99F62,Punjab,Muktsar,Agriculture & Dairy,Dairy Farmer & Animal Husbandry Assistant,AGR/Q4101,Fixed Monthly,Medium,True,9.5
JOB_BB57079D,Punjab,Muktsar,Artisan & Carpentry,Assistant Carpenter,CON/Q0102,Fixed Monthly,Low,True,19.7
JOB_2329EB9C,Punjab,Muktsar,Electrical & Solar,Wireman Helper,ELE/Q6001,Fixed Monthly,Medium,False,15.6
JOB_2E74256E,Punjab,Muktsar,Garments & Tailoring,Industrial Sewing Machine Operator,AMH/Q0301,Fixed Monthly,High,True,19.0
JOB_BEA4998D,Punjab,Muktsar,Garments & Tailoring,Industrial Sewing Machine Operator,AMH/Q0301,Fixed Monthly,Medium,True,18.7
JOB_02F1453E,Punjab,Muktsar,Plumbing & Water Works,Plumber General,PSC/Q0104,Fixed Monthly,High,True,24.5
JOB_06BA2309,Punjab,Muktsar,Garments & Tailoring,Industrial Sewing Machine Operator,AMH/Q0301,Daily Wage,Medium,True,9.9
JOB_AFEF34FE,Punjab,Muktsar,Electrical & Solar,Wireman Helper,ELE/Q6001,Self-Employment / Enterprise,Medium,True,17.4
JOB_F6BBDC58,Punjab,Muktsar,Artisan & Carpentry,Assistant Carpenter,CON/Q0102,Fixed Monthly,Medium,False,11.2
JOB_F287F819,Punjab,Kapurthala,Artisan & Carpentry,Assistant Carpenter,CON/Q0102,Fixed Monthly,High,True,19.7
JOB_8B5C2C93,Punjab,Kapurthala,Garments & Tailoring,Industrial Sewing Machine Operator,AMH/Q0301,Self-Employment / Enterprise,Medium,True,15.5
JOB_18BD3764,Punjab,Kapurthala,Electrical & Solar,Wireman Helper,ELE/Q6001,Fixed Monthly,Medium,True,17.8
JOB_5DDB90D1,Punjab,Kapurthala,Handicrafts & Leather,Leather Goods Maker / Footwear Repairer,LSS/Q2501,Daily Wage,Medium,True,13.3
JOB_C76967F7,Punjab,Kapurthala,Handicrafts & Leather,Leather Goods Maker / Footwear Repairer,LSS/Q2501,Daily Wage,Medium,False,8.6
JOB_D217046F,Punjab,Kapurthala,Agriculture & Dairy,Dairy Farmer & Animal Husbandry Assistant,AGR/Q4101,Self-Employment / Enterprise,Medium,True,9.5
JOB_DB763919,Punjab,Kapurthala,Electrical & Solar,Wireman Helper,ELE/Q6001,Fixed Monthly,Medium,False,18.3
JOB_4CEBBCC6,Punjab,Kapurthala,Agriculture & Dairy,Dairy Farmer & Animal Husbandry Assistant,AGR/Q4101,Self-Employment / Enterprise,High,False,8.3
JOB_AC27EF8B,Punjab,Kapurthala,Construction,Assistant Mason,CON/Q0101,Daily Wage,Medium,False,15.6
JOB_ED535435,Punjab,Kapurthala,Artisan & Carpentry,Assistant Carpenter,CON/Q0102,Fixed Monthly,Medium,False,12.7
JOB_B26768FA,Punjab,Kapurthala,Electrical & Solar,Wireman Helper,ELE/Q6001,Fixed Monthly,Medium,True,24.0
JOB_6654B76F,Punjab,Kapurthala,Handicrafts & Leather,Leather Goods Maker / Footwear Repairer,LSS/Q2501,Daily Wage,Low,False,21.9
JOB_C23986C5,Punjab,Kapurthala,Plumbing & Water Works,Plumber General,PSC/Q0104,Self-Employment / Enterprise,Medium,False,8.2
JOB_2E4B26A6,Punjab,Kapurthala,Garments & Tailoring,Industrial Sewing Machine Operator,AMH/Q0301,Fixed Monthly,High,False,8.7
JOB_2EC775F4,Punjab,Kapurthala,Garments & Tailoring,Industrial Sewing Machine Operator,AMH/Q0301,Fixed Monthly,Medium,True,8.8
JOB_09185E7A,Punjab,Kapurthala,Plumbing & Water Works,Plumber General,PSC/Q0104,Fixed Monthly,Medium,False,13.8
JOB_265E5A0D,Punjab,Kapurthala,Electrical & Solar,Wireman Helper,ELE/Q6001,Fixed Monthly,High,True,23.2
JOB_481EF345,Punjab,Kapurthala,Plumbing & Water Works,Plumber General,PSC/Q0104,Daily Wage,Medium,False,17.7
JOB_DF5BB58E,Punjab,Kapurthala,Electrical & Solar,Wireman Helper,ELE/Q6001,Self-Employment / Enterprise,High,False,15.8
JOB_ECE40399,Punjab,Kapurthala,Electrical & Solar,Wireman Helper,ELE/Q6001,Fixed Monthly,High,False,22.1
JOB_89EB6559,Punjab,Kapurthala,Electrical & Solar,Wireman Helper,ELE/Q6001,Daily Wage,Medium,True,24.2
JOB_F4BD04F3,Punjab,Kapurthala,Plumbing & Water Works,Plumber General,PSC/Q0104,Daily Wage,Medium,True,16.7
JOB_F481327A,Punjab,Kapurthala,Handicrafts & Leather,Leather Goods Maker / Footwear Repairer,LSS/Q2501,Fixed Monthly,Medium,True,17.4
JOB_0C1ADFC4,Punjab,Kapurthala,Plumbing & Water Works,Plumber General,PSC/Q0104,Self-Employment / Enterprise,Low,True,9.0
JOB_573E4D04,Punjab,Kapurthala,Garments & Tailoring,Industrial Sewing Machine Operator,AMH/Q0301,Daily Wage,Low,False,13.1
JOB_AFBF96A1,Punjab,Kapurthala,Handicrafts & Leather,Leather Goods Maker / Footwear Repairer,LSS/Q2501,Fixed Monthly,High,False,19.2
JOB_7B0DAD6F,Punjab,Kapurthala,Artisan & Carpentry,Assistant Carpenter,CON/Q0102,Self-Employment / Enterprise,Medium,False,21.8
JOB_D2CA9B2D,Punjab,Kapurthala,Electrical & Solar,Wireman Helper,ELE/Q6001,Fixed Monthly,Medium,True,9.3
JOB_C99C6B9C,Punjab,Kapurthala,Electrical & Solar,Wireman Helper,ELE/Q6001,Fixed Monthly,Medium,False,10.4
JOB_0B4D1D15,Punjab,Kapurthala,Electrical & Solar,Wireman Helper,ELE/Q6001,Fixed Monthly,Medium,True,13.9
JOB_4D933D16,Punjab,Kapurthala,Artisan & Carpentry,Assistant Carpenter,CON/Q0102,Daily Wage,Medium,True,12.9
JOB_65A54A5C,Punjab,Kapurthala,Construction,Assistant Mason,CON/Q0101,Fixed Monthly,Medium,False,12.3
JOB_B140414E,Punjab,Kapurthala,Garments & Tailoring,Industrial Sewing Machine Operator,AMH/Q0301,Fixed Monthly,Medium,True,10.4
JOB_F5090FA4,Punjab,Kapurthala,Handicrafts & Leather,Leather Goods Maker / Footwear Repairer,LSS/Q2501,Fixed Monthly,Medium,True,16.5
JOB_C512ACEB,Punjab,Kapurthala,Construction,Assistant Mason,CON/Q0101,Fixed Monthly,Medium,False,12.4
JOB_290CB839,Punjab,Kapurthala,Electrical & Solar,Wireman Helper,ELE/Q6001,Self-Employment / Enterprise,High,False,18.1
JOB_66429A12,Punjab,Kapurthala,Plumbing & Water Works,Plumber General,PSC/Q0104,Fixed Monthly,Medium,False,11.0
JOB_5D676648,Punjab,Kapurthala,Handicrafts & Leather,Leather Goods Maker / Footwear Repairer,LSS/Q2501,Daily Wage,High,False,9.8
JOB_6ABEF308,Punjab,Kapurthala,Handicrafts & Leather,Leather Goods Maker / Footwear Repairer,LSS/Q2501,Self-Employment / Enterprise,Low,True,24.7
JOB_880BBEE4,Punjab,Kapurthala,Construction,Assistant Mason,CON/Q0101,Self-Employment / Enterprise,Medium,True,21.3
JOB_CDD061EE,Punjab,Kapurthala,Electrical & Solar,Wireman Helper,ELE/Q6001,Fixed Monthly,Low,True,15.9
JOB_53F61910,Punjab,Kapurthala,Electrical & Solar,Wireman Helper,ELE/Q6001,Fixed Monthly,Medium,True,17.1
JOB_E3EC9441,Punjab,Kapurthala,Electrical & Solar,Wireman Helper,ELE/Q6001,Daily Wage,Medium,False,24.7
JOB_88BC7DB9,Punjab,Kapurthala,Handicrafts & Leather,Leather Goods Maker / Footwear Repairer,LSS/Q2501,Daily Wage,Low,True,20.5
JOB_A350CCB3,Punjab,Kapurthala,Electrical & Solar,Wireman Helper,ELE/Q6001,Fixed Monthly,High,True,14.3
JOB_46AE6247,Punjab,Kapurthala,Electrical & Solar,Wireman Helper,ELE/Q6001,Fixed Monthly,High,True,12.6
JOB_08352131,Punjab,Kapurthala,Plumbing & Water Works,Plumber General,PSC/Q0104,Daily Wage,Medium,True,22.3
JOB_6155B135,Punjab,Kapurthala,Agriculture & Dairy,Dairy Farmer & Animal Husbandry Assistant,AGR/Q4101,Fixed Monthly,Low,False,18.3
JOB_3EB8DF94,Punjab,Kapurthala,Agriculture & Dairy,Dairy Farmer & Animal Husbandry Assistant,AGR/Q4101,Fixed Monthly,High,False,15.6
JOB_727F0D8A,Punjab,Kapurthala,Garments & Tailoring,Industrial Sewing Machine Operator,AMH/Q0301,Self-Employment / Enterprise,Medium,True,14.0
JOB_FDB83273,Punjab,Kapurthala,Garments & Tailoring,Industrial Sewing Machine Operator,AMH/Q0301,Daily Wage,Low,True,11.9
JOB_4FD1D100,Punjab,Kapurthala,Plumbing & Water Works,Plumber General,PSC/Q0104,Daily Wage,High,False,18.1
JOB_0E4EE525,Punjab,Kapurthala,Electrical & Solar,Wireman Helper,ELE/Q6001,Self-Employment / Enterprise,High,False,15.8
JOB_7A8611BC,Punjab,Kapurthala,Artisan & Carpentry,Assistant Carpenter,CON/Q0102,Self-Employment / Enterprise,Medium,False,10.0
JOB_D713D037,Punjab,Kapurthala,Electrical & Solar,Wireman Helper,ELE/Q6001,Self-Employment / Enterprise,Medium,True,10.1
JOB_1C489FA7,Punjab,Kapurthala,Artisan & Carpentry,Assistant Carpenter,CON/Q0102,Fixed Monthly,Medium,True,23.0
JOB_2696304D,Punjab,Kapurthala,Plumbing & Water Works,Plumber General,PSC/Q0104,Self-Employment / Enterprise,High,False,11.8
JOB_0EA492FA,Punjab,Kapurthala,Construction,Assistant Mason,CON/Q0101,Fixed Monthly,Medium,True,20.6
JOB_78CFE9CE,Punjab,Kapurthala,Agriculture & Dairy,Dairy Farmer & Animal Husbandry Assistant,AGR/Q4101,Daily Wage,Low,True,15.6
JOB_3003B7FF,Punjab,Kapurthala,Artisan & Carpentry,Assistant Carpenter,CON/Q0102,Fixed Monthly,High,True,14.4
JOB_504DAB60,Punjab,Kapurthala,Garments & Tailoring,Industrial Sewing Machine Operator,AMH/Q0301,Daily Wage,Medium,False,8.1
JOB_1B8F1DAE,Punjab,Kapurthala,Electrical & Solar,Wireman Helper,ELE/Q6001,Self-Employment / Enterprise,Medium,False,23.1
JOB_FA6662EF,Punjab,Kapurthala,Agriculture & Dairy,Dairy Farmer & Animal Husbandry Assistant,AGR/Q4101,Daily Wage,Medium,False,24.8
JOB_41861991,Punjab,Kapurthala,Handicrafts & Leather,Leather Goods Maker / Footwear Repairer,LSS/Q2501,Self-Employment / Enterprise,Medium,True,21.0
JOB_9E6EC359,Punjab,Kapurthala,Handicrafts & Leather,Leather Goods Maker / Footwear Repairer,LSS/Q2501,Fixed Monthly,Medium,False,20.2
JOB_05E39E84,Punjab,Kapurthala,Electrical & Solar,Wireman Helper,ELE/Q6001,Fixed Monthly,Medium,True,13.5
JOB_D70D89CD,Punjab,Kapurthala,Handicrafts & Leather,Leather Goods Maker / Footwear Repairer,LSS/Q2501,Daily Wage,Medium,False,10.3
JOB_86316622,Punjab,Kapurthala,Construction,Assistant Mason,CON/Q0101,Daily Wage,High,True,10.7
JOB_89F6667E,Punjab,Kapurthala,Artisan & Carpentry,Assistant Carpenter,CON/Q0102,Self-Employment / Enterprise,Medium,True,10.9
JOB_EB2B4722,Punjab,Kapurthala,Agriculture & Dairy,Dairy Farmer & Animal Husbandry Assistant,AGR/Q4101,Fixed Monthly,High,True,21.5
JOB_E4C2EC18,Punjab,Kapurthala,Agriculture & Dairy,Dairy Farmer & Animal Husbandry Assistant,AGR/Q4101,Daily Wage,High,False,19.2
JOB_2EACFB3F,Punjab,Kapurthala,Garments & Tailoring,Industrial Sewing Machine Operator,AMH/Q0301,Self-Employment / Enterprise,Medium,False,16.2
JOB_CCA23B52,Punjab,Kapurthala,Plumbing & Water Works,Plumber General,PSC/Q0104,Fixed Monthly,High,True,23.7
JOB_8BAA9A60,Punjab,Kapurthala,Handicrafts & Leather,Leather Goods Maker / Footwear Repairer,LSS/Q2501,Fixed Monthly,High,True,14.1
JOB_B6FD6261,Punjab,Kapurthala,Handicrafts & Leather,Leather Goods Maker / Footwear Repairer,LSS/Q2501,Daily Wage,High,False,12.5
JOB_7BF77641,Punjab,Kapurthala,Electrical & Solar,Wireman Helper,ELE/Q6001,Daily Wage,Medium,True,9.8
JOB_0F430090,Punjab,Kapurthala,Plumbing & Water Works,Plumber General,PSC/Q0104,Self-Employment / Enterprise,Medium,False,21.2
JOB_867A876C,Punjab,Kapurthala,Plumbing & Water Works,Plumber General,PSC/Q0104,Daily Wage,High,True,11.0
JOB_0D7CDB90,Punjab,Kapurthala,Electrical & Solar,Wireman Helper,ELE/Q6001,Fixed Monthly,Medium,False,15.6
JOB_615F240A,Punjab,Kapurthala,Artisan & Carpentry,Assistant Carpenter,CON/Q0102,Self-Employment / Enterprise,Medium,True,18.2
JOB_590FB9C3,Punjab,Kapurthala,Plumbing & Water Works,Plumber General,PSC/Q0104,Daily Wage,Medium,False,18.5
JOB_B478E22D,Punjab,Kapurthala,Plumbing & Water Works,Plumber General,PSC/Q0104,Daily Wage,High,True,23.4
JOB_CA896D1F,Punjab,Kapurthala,Agriculture & Dairy,Dairy Farmer & Animal Husbandry Assistant,AGR/Q4101,Self-Employment / Enterprise,Low,False,23.4
JOB_3C4682E6,Punjab,Kapurthala,Garments & Tailoring,Industrial Sewing Machine Operator,AMH/Q0301,Fixed Monthly,Medium,True,21.5
JOB_3F75F40E,Punjab,Kapurthala,Handicrafts & Leather,Leather Goods Maker / Footwear Repairer,LSS/Q2501,Self-Employment / Enterprise,Low,True,17.5
JOB_C2095478,Punjab,Kapurthala,Handicrafts & Leather,Leather Goods Maker / Footwear Repairer,LSS/Q2501,Fixed Monthly,Medium,True,15.1
JOB_77007D50,Punjab,Kapurthala,Plumbing & Water Works,Plumber General,PSC/Q0104,Daily Wage,Medium,True,13.5
JOB_F4105580,Punjab,Kapurthala,Artisan & Carpentry,Assistant Carpenter,CON/Q0102,Fixed Monthly,Medium,False,12.3
JOB_B1480436,Punjab,Kapurthala,Electrical & Solar,Wireman Helper,ELE/Q6001,Self-Employment / Enterprise,Low,False,20.5
JOB_57ECECBD,Punjab,Kapurthala,Electrical & Solar,Wireman Helper,ELE/Q6001,Self-Employment / Enterprise,High,True,15.7
JOB_1B234640,Punjab,Kapurthala,Plumbing & Water Works,Plumber General,PSC/Q0104,Fixed Monthly,High,True,20.9
JOB_8AA5BCE0,Punjab,Kapurthala,Garments & Tailoring,Industrial Sewing Machine Operator,AMH/Q0301,Daily Wage,Low,False,13.1
JOB_47D59A6A,Punjab,Kapurthala,Agriculture & Dairy,Dairy Farmer & Animal Husbandry Assistant,AGR/Q4101,Self-Employment / Enterprise,High,False,9.3
JOB_5B304280,Punjab,Kapurthala,Construction,Assistant Mason,CON/Q0101,Daily Wage,High,True,8.3
JOB_65EA8D6C,Punjab,Kapurthala,Construction,Assistant Mason,CON/Q0101,Fixed Monthly,High,True,21.5
JOB_C374D569,Punjab,Kapurthala,Garments & Tailoring,Industrial Sewing Machine Operator,AMH/Q0301,Self-Employment / Enterprise,High,True,24.2
JOB_D9A70AF2,Punjab,Kapurthala,Electrical & Solar,Wireman Helper,ELE/Q6001,Self-Employment / Enterprise,High,True,16.6
JOB_B16808AB,West Bengal,South 24 Parganas,Artisan & Carpentry,Assistant Carpenter,CON/Q0102,Self-Employment / Enterprise,Low,True,21.8
JOB_3BAE5FEA,West Bengal,South 24 Parganas,Plumbing & Water Works,Plumber General,PSC/Q0104,Daily Wage,High,False,8.4
JOB_96180997,West Bengal,South 24 Parganas,Agriculture & Dairy,Dairy Farmer & Animal Husbandry Assistant,AGR/Q4101,Self-Employment / Enterprise,High,False,22.3
JOB_B9B4CDA9,West Bengal,South 24 Parganas,Agriculture & Dairy,Dairy Farmer & Animal Husbandry Assistant,AGR/Q4101,Self-Employment / Enterprise,Low,True,13.6
JOB_24B7F345,West Bengal,South 24 Parganas,Artisan & Carpentry,Assistant Carpenter,CON/Q0102,Fixed Monthly,Low,True,19.2
JOB_DC688107,West Bengal,South 24 Parganas,Plumbing & Water Works,Plumber General,PSC/Q0104,Daily Wage,Low,False,17.5
JOB_D5FD6C1B,West Bengal,South 24 Parganas,Electrical & Solar,Wireman Helper,ELE/Q6001,Self-Employment / Enterprise,High,False,14.7
JOB_1CFD1911,West Bengal,South 24 Parganas,Plumbing & Water Works,Plumber General,PSC/Q0104,Self-Employment / Enterprise,Medium,False,18.2
JOB_412BEA1E,West Bengal,South 24 Parganas,Agriculture & Dairy,Dairy Farmer & Animal Husbandry Assistant,AGR/Q4101,Fixed Monthly,Medium,True,22.1
JOB_365E7D34,West Bengal,South 24 Parganas,Plumbing & Water Works,Plumber General,PSC/Q0104,Fixed Monthly,Low,False,12.3
JOB_F4F8987D,West Bengal,South 24 Parganas,Agriculture & Dairy,Dairy Farmer & Animal Husbandry Assistant,AGR/Q4101,Daily Wage,Low,True,20.5
JOB_571A1FB4,West Bengal,South 24 Parganas,Garments & Tailoring,Industrial Sewing Machine Operator,AMH/Q0301,Fixed Monthly,High,True,23.8
JOB_FB9D3C86,West Bengal,South 24 Parganas,Agriculture & Dairy,Dairy Farmer & Animal Husbandry Assistant,AGR/Q4101,Fixed Monthly,Low,True,16.9
JOB_8BB636DE,West Bengal,South 24 Parganas,Artisan & Carpentry,Assistant Carpenter,CON/Q0102,Self-Employment / Enterprise,Medium,True,21.4
JOB_9170128B,West Bengal,South 24 Parganas,Plumbing & Water Works,Plumber General,PSC/Q0104,Daily Wage,Medium,False,24.2
JOB_AA9A5BCA,West Bengal,South 24 Parganas,Artisan & Carpentry,Assistant Carpenter,CON/Q0102,Self-Employment / Enterprise,Medium,True,13.2
JOB_7BC19F3B,West Bengal,South 24 Parganas,Garments & Tailoring,Industrial Sewing Machine Operator,AMH/Q0301,Daily Wage,Low,True,19.9
JOB_9AC191D5,West Bengal,South 24 Parganas,Agriculture & Dairy,Dairy Farmer & Animal Husbandry Assistant,AGR/Q4101,Daily Wage,Low,False,14.1
JOB_D6242F40,West Bengal,South 24 Parganas,Plumbing & Water Works,Plumber General,PSC/Q0104,Self-Employment / Enterprise,Medium,False,16.6
JOB_314C4D66,West Bengal,South 24 Parganas,Artisan & Carpentry,Assistant Carpenter,CON/Q0102,Fixed Monthly,High,True,13.1
JOB_7BAC42CE,West Bengal,South 24 Parganas,Garments & Tailoring,Industrial Sewing Machine Operator,AMH/Q0301,Self-Employment / Enterprise,High,False,16.6
JOB_8C5F850D,West Bengal,South 24 Parganas,Construction,Assistant Mason,CON/Q0101,Daily Wage,Medium,False,19.9
JOB_7D7C83EC,West Bengal,South 24 Parganas,Agriculture & Dairy,Dairy Farmer & Animal Husbandry Assistant,AGR/Q4101,Fixed Monthly,Medium,False,18.7
JOB_6A2A88BC,West Bengal,South 24 Parganas,Agriculture & Dairy,Dairy Farmer & Animal Husbandry Assistant,AGR/Q4101,Fixed Monthly,Medium,False,11.9
JOB_0E2A03D0,West Bengal,South 24 Parganas,Electrical & Solar,Wireman Helper,ELE/Q6001,Self-Employment / Enterprise,Low,False,15.9
JOB_32F6E2DA,West Bengal,South 24 Parganas,Electrical & Solar,Wireman Helper,ELE/Q6001,Fixed Monthly,Low,True,16.8
JOB_A83A25EA,West Bengal,South 24 Parganas,Handicrafts & Leather,Leather Goods Maker / Footwear Repairer,LSS/Q2501,Self-Employment / Enterprise,High,True,19.1
JOB_5E63D2B8,West Bengal,South 24 Parganas,Handicrafts & Leather,Leather Goods Maker / Footwear Repairer,LSS/Q2501,Self-Employment / Enterprise,Medium,False,19.0
JOB_7C968326,West Bengal,South 24 Parganas,Construction,Assistant Mason,CON/Q0101,Fixed Monthly,Medium,False,8.1
JOB_5994B17F,West Bengal,South 24 Parganas,Garments & Tailoring,Industrial Sewing Machine Operator,AMH/Q0301,Fixed Monthly,Low,True,23.7
JOB_16D7F045,West Bengal,South 24 Parganas,Plumbing & Water Works,Plumber General,PSC/Q0104,Fixed Monthly,High,False,13.5
JOB_3D4C6CBD,West Bengal,South 24 Parganas,Handicrafts & Leather,Leather Goods Maker / Footwear Repairer,LSS/Q2501,Daily Wage,High,True,15.1
JOB_B4CF1ACB,West Bengal,South 24 Parganas,Artisan & Carpentry,Assistant Carpenter,CON/Q0102,Self-Employment / Enterprise,Medium,True,12.5
JOB_F0C4F594,West Bengal,South 24 Parganas,Plumbing & Water Works,Plumber General,PSC/Q0104,Daily Wage,High,True,8.0
JOB_A307BC52,West Bengal,South 24 Parganas,Electrical & Solar,Wireman Helper,ELE/Q6001,Self-Employment / Enterprise,High,True,10.1
JOB_737E6D6A,West Bengal,South 24 Parganas,Plumbing & Water Works,Plumber General,PSC/Q0104,Fixed Monthly,Medium,True,18.3
JOB_19572426,West Bengal,South 24 Parganas,Artisan & Carpentry,Assistant Carpenter,CON/Q0102,Self-Employment / Enterprise,Low,False,22.3
JOB_8B07790A,West Bengal,South 24 Parganas,Electrical & Solar,Wireman Helper,ELE/Q6001,Self-Employment / Enterprise,High,True,17.3
JOB_1F33A8F9,West Bengal,South 24 Parganas,Handicrafts & Leather,Leather Goods Maker / Footwear Repairer,LSS/Q2501,Daily Wage,Medium,False,12.7
JOB_16F6782E,West Bengal,South 24 Parganas,Handicrafts & Leather,Leather Goods Maker / Footwear Repairer,LSS/Q2501,Self-Employment / Enterprise,Medium,True,11.1
JOB_1603195F,West Bengal,South 24 Parganas,Agriculture & Dairy,Dairy Farmer & Animal Husbandry Assistant,AGR/Q4101,Self-Employment / Enterprise,High,False,12.0
JOB_69329BB3,West Bengal,South 24 Parganas,Handicrafts & Leather,Leather Goods Maker / Footwear Repairer,LSS/Q2501,Self-Employment / Enterprise,Medium,False,13.7
JOB_78B29655,West Bengal,South 24 Parganas,Construction,Assistant Mason,CON/Q0101,Self-Employment / Enterprise,High,True,11.3
JOB_270A6554,West Bengal,South 24 Parganas,Construction,Assistant Mason,CON/Q0101,Self-Employment / Enterprise,High,False,24.2
JOB_7BC75F93,West Bengal,South 24 Parganas,Artisan & Carpentry,Assistant Carpenter,CON/Q0102,Fixed Monthly,High,False,10.1
JOB_8AE2D50B,West Bengal,South 24 Parganas,Artisan & Carpentry,Assistant Carpenter,CON/Q0102,Daily Wage,Medium,True,12.6
JOB_FA9D5449,West Bengal,South 24 Parganas,Garments & Tailoring,Industrial Sewing Machine Operator,AMH/Q0301,Fixed Monthly,Medium,False,15.9
JOB_B46E0AFF,West Bengal,South 24 Parganas,Artisan & Carpentry,Assistant Carpenter,CON/Q0102,Fixed Monthly,Medium,False,22.6
JOB_133BAE71,West Bengal,South 24 Parganas,Artisan & Carpentry,Assistant Carpenter,CON/Q0102,Self-Employment / Enterprise,Medium,False,11.6
JOB_351F2DFD,West Bengal,South 24 Parganas,Garments & Tailoring,Industrial Sewing Machine Operator,AMH/Q0301,Daily Wage,Medium,False,18.6
JOB_7A056220,West Bengal,South 24 Parganas,Garments & Tailoring,Industrial Sewing Machine Operator,AMH/Q0301,Self-Employment / Enterprise,Medium,True,8.5
JOB_5B159334,West Bengal,South 24 Parganas,Plumbing & Water Works,Plumber General,PSC/Q0104,Fixed Monthly,Medium,True,18.1
JOB_3736BE96,West Bengal,South 24 Parganas,Garments & Tailoring,Industrial Sewing Machine Operator,AMH/Q0301,Fixed Monthly,Medium,False,18.8
JOB_1F3BE213,West Bengal,South 24 Parganas,Garments & Tailoring,Industrial Sewing Machine Operator,AMH/Q0301,Daily Wage,High,False,8.5
JOB_15C203FF,West Bengal,South 24 Parganas,Plumbing & Water Works,Plumber General,PSC/Q0104,Self-Employment / Enterprise,Low,True,11.7
JOB_E9E281A5,West Bengal,South 24 Parganas,Artisan & Carpentry,Assistant Carpenter,CON/Q0102,Daily Wage,Medium,True,20.5
JOB_79BF5E6D,West Bengal,South 24 Parganas,Agriculture & Dairy,Dairy Farmer & Animal Husbandry Assistant,AGR/Q4101,Self-Employment / Enterprise,Medium,False,17.3
JOB_6D07F607,West Bengal,South 24 Parganas,Construction,Assistant Mason,CON/Q0101,Fixed Monthly,High,False,12.6
JOB_DCA8DA17,West Bengal,South 24 Parganas,Agriculture & Dairy,Dairy Farmer & Animal Husbandry Assistant,AGR/Q4101,Fixed Monthly,High,True,24.6
JOB_48FB81E1,West Bengal,South 24 Parganas,Artisan & Carpentry,Assistant Carpenter,CON/Q0102,Fixed Monthly,Medium,True,24.6
JOB_338F4A70,West Bengal,South 24 Parganas,Agriculture & Dairy,Dairy Farmer & Animal Husbandry Assistant,AGR/Q4101,Daily Wage,High,True,23.4
JOB_D7E2E040,West Bengal,South 24 Parganas,Artisan & Carpentry,Assistant Carpenter,CON/Q0102,Fixed Monthly,Low,False,9.8
JOB_A09805C2,West Bengal,South 24 Parganas,Handicrafts & Leather,Leather Goods Maker / Footwear Repairer,LSS/Q2501,Fixed Monthly,Medium,False,9.6
JOB_3E2445D7,West Bengal,South 24 Parganas,Construction,Assistant Mason,CON/Q0101,Self-Employment / Enterprise,Low,False,24.4
JOB_A3F6C15B,West Bengal,South 24 Parganas,Artisan & Carpentry,Assistant Carpenter,CON/Q0102,Daily Wage,Medium,False,10.6
JOB_85A7DFCC,West Bengal,South 24 Parganas,Artisan & Carpentry,Assistant Carpenter,CON/Q0102,Fixed Monthly,Medium,True,11.7
JOB_D56F95B1,West Bengal,South 24 Parganas,Electrical & Solar,Wireman Helper,ELE/Q6001,Self-Employment / Enterprise,Medium,False,11.0
JOB_38663914,West Bengal,South 24 Parganas,Handicrafts & Leather,Leather Goods Maker / Footwear Repairer,LSS/Q2501,Daily Wage,Medium,False,18.1
JOB_59B29C57,West Bengal,South 24 Parganas,Artisan & Carpentry,Assistant Carpenter,CON/Q0102,Daily Wage,Medium,False,9.7
JOB_A4412359,West Bengal,South 24 Parganas,Handicrafts & Leather,Leather Goods Maker / Footwear Repairer,LSS/Q2501,Daily Wage,Medium,False,17.1
JOB_7D9B04F0,West Bengal,South 24 Parganas,Plumbing & Water Works,Plumber General,PSC/Q0104,Daily Wage,Medium,False,11.6
JOB_7340F2DB,West Bengal,Bardhaman,Plumbing & Water Works,Plumber General,PSC/Q0104,Daily Wage,Medium,False,15.2
JOB_8796C9EF,West Bengal,Bardhaman,Handicrafts & Leather,Leather Goods Maker / Footwear Repairer,LSS/Q2501,Self-Employment / Enterprise,Medium,False,17.3
JOB_3BDC5E0F,West Bengal,Bardhaman,Construction,Assistant Mason,CON/Q0101,Fixed Monthly,High,True,10.3
JOB_295A1A4E,West Bengal,Bardhaman,Artisan & Carpentry,Assistant Carpenter,CON/Q0102,Self-Employment / Enterprise,Medium,True,11.1
JOB_2D117147,West Bengal,Bardhaman,Artisan & Carpentry,Assistant Carpenter,CON/Q0102,Daily Wage,Medium,True,20.6
JOB_D167CF40,West Bengal,Bardhaman,Artisan & Carpentry,Assistant Carpenter,CON/Q0102,Self-Employment / Enterprise,Medium,False,15.6
JOB_6ACFCE9E,West Bengal,Bardhaman,Construction,Assistant Mason,CON/Q0101,Daily Wage,Low,False,12.3
JOB_EF5DAC54,West Bengal,Bardhaman,Handicrafts & Leather,Leather Goods Maker / Footwear Repairer,LSS/Q2501,Self-Employment / Enterprise,Low,False,20.2
JOB_81B15C25,West Bengal,Bardhaman,Electrical & Solar,Wireman Helper,ELE/Q6001,Daily Wage,High,True,12.2
JOB_F53B662C,West Bengal,Bardhaman,Construction,Assistant Mason,CON/Q0101,Fixed Monthly,Medium,False,14.3
JOB_4DF7DA84,West Bengal,Bardhaman,Artisan & Carpentry,Assistant Carpenter,CON/Q0102,Self-Employment / Enterprise,Medium,True,17.2
JOB_965F0D7B,West Bengal,Bardhaman,Electrical & Solar,Wireman Helper,ELE/Q6001,Daily Wage,High,True,13.1
JOB_AB804710,West Bengal,Bardhaman,Construction,Assistant Mason,CON/Q0101,Fixed Monthly,Medium,False,9.3
JOB_3043F9C6,West Bengal,Bardhaman,Handicrafts & Leather,Leather Goods Maker / Footwear Repairer,LSS/Q2501,Daily Wage,High,False,19.1
JOB_377EEFDD,West Bengal,Bardhaman,Construction,Assistant Mason,CON/Q0101,Daily Wage,Medium,True,16.4
JOB_1EBD8EDC,West Bengal,Bardhaman,Agriculture & Dairy,Dairy Farmer & Animal Husbandry Assistant,AGR/Q4101,Daily Wage,Medium,True,10.2
JOB_BFB63742,West Bengal,Bardhaman,Garments & Tailoring,Industrial Sewing Machine Operator,AMH/Q0301,Daily Wage,High,False,24.3
JOB_C907373A,West Bengal,Bardhaman,Handicrafts & Leather,Leather Goods Maker / Footwear Repairer,LSS/Q2501,Self-Employment / Enterprise,Medium,False,22.8
JOB_8B8A8814,West Bengal,Bardhaman,Agriculture & Dairy,Dairy Farmer & Animal Husbandry Assistant,AGR/Q4101,Self-Employment / Enterprise,High,True,16.3
JOB_6658F57E,West Bengal,Bardhaman,Handicrafts & Leather,Leather Goods Maker / Footwear Repairer,LSS/Q2501,Self-Employment / Enterprise,High,True,21.4
JOB_5AF5491F,West Bengal,Bardhaman,Handicrafts & Leather,Leather Goods Maker / Footwear Repairer,LSS/Q2501,Daily Wage,High,True,16.9
JOB_1C3FBB9D,West Bengal,Bardhaman,Construction,Assistant Mason,CON/Q0101,Self-Employment / Enterprise,Medium,False,23.3
JOB_105A74AF,West Bengal,Bardhaman,Plumbing & Water Works,Plumber General,PSC/Q0104,Daily Wage,Medium,True,22.3
JOB_BDC02B07,West Bengal,Bardhaman,Plumbing & Water Works,Plumber General,PSC/Q0104,Daily Wage,Medium,False,13.2
JOB_970347D5,West Bengal,Bardhaman,Construction,Assistant Mason,CON/Q0101,Fixed Monthly,Low,False,8.6
JOB_BE6963B2,West Bengal,Bardhaman,Plumbing & Water Works,Plumber General,PSC/Q0104,Daily Wage,High,False,23.5
JOB_73BCB1EF,West Bengal,Bardhaman,Construction,Assistant Mason,CON/Q0101,Self-Employment / Enterprise,Medium,True,13.2
JOB_6EAE1BEF,West Bengal,Bardhaman,Electrical & Solar,Wireman Helper,ELE/Q6001,Daily Wage,High,True,18.9
JOB_5CE61BCA,West Bengal,Bardhaman,Artisan & Carpentry,Assistant Carpenter,CON/Q0102,Daily Wage,Medium,True,18.5
JOB_15DB4075,West Bengal,Bardhaman,Plumbing & Water Works,Plumber General,PSC/Q0104,Daily Wage,High,False,22.2
JOB_5B964E9F,West Bengal,Bardhaman,Artisan & Carpentry,Assistant Carpenter,CON/Q0102,Self-Employment / Enterprise,Medium,True,17.1
JOB_1D12CD37,West Bengal,Bardhaman,Agriculture & Dairy,Dairy Farmer & Animal Husbandry Assistant,AGR/Q4101,Daily Wage,High,False,11.6
JOB_78921019,West Bengal,Bardhaman,Garments & Tailoring,Industrial Sewing Machine Operator,AMH/Q0301,Daily Wage,Medium,True,23.8
JOB_ACF5D474,West Bengal,Bardhaman,Construction,Assistant Mason,CON/Q0101,Daily Wage,Medium,False,18.4
JOB_455E9E1D,West Bengal,Bardhaman,Electrical & Solar,Wireman Helper,ELE/Q6001,Fixed Monthly,Low,False,24.2
JOB_2630CE24,West Bengal,Bardhaman,Construction,Assistant Mason,CON/Q0101,Fixed Monthly,High,True,18.5
JOB_680D2EE9,West Bengal,Bardhaman,Garments & Tailoring,Industrial Sewing Machine Operator,AMH/Q0301,Fixed Monthly,High,True,19.7
JOB_6472589D,West Bengal,Bardhaman,Garments & Tailoring,Industrial Sewing Machine Operator,AMH/Q0301,Self-Employment / Enterprise,High,True,12.9
JOB_9EA2D1F5,West Bengal,Bardhaman,Handicrafts & Leather,Leather Goods Maker / Footwear Repairer,LSS/Q2501,Fixed Monthly,High,False,21.7
JOB_ABA3E912,West Bengal,Bardhaman,Plumbing & Water Works,Plumber General,PSC/Q0104,Self-Employment / Enterprise,Low,True,8.5
JOB_EEFCF90C,West Bengal,Bardhaman,Handicrafts & Leather,Leather Goods Maker / Footwear Repairer,LSS/Q2501,Self-Employment / Enterprise,Medium,False,11.3
JOB_6E756270,West Bengal,Bardhaman,Construction,Assistant Mason,CON/Q0101,Fixed Monthly,High,True,12.8
JOB_B8B57515,West Bengal,Bardhaman,Plumbing & Water Works,Plumber General,PSC/Q0104,Fixed Monthly,Medium,True,17.0
JOB_6FDFE826,West Bengal,Bardhaman,Construction,Assistant Mason,CON/Q0101,Fixed Monthly,Medium,False,20.5
JOB_71D4AF7C,West Bengal,Bardhaman,Plumbing & Water Works,Plumber General,PSC/Q0104,Fixed Monthly,Medium,False,19.9
JOB_9A64B4A0,West Bengal,Bardhaman,Handicrafts & Leather,Leather Goods Maker / Footwear Repairer,LSS/Q2501,Daily Wage,Medium,False,17.4
JOB_7021E27C,West Bengal,Bardhaman,Electrical & Solar,Wireman Helper,ELE/Q6001,Daily Wage,Medium,True,14.3
JOB_97DAF463,West Bengal,Bardhaman,Electrical & Solar,Wireman Helper,ELE/Q6001,Fixed Monthly,Low,True,9.5
JOB_FEB8BD13,West Bengal,Bardhaman,Agriculture & Dairy,Dairy Farmer & Animal Husbandry Assistant,AGR/Q4101,Self-Employment / Enterprise,Medium,False,19.8
JOB_84FD34A7,West Bengal,Bardhaman,Plumbing & Water Works,Plumber General,PSC/Q0104,Fixed Monthly,High,False,21.4
JOB_924DB5B2,West Bengal,Bardhaman,Construction,Assistant Mason,CON/Q0101,Fixed Monthly,High,False,12.4
JOB_4784EF98,West Bengal,Bardhaman,Agriculture & Dairy,Dairy Farmer & Animal Husbandry Assistant,AGR/Q4101,Self-Employment / Enterprise,Medium,False,11.8
JOB_7D8FF9CF,West Bengal,Bardhaman,Construction,Assistant Mason,CON/Q0101,Daily Wage,Medium,True,17.6
JOB_E89CFA12,West Bengal,Bardhaman,Garments & Tailoring,Industrial Sewing Machine Operator,AMH/Q0301,Fixed Monthly,Medium,True,16.8
JOB_5767062E,West Bengal,Bardhaman,Handicrafts & Leather,Leather Goods Maker / Footwear Repairer,LSS/Q2501,Fixed Monthly,Medium,True,17.7
JOB_A6267D7D,West Bengal,Bardhaman,Artisan & Carpentry,Assistant Carpenter,CON/Q0102,Fixed Monthly,Medium,False,9.7
JOB_7D18A3E9,West Bengal,Bardhaman,Garments & Tailoring,Industrial Sewing Machine Operator,AMH/Q0301,Self-Employment / Enterprise,Medium,False,17.2
JOB_7B8865E9,West Bengal,Bardhaman,Plumbing & Water Works,Plumber General,PSC/Q0104,Daily Wage,Medium,False,10.0
JOB_34013D8F,West Bengal,Bardhaman,Plumbing & Water Works,Plumber General,PSC/Q0104,Daily Wage,High,True,17.3
JOB_ED248146,West Bengal,Bardhaman,Construction,Assistant Mason,CON/Q0101,Fixed Monthly,Low,True,15.0
JOB_DAE72E5C,West Bengal,Bardhaman,Construction,Assistant Mason,CON/Q0101,Self-Employment / Enterprise,Medium,False,12.7
JOB_5CCBF30F,West Bengal,Bardhaman,Agriculture & Dairy,Dairy Farmer & Animal Husbandry Assistant,AGR/Q4101,Self-Employment / Enterprise,High,True,20.8
JOB_4494C5D8,West Bengal,Bardhaman,Plumbing & Water Works,Plumber General,PSC/Q0104,Self-Employment / Enterprise,Low,True,17.8
JOB_75D26CAC,West Bengal,Bardhaman,Garments & Tailoring,Industrial Sewing Machine Operator,AMH/Q0301,Self-Employment / Enterprise,Medium,True,15.2
JOB_ECE7E051,West Bengal,Bardhaman,Construction,Assistant Mason,CON/Q0101,Daily Wage,High,False,11.5
JOB_4462D378,West Bengal,Bardhaman,Construction,Assistant Mason,CON/Q0101,Self-Employment / Enterprise,Medium,False,8.3
JOB_1FDA5308,West Bengal,Bardhaman,Handicrafts & Leather,Leather Goods Maker / Footwear Repairer,LSS/Q2501,Daily Wage,High,True,8.3
JOB_91668AE6,West Bengal,Bardhaman,Handicrafts & Leather,Leather Goods Maker / Footwear Repairer,LSS/Q2501,Self-Employment / Enterprise,High,True,11.0
JOB_7819FD52,West Bengal,Bardhaman,Artisan & Carpentry,Assistant Carpenter,CON/Q0102,Daily Wage,Medium,False,20.4
JOB_BB8A9CF9,West Bengal,Bardhaman,Artisan & Carpentry,Assistant Carpenter,CON/Q0102,Fixed Monthly,High,False,21.2
JOB_6AE3D076,West Bengal,Bardhaman,Electrical & Solar,Wireman Helper,ELE/Q6001,Daily Wage,Low,False,22.6
JOB_C489280E,West Bengal,Bardhaman,Plumbing & Water Works,Plumber General,PSC/Q0104,Fixed Monthly,Medium,True,19.3
JOB_C50DFCAF,West Bengal,Bardhaman,Agriculture & Dairy,Dairy Farmer & Animal Husbandry Assistant,AGR/Q4101,Daily Wage,Medium,True,12.6
JOB_4BF70A80,West Bengal,Bardhaman,Artisan & Carpentry,Assistant Carpenter,CON/Q0102,Daily Wage,Medium,False,18.4
JOB_B1802564,West Bengal,Bardhaman,Handicrafts & Leather,Leather Goods Maker / Footwear Repairer,LSS/Q2501,Daily Wage,Low,True,16.5
JOB_5A7B4EF5,West Bengal,Bardhaman,Agriculture & Dairy,Dairy Farmer & Animal Husbandry Assistant,AGR/Q4101,Daily Wage,Low,True,12.9
JOB_35278D8E,West Bengal,Bardhaman,Garments & Tailoring,Industrial Sewing Machine Operator,AMH/Q0301,Fixed Monthly,High,True,23.5
JOB_D5CE15A6,West Bengal,Jalpaiguri,Handicrafts & Leather,Leather Goods Maker / Footwear Repairer,LSS/Q2501,Daily Wage,Medium,True,19.2
JOB_CFEBA955,West Bengal,Jalpaiguri,Handicrafts & Leather,Leather Goods Maker / Footwear Repairer,LSS/Q2501,Daily Wage,High,True,12.7
JOB_05181E29,West Bengal,Jalpaiguri,Handicrafts & Leather,Leather Goods Maker / Footwear Repairer,LSS/Q2501,Self-Employment / Enterprise,Medium,False,13.9
JOB_E901D50A,West Bengal,Jalpaiguri,Construction,Assistant Mason,CON/Q0101,Self-Employment / Enterprise,Medium,False,20.3
JOB_EEE54DCF,West Bengal,Jalpaiguri,Artisan & Carpentry,Assistant Carpenter,CON/Q0102,Daily Wage,High,True,16.5
JOB_659A5216,West Bengal,Jalpaiguri,Agriculture & Dairy,Dairy Farmer & Animal Husbandry Assistant,AGR/Q4101,Self-Employment / Enterprise,High,False,22.9
JOB_B10224BE,West Bengal,Jalpaiguri,Artisan & Carpentry,Assistant Carpenter,CON/Q0102,Self-Employment / Enterprise,High,False,24.9
JOB_D61ED99B,West Bengal,Jalpaiguri,Electrical & Solar,Wireman Helper,ELE/Q6001,Daily Wage,Medium,True,22.7
JOB_1246DD0F,West Bengal,Jalpaiguri,Garments & Tailoring,Industrial Sewing Machine Operator,AMH/Q0301,Self-Employment / Enterprise,Low,False,17.9
JOB_078E9D32,West Bengal,Jalpaiguri,Agriculture & Dairy,Dairy Farmer & Animal Husbandry Assistant,AGR/Q4101,Daily Wage,Low,False,10.6
JOB_29419B58,West Bengal,Jalpaiguri,Garments & Tailoring,Industrial Sewing Machine Operator,AMH/Q0301,Fixed Monthly,High,False,18.9
JOB_40BCF236,West Bengal,Jalpaiguri,Handicrafts & Leather,Leather Goods Maker / Footwear Repairer,LSS/Q2501,Self-Employment / Enterprise,Low,True,11.3
JOB_D93FA8F3,West Bengal,Jalpaiguri,Agriculture & Dairy,Dairy Farmer & Animal Husbandry Assistant,AGR/Q4101,Self-Employment / Enterprise,Medium,False,10.8
JOB_A3AC5AD4,West Bengal,Jalpaiguri,Garments & Tailoring,Industrial Sewing Machine Operator,AMH/Q0301,Daily Wage,High,False,16.4
JOB_4EE51F5F,West Bengal,Jalpaiguri,Plumbing & Water Works,Plumber General,PSC/Q0104,Self-Employment / Enterprise,Medium,True,13.6
JOB_7BBA5DE7,West Bengal,Jalpaiguri,Electrical & Solar,Wireman Helper,ELE/Q6001,Daily Wage,Medium,True,24.0
JOB_F53B0CBB,West Bengal,Jalpaiguri,Construction,Assistant Mason,CON/Q0101,Fixed Monthly,High,True,13.4
JOB_B45A5EC2,West Bengal,Jalpaiguri,Construction,Assistant Mason,CON/Q0101,Daily Wage,High,False,22.0
JOB_A2BB76B1,West Bengal,Jalpaiguri,Artisan & Carpentry,Assistant Carpenter,CON/Q0102,Fixed Monthly,Low,False,20.2
JOB_AD62D762,West Bengal,Jalpaiguri,Agriculture & Dairy,Dairy Farmer & Animal Husbandry Assistant,AGR/Q4101,Fixed Monthly,Medium,False,16.1
JOB_D20F4CA2,West Bengal,Jalpaiguri,Handicrafts & Leather,Leather Goods Maker / Footwear Repairer,LSS/Q2501,Self-Employment / Enterprise,High,False,23.3
JOB_196BC4EC,West Bengal,Jalpaiguri,Electrical & Solar,Wireman Helper,ELE/Q6001,Daily Wage,High,True,16.6
JOB_4FC65A98,West Bengal,Jalpaiguri,Garments & Tailoring,Industrial Sewing Machine Operator,AMH/Q0301,Fixed Monthly,Low,True,13.2
JOB_1AACBD5F,West Bengal,Jalpaiguri,Artisan & Carpentry,Assistant Carpenter,CON/Q0102,Daily Wage,High,False,15.9
JOB_14C2A178,West Bengal,Jalpaiguri,Artisan & Carpentry,Assistant Carpenter,CON/Q0102,Fixed Monthly,Low,False,14.9
JOB_8E1FF50A,West Bengal,Jalpaiguri,Handicrafts & Leather,Leather Goods Maker / Footwear Repairer,LSS/Q2501,Fixed Monthly,Medium,False,14.0
JOB_6CF55D66,West Bengal,Jalpaiguri,Plumbing & Water Works,Plumber General,PSC/Q0104,Daily Wage,High,True,19.2
JOB_A07E4A2E,West Bengal,Jalpaiguri,Handicrafts & Leather,Leather Goods Maker / Footwear Repairer,LSS/Q2501,Fixed Monthly,Medium,False,12.4
JOB_B99671D6,West Bengal,Jalpaiguri,Garments & Tailoring,Industrial Sewing Machine Operator,AMH/Q0301,Self-Employment / Enterprise,Medium,True,14.8
JOB_239D4D62,West Bengal,Jalpaiguri,Artisan & Carpentry,Assistant Carpenter,CON/Q0102,Self-Employment / Enterprise,Low,True,8.9
JOB_64F1684C,West Bengal,Jalpaiguri,Handicrafts & Leather,Leather Goods Maker / Footwear Repairer,LSS/Q2501,Fixed Monthly,High,True,24.6
JOB_D668538E,West Bengal,Jalpaiguri,Garments & Tailoring,Industrial Sewing Machine Operator,AMH/Q0301,Self-Employment / Enterprise,Medium,False,20.1
JOB_58DC015E,West Bengal,Jalpaiguri,Artisan & Carpentry,Assistant Carpenter,CON/Q0102,Self-Employment / Enterprise,High,False,16.7
JOB_61B630B4,West Bengal,Jalpaiguri,Electrical & Solar,Wireman Helper,ELE/Q6001,Fixed Monthly,Medium,False,13.8
JOB_8676AB0C,West Bengal,Jalpaiguri,Construction,Assistant Mason,CON/Q0101,Fixed Monthly,High,False,21.1
JOB_AA35D437,West Bengal,Jalpaiguri,Construction,Assistant Mason,CON/Q0101,Fixed Monthly,Medium,False,18.9
JOB_645C18DB,West Bengal,Jalpaiguri,Handicrafts & Leather,Leather Goods Maker / Footwear Repairer,LSS/Q2501,Self-Employment / Enterprise,High,True,8.5
JOB_6F20B515,West Bengal,Jalpaiguri,Handicrafts & Leather,Leather Goods Maker / Footwear Repairer,LSS/Q2501,Fixed Monthly,High,True,9.6
JOB_0EF580C6,West Bengal,Jalpaiguri,Construction,Assistant Mason,CON/Q0101,Daily Wage,Low,True,14.7
JOB_472F58E3,West Bengal,Jalpaiguri,Plumbing & Water Works,Plumber General,PSC/Q0104,Self-Employment / Enterprise,Medium,True,21.8
JOB_FB638B26,West Bengal,Jalpaiguri,Construction,Assistant Mason,CON/Q0101,Fixed Monthly,Medium,True,20.1
JOB_50AD77F0,West Bengal,Jalpaiguri,Garments & Tailoring,Industrial Sewing Machine Operator,AMH/Q0301,Daily Wage,Medium,False,12.3
JOB_DD202400,West Bengal,Jalpaiguri,Plumbing & Water Works,Plumber General,PSC/Q0104,Daily Wage,Low,False,17.9
JOB_BE4E9EF9,West Bengal,Jalpaiguri,Electrical & Solar,Wireman Helper,ELE/Q6001,Daily Wage,Medium,False,10.4
JOB_6F49F489,West Bengal,Jalpaiguri,Garments & Tailoring,Industrial Sewing Machine Operator,AMH/Q0301,Self-Employment / Enterprise,Medium,True,19.0
JOB_9C75EAE5,West Bengal,Jalpaiguri,Electrical & Solar,Wireman Helper,ELE/Q6001,Daily Wage,Medium,True,19.4
JOB_C2285722,West Bengal,Jalpaiguri,Electrical & Solar,Wireman Helper,ELE/Q6001,Fixed Monthly,Medium,False,21.8
JOB_379B80DF,West Bengal,Jalpaiguri,Electrical & Solar,Wireman Helper,ELE/Q6001,Daily Wage,High,False,21.2
JOB_E11FD3E0,West Bengal,Jalpaiguri,Construction,Assistant Mason,CON/Q0101,Daily Wage,Medium,False,19.0
JOB_91D1F665,West Bengal,Jalpaiguri,Agriculture & Dairy,Dairy Farmer & Animal Husbandry Assistant,AGR/Q4101,Self-Employment / Enterprise,Medium,True,9.8
JOB_5C331D6E,West Bengal,Jalpaiguri,Plumbing & Water Works,Plumber General,PSC/Q0104,Fixed Monthly,Medium,False,15.7
JOB_A69B0E78,West Bengal,Jalpaiguri,Plumbing & Water Works,Plumber General,PSC/Q0104,Daily Wage,Low,True,21.9
JOB_380149C8,West Bengal,Jalpaiguri,Artisan & Carpentry,Assistant Carpenter,CON/Q0102,Self-Employment / Enterprise,Medium,True,15.0
JOB_1B3D1523,West Bengal,Jalpaiguri,Handicrafts & Leather,Leather Goods Maker / Footwear Repairer,LSS/Q2501,Self-Employment / Enterprise,Low,True,15.3
JOB_C12D4D86,West Bengal,Jalpaiguri,Artisan & Carpentry,Assistant Carpenter,CON/Q0102,Daily Wage,Medium,False,11.0
JOB_2C25DFE4,West Bengal,Jalpaiguri,Electrical & Solar,Wireman Helper,ELE/Q6001,Daily Wage,Low,False,9.0
JOB_B443016A,West Bengal,Jalpaiguri,Agriculture & Dairy,Dairy Farmer & Animal Husbandry Assistant,AGR/Q4101,Fixed Monthly,Low,False,11.5
JOB_AECCE2FB,West Bengal,Jalpaiguri,Handicrafts & Leather,Leather Goods Maker / Footwear Repairer,LSS/Q2501,Fixed Monthly,Medium,False,12.7
JOB_53D4EC2F,West Bengal,Jalpaiguri,Artisan & Carpentry,Assistant Carpenter,CON/Q0102,Self-Employment / Enterprise,Medium,False,16.5
JOB_0F45A0AB,West Bengal,Jalpaiguri,Agriculture & Dairy,Dairy Farmer & Animal Husbandry Assistant,AGR/Q4101,Daily Wage,Medium,False,13.3
JOB_900FBDBE,West Bengal,Jalpaiguri,Artisan & Carpentry,Assistant Carpenter,CON/Q0102,Daily Wage,Medium,True,20.3
JOB_C077F4E5,West Bengal,Jalpaiguri,Garments & Tailoring,Industrial Sewing Machine Operator,AMH/Q0301,Fixed Monthly,Medium,True,16.1
JOB_BDC06F98,West Bengal,Jalpaiguri,Garments & Tailoring,Industrial Sewing Machine Operator,AMH/Q0301,Fixed Monthly,High,True,16.0
JOB_BDE44BE8,West Bengal,Jalpaiguri,Electrical & Solar,Wireman Helper,ELE/Q6001,Daily Wage,Low,False,16.8
JOB_370ABD82,West Bengal,Jalpaiguri,Artisan & Carpentry,Assistant Carpenter,CON/Q0102,Daily Wage,High,True,15.9
JOB_9C0244AC,West Bengal,Jalpaiguri,Artisan & Carpentry,Assistant Carpenter,CON/Q0102,Self-Employment / Enterprise,Low,False,9.2
JOB_C0E8E5C7,West Bengal,Jalpaiguri,Garments & Tailoring,Industrial Sewing Machine Operator,AMH/Q0301,Daily Wage,Medium,True,8.3
JOB_3FC6DE0F,West Bengal,Jalpaiguri,Artisan & Carpentry,Assistant Carpenter,CON/Q0102,Daily Wage,Medium,False,8.1
JOB_2A134893,West Bengal,Jalpaiguri,Electrical & Solar,Wireman Helper,ELE/Q6001,Fixed Monthly,High,True,8.6
JOB_E97E490C,West Bengal,Jalpaiguri,Electrical & Solar,Wireman Helper,ELE/Q6001,Self-Employment / Enterprise,Medium,True,21.7
JOB_A4E740BB,West Bengal,Jalpaiguri,Agriculture & Dairy,Dairy Farmer & Animal Husbandry Assistant,AGR/Q4101,Daily Wage,Low,True,20.9
JOB_6083E0D3,West Bengal,Jalpaiguri,Electrical & Solar,Wireman Helper,ELE/Q6001,Self-Employment / Enterprise,Low,True,12.6
JOB_BB01035C,West Bengal,Jalpaiguri,Artisan & Carpentry,Assistant Carpenter,CON/Q0102,Fixed Monthly,Low,True,10.4
JOB_4B4327EE,West Bengal,Jalpaiguri,Plumbing & Water Works,Plumber General,PSC/Q0104,Daily Wage,High,True,21.2
JOB_1758EE90,West Bengal,Jalpaiguri,Garments & Tailoring,Industrial Sewing Machine Operator,AMH/Q0301,Self-Employment / Enterprise,Medium,True,9.2
JOB_00AA1DFB,West Bengal,Jalpaiguri,Construction,Assistant Mason,CON/Q0101,Fixed Monthly,Medium,True,14.5
JOB_30FE5E43,West Bengal,Jalpaiguri,Agriculture & Dairy,Dairy Farmer & Animal Husbandry Assistant,AGR/Q4101,Self-Employment / Enterprise,Medium,False,21.6
JOB_1D5E86CA,West Bengal,Jalpaiguri,Artisan & Carpentry,Assistant Carpenter,CON/Q0102,Fixed Monthly,High,True,17.3
JOB_5B3E2334,West Bengal,Jalpaiguri,Electrical & Solar,Wireman Helper,ELE/Q6001,Fixed Monthly,Medium,True,16.4
JOB_D2DAEA54,West Bengal,Jalpaiguri,Artisan & Carpentry,Assistant Carpenter,CON/Q0102,Self-Employment / Enterprise,Medium,True,11.2
JOB_F61DD8DF,West Bengal,Nadia,Artisan & Carpentry,Assistant Carpenter,CON/Q0102,Fixed Monthly,High,False,9.5
JOB_AF10B64F,West Bengal,Nadia,Construction,Assistant Mason,CON/Q0101,Fixed Monthly,High,False,18.8
JOB_42FB5626,West Bengal,Nadia,Electrical & Solar,Wireman Helper,ELE/Q6001,Daily Wage,Medium,True,12.3
JOB_F85EE6A3,West Bengal,Nadia,Plumbing & Water Works,Plumber General,PSC/Q0104,Self-Employment / Enterprise,Medium,True,23.3
JOB_B5CE41D4,West Bengal,Nadia,Agriculture & Dairy,Dairy Farmer & Animal Husbandry Assistant,AGR/Q4101,Fixed Monthly,Medium,True,17.0
JOB_C0B356B4,West Bengal,Nadia,Electrical & Solar,Wireman Helper,ELE/Q6001,Self-Employment / Enterprise,Medium,True,10.2
JOB_8145FE26,West Bengal,Nadia,Electrical & Solar,Wireman Helper,ELE/Q6001,Fixed Monthly,High,False,15.8
JOB_DE0E69C4,West Bengal,Nadia,Artisan & Carpentry,Assistant Carpenter,CON/Q0102,Fixed Monthly,Low,True,11.3
JOB_37FE92CB,West Bengal,Nadia,Construction,Assistant Mason,CON/Q0101,Fixed Monthly,Low,True,14.5
JOB_D739A122,West Bengal,Nadia,Agriculture & Dairy,Dairy Farmer & Animal Husbandry Assistant,AGR/Q4101,Fixed Monthly,Low,False,9.6
JOB_02A35105,West Bengal,Nadia,Plumbing & Water Works,Plumber General,PSC/Q0104,Daily Wage,High,False,22.4
JOB_60233F78,West Bengal,Nadia,Handicrafts & Leather,Leather Goods Maker / Footwear Repairer,LSS/Q2501,Self-Employment / Enterprise,Medium,True,13.7
JOB_A0BEE7A7,West Bengal,Nadia,Garments & Tailoring,Industrial Sewing Machine Operator,AMH/Q0301,Daily Wage,Medium,True,16.3
JOB_8B30D92E,West Bengal,Nadia,Construction,Assistant Mason,CON/Q0101,Fixed Monthly,Medium,True,10.3
JOB_23C47108,West Bengal,Nadia,Agriculture & Dairy,Dairy Farmer & Animal Husbandry Assistant,AGR/Q4101,Fixed Monthly,Low,False,20.4
JOB_8125B857,West Bengal,Nadia,Electrical & Solar,Wireman Helper,ELE/Q6001,Daily Wage,Medium,True,11.0
JOB_957DA18C,West Bengal,Nadia,Garments & Tailoring,Industrial Sewing Machine Operator,AMH/Q0301,Fixed Monthly,Medium,False,17.3
JOB_68FCAA1C,West Bengal,Nadia,Electrical & Solar,Wireman Helper,ELE/Q6001,Self-Employment / Enterprise,Medium,True,16.4
JOB_103A3950,West Bengal,Nadia,Artisan & Carpentry,Assistant Carpenter,CON/Q0102,Self-Employment / Enterprise,Medium,False,24.7
JOB_84F37E3B,West Bengal,Nadia,Garments & Tailoring,Industrial Sewing Machine Operator,AMH/Q0301,Self-Employment / Enterprise,High,True,17.8
JOB_16C233FA,West Bengal,Nadia,Plumbing & Water Works,Plumber General,PSC/Q0104,Self-Employment / Enterprise,Medium,True,14.5
JOB_16329F46,West Bengal,Nadia,Agriculture & Dairy,Dairy Farmer & Animal Husbandry Assistant,AGR/Q4101,Daily Wage,Medium,False,24.0
JOB_32BF5839,West Bengal,Nadia,Handicrafts & Leather,Leather Goods Maker / Footwear Repairer,LSS/Q2501,Fixed Monthly,Medium,True,17.4
JOB_60567CA2,West Bengal,Nadia,Electrical & Solar,Wireman Helper,ELE/Q6001,Self-Employment / Enterprise,Medium,True,13.3
JOB_005916CA,West Bengal,Nadia,Electrical & Solar,Wireman Helper,ELE/Q6001,Daily Wage,High,True,8.5
JOB_B49F1DE7,West Bengal,Nadia,Agriculture & Dairy,Dairy Farmer & Animal Husbandry Assistant,AGR/Q4101,Daily Wage,Medium,True,13.2
JOB_6265D913,West Bengal,Nadia,Garments & Tailoring,Industrial Sewing Machine Operator,AMH/Q0301,Daily Wage,High,False,22.6
JOB_57A997A1,West Bengal,Nadia,Electrical & Solar,Wireman Helper,ELE/Q6001,Daily Wage,Medium,False,20.9
JOB_B13C8315,West Bengal,Nadia,Handicrafts & Leather,Leather Goods Maker / Footwear Repairer,LSS/Q2501,Fixed Monthly,High,False,15.5
JOB_20AD606E,West Bengal,Nadia,Handicrafts & Leather,Leather Goods Maker / Footwear Repairer,LSS/Q2501,Fixed Monthly,Medium,False,14.4
JOB_22C48C32,West Bengal,Nadia,Artisan & Carpentry,Assistant Carpenter,CON/Q0102,Fixed Monthly,Medium,True,19.0
JOB_26FB6900,West Bengal,Nadia,Construction,Assistant Mason,CON/Q0101,Daily Wage,Low,True,24.0
JOB_CEBB7F56,West Bengal,Nadia,Garments & Tailoring,Industrial Sewing Machine Operator,AMH/Q0301,Self-Employment / Enterprise,Low,False,9.2
JOB_344BF35A,West Bengal,Nadia,Plumbing & Water Works,Plumber General,PSC/Q0104,Daily Wage,High,False,9.4
JOB_6188DFEC,West Bengal,Nadia,Artisan & Carpentry,Assistant Carpenter,CON/Q0102,Fixed Monthly,Low,True,8.3
JOB_11A9034C,West Bengal,Nadia,Construction,Assistant Mason,CON/Q0101,Self-Employment / Enterprise,Medium,False,24.0
JOB_5E9E084C,West Bengal,Nadia,Garments & Tailoring,Industrial Sewing Machine Operator,AMH/Q0301,Self-Employment / Enterprise,Medium,False,21.6
JOB_D5208335,West Bengal,Nadia,Handicrafts & Leather,Leather Goods Maker / Footwear Repairer,LSS/Q2501,Self-Employment / Enterprise,Medium,False,18.1
JOB_003E2B17,West Bengal,Nadia,Handicrafts & Leather,Leather Goods Maker / Footwear Repairer,LSS/Q2501,Daily Wage,Low,True,12.3
JOB_202FF8DA,West Bengal,Nadia,Garments & Tailoring,Industrial Sewing Machine Operator,AMH/Q0301,Daily Wage,High,False,15.8
JOB_AA47F1C2,West Bengal,Nadia,Plumbing & Water Works,Plumber General,PSC/Q0104,Daily Wage,High,True,19.3
JOB_53404975,West Bengal,Nadia,Garments & Tailoring,Industrial Sewing Machine Operator,AMH/Q0301,Daily Wage,Low,False,20.0
JOB_7A901112,West Bengal,Nadia,Construction,Assistant Mason,CON/Q0101,Daily Wage,Low,True,15.1
JOB_14F22EDA,West Bengal,Nadia,Artisan & Carpentry,Assistant Carpenter,CON/Q0102,Fixed Monthly,High,False,8.1
JOB_C191BBF2,West Bengal,Nadia,Electrical & Solar,Wireman Helper,ELE/Q6001,Self-Employment / Enterprise,Medium,False,16.7
JOB_05DC765C,West Bengal,Nadia,Construction,Assistant Mason,CON/Q0101,Fixed Monthly,High,False,19.4
JOB_FAD5AAFE,West Bengal,Nadia,Agriculture & Dairy,Dairy Farmer & Animal Husbandry Assistant,AGR/Q4101,Fixed Monthly,High,False,16.1
JOB_7E446D54,West Bengal,Nadia,Handicrafts & Leather,Leather Goods Maker / Footwear Repairer,LSS/Q2501,Self-Employment / Enterprise,Medium,False,22.6
JOB_C63356F7,West Bengal,Nadia,Handicrafts & Leather,Leather Goods Maker / Footwear Repairer,LSS/Q2501,Fixed Monthly,Medium,False,11.9
JOB_8403EE7C,West Bengal,Nadia,Plumbing & Water Works,Plumber General,PSC/Q0104,Fixed Monthly,Medium,False,25.0
JOB_BE694545,West Bengal,Nadia,Plumbing & Water Works,Plumber General,PSC/Q0104,Fixed Monthly,Medium,False,22.3
JOB_447F86C3,West Bengal,Nadia,Electrical & Solar,Wireman Helper,ELE/Q6001,Self-Employment / Enterprise,Medium,False,20.6
JOB_C50A6099,West Bengal,Nadia,Plumbing & Water Works,Plumber General,PSC/Q0104,Self-Employment / Enterprise,Medium,False,20.0
JOB_226012BD,West Bengal,Nadia,Plumbing & Water Works,Plumber General,PSC/Q0104,Fixed Monthly,High,True,10.7
JOB_881F36DA,West Bengal,Nadia,Handicrafts & Leather,Leather Goods Maker / Footwear Repairer,LSS/Q2501,Fixed Monthly,Medium,True,23.0
JOB_3B26EE7E,West Bengal,Nadia,Handicrafts & Leather,Leather Goods Maker / Footwear Repairer,LSS/Q2501,Daily Wage,High,False,21.0
JOB_FC8B396E,West Bengal,Nadia,Electrical & Solar,Wireman Helper,ELE/Q6001,Fixed Monthly,Medium,False,21.9
JOB_A2F64C16,West Bengal,Nadia,Construction,Assistant Mason,CON/Q0101,Daily Wage,High,True,9.3
JOB_55FD5472,West Bengal,Nadia,Agriculture & Dairy,Dairy Farmer & Animal Husbandry Assistant,AGR/Q4101,Daily Wage,High,False,8.5
JOB_C646A291,West Bengal,Nadia,Plumbing & Water Works,Plumber General,PSC/Q0104,Fixed Monthly,Medium,True,19.0
JOB_016FF605,West Bengal,Nadia,Agriculture & Dairy,Dairy Farmer & Animal Husbandry Assistant,AGR/Q4101,Self-Employment / Enterprise,Low,True,15.0
JOB_3467D62D,West Bengal,Nadia,Plumbing & Water Works,Plumber General,PSC/Q0104,Self-Employment / Enterprise,High,False,9.2
JOB_142C8B49,West Bengal,Nadia,Plumbing & Water Works,Plumber General,PSC/Q0104,Self-Employment / Enterprise,Medium,True,21.2
JOB_98E1D1AD,West Bengal,Nadia,Garments & Tailoring,Industrial Sewing Machine Operator,AMH/Q0301,Daily Wage,Medium,False,23.2
JOB_C5859236,West Bengal,Nadia,Agriculture & Dairy,Dairy Farmer & Animal Husbandry Assistant,AGR/Q4101,Fixed Monthly,Medium,False,17.8
JOB_02876FB5,West Bengal,Nadia,Artisan & Carpentry,Assistant Carpenter,CON/Q0102,Self-Employment / Enterprise,Medium,True,14.4
JOB_2677D5CC,West Bengal,Nadia,Agriculture & Dairy,Dairy Farmer & Animal Husbandry Assistant,AGR/Q4101,Self-Employment / Enterprise,Low,False,24.1
JOB_D85D2B7B,West Bengal,Nadia,Construction,Assistant Mason,CON/Q0101,Fixed Monthly,Low,False,14.8
JOB_AA2BBF5F,West Bengal,Nadia,Garments & Tailoring,Industrial Sewing Machine Operator,AMH/Q0301,Daily Wage,High,True,13.7
JOB_88EF0C3D,West Bengal,Nadia,Electrical & Solar,Wireman Helper,ELE/Q6001,Self-Employment / Enterprise,High,True,17.8
JOB_D8FD987A,West Bengal,Nadia,Artisan & Carpentry,Assistant Carpenter,CON/Q0102,Self-Employment / Enterprise,Medium,False,14.7
JOB_96290C0D,West Bengal,Nadia,Garments & Tailoring,Industrial Sewing Machine Operator,AMH/Q0301,Daily Wage,High,False,14.5
JOB_AADAC319,West Bengal,Nadia,Artisan & Carpentry,Assistant Carpenter,CON/Q0102,Self-Employment / Enterprise,Low,False,9.2
JOB_145B9541,West Bengal,Nadia,Garments & Tailoring,Industrial Sewing Machine Operator,AMH/Q0301,Daily Wage,Medium,True,19.0
JOB_19A76CAA,West Bengal,Nadia,Artisan & Carpentry,Assistant Carpenter,CON/Q0102,Daily Wage,Medium,True,12.3
JOB_886CDA6E,West Bengal,Nadia,Handicrafts & Leather,Leather Goods Maker / Footwear Repairer,LSS/Q2501,Daily Wage,High,True,19.6
JOB_81D126A9,West Bengal,Nadia,Handicrafts & Leather,Leather Goods Maker / Footwear Repairer,LSS/Q2501,Fixed Monthly,Low,False,20.6
JOB_4EAAA7C7,West Bengal,Nadia,Artisan & Carpentry,Assistant Carpenter,CON/Q0102,Self-Employment / Enterprise,Medium,False,20.4
JOB_E35CB81D,West Bengal,Cooch Behar,Electrical & Solar,Wireman Helper,ELE/Q6001,Self-Employment / Enterprise,Medium,True,20.7
JOB_C36D17A6,West Bengal,Cooch Behar,Electrical & Solar,Wireman Helper,ELE/Q6001,Fixed Monthly,Low,True,21.7
JOB_E8FBFF90,West Bengal,Cooch Behar,Garments & Tailoring,Industrial Sewing Machine Operator,AMH/Q0301,Self-Employment / Enterprise,Medium,False,9.0
JOB_C1B7DCE9,West Bengal,Cooch Behar,Agriculture & Dairy,Dairy Farmer & Animal Husbandry Assistant,AGR/Q4101,Self-Employment / Enterprise,Medium,True,22.1
JOB_68C1AD1A,West Bengal,Cooch Behar,Artisan & Carpentry,Assistant Carpenter,CON/Q0102,Daily Wage,Medium,False,11.3
JOB_0C9CB602,West Bengal,Cooch Behar,Handicrafts & Leather,Leather Goods Maker / Footwear Repairer,LSS/Q2501,Self-Employment / Enterprise,High,False,22.9
JOB_940F8C4E,West Bengal,Cooch Behar,Agriculture & Dairy,Dairy Farmer & Animal Husbandry Assistant,AGR/Q4101,Fixed Monthly,High,True,19.5
JOB_023F642E,West Bengal,Cooch Behar,Construction,Assistant Mason,CON/Q0101,Daily Wage,High,False,23.8
JOB_4F787ACD,West Bengal,Cooch Behar,Agriculture & Dairy,Dairy Farmer & Animal Husbandry Assistant,AGR/Q4101,Daily Wage,Medium,False,18.0
JOB_C23BFEB8,West Bengal,Cooch Behar,Agriculture & Dairy,Dairy Farmer & Animal Husbandry Assistant,AGR/Q4101,Daily Wage,Medium,True,24.0
JOB_5170DD51,West Bengal,Cooch Behar,Electrical & Solar,Wireman Helper,ELE/Q6001,Fixed Monthly,High,False,24.8
JOB_7437ED2C,West Bengal,Cooch Behar,Construction,Assistant Mason,CON/Q0101,Self-Employment / Enterprise,Medium,False,15.7
JOB_CA1D6F05,West Bengal,Cooch Behar,Artisan & Carpentry,Assistant Carpenter,CON/Q0102,Self-Employment / Enterprise,High,False,14.0
JOB_A8652398,West Bengal,Cooch Behar,Agriculture & Dairy,Dairy Farmer & Animal Husbandry Assistant,AGR/Q4101,Self-Employment / Enterprise,Medium,False,19.6
JOB_7361091B,West Bengal,Cooch Behar,Garments & Tailoring,Industrial Sewing Machine Operator,AMH/Q0301,Daily Wage,Medium,True,24.9
JOB_ACA2123B,West Bengal,Cooch Behar,Garments & Tailoring,Industrial Sewing Machine Operator,AMH/Q0301,Fixed Monthly,Medium,False,17.3
JOB_A72CDE4F,West Bengal,Cooch Behar,Electrical & Solar,Wireman Helper,ELE/Q6001,Daily Wage,High,False,9.0
JOB_352F1D2D,West Bengal,Cooch Behar,Plumbing & Water Works,Plumber General,PSC/Q0104,Fixed Monthly,High,False,18.8
JOB_CA6C0CC1,West Bengal,Cooch Behar,Handicrafts & Leather,Leather Goods Maker / Footwear Repairer,LSS/Q2501,Daily Wage,Low,False,13.1
JOB_DBA193F6,West Bengal,Cooch Behar,Plumbing & Water Works,Plumber General,PSC/Q0104,Self-Employment / Enterprise,Low,False,23.3
JOB_9EDBA7D8,West Bengal,Cooch Behar,Electrical & Solar,Wireman Helper,ELE/Q6001,Daily Wage,Medium,True,18.4
JOB_E70D7484,West Bengal,Cooch Behar,Handicrafts & Leather,Leather Goods Maker / Footwear Repairer,LSS/Q2501,Daily Wage,Low,True,8.3
JOB_8289FD19,West Bengal,Cooch Behar,Agriculture & Dairy,Dairy Farmer & Animal Husbandry Assistant,AGR/Q4101,Daily Wage,High,True,24.4
JOB_E3F5CB6C,West Bengal,Cooch Behar,Agriculture & Dairy,Dairy Farmer & Animal Husbandry Assistant,AGR/Q4101,Fixed Monthly,Low,False,8.4
JOB_763D549D,West Bengal,Cooch Behar,Artisan & Carpentry,Assistant Carpenter,CON/Q0102,Daily Wage,Medium,True,13.1
JOB_03D2D2AF,West Bengal,Cooch Behar,Plumbing & Water Works,Plumber General,PSC/Q0104,Fixed Monthly,Medium,True,19.6
JOB_0DFD315E,West Bengal,Cooch Behar,Electrical & Solar,Wireman Helper,ELE/Q6001,Self-Employment / Enterprise,High,True,12.4
JOB_A07C81F6,West Bengal,Cooch Behar,Plumbing & Water Works,Plumber General,PSC/Q0104,Daily Wage,Medium,False,8.9
JOB_2814CAE5,West Bengal,Cooch Behar,Agriculture & Dairy,Dairy Farmer & Animal Husbandry Assistant,AGR/Q4101,Fixed Monthly,Medium,True,24.9
JOB_D7AD1699,West Bengal,Cooch Behar,Agriculture & Dairy,Dairy Farmer & Animal Husbandry Assistant,AGR/Q4101,Self-Employment / Enterprise,Low,True,15.1
JOB_F045379D,West Bengal,Cooch Behar,Agriculture & Dairy,Dairy Farmer & Animal Husbandry Assistant,AGR/Q4101,Self-Employment / Enterprise,Medium,True,23.7
JOB_0652C421,West Bengal,Cooch Behar,Plumbing & Water Works,Plumber General,PSC/Q0104,Fixed Monthly,Medium,False,18.0
JOB_AF3E061E,West Bengal,Cooch Behar,Electrical & Solar,Wireman Helper,ELE/Q6001,Fixed Monthly,High,False,15.6
JOB_A8ABFF19,West Bengal,Cooch Behar,Artisan & Carpentry,Assistant Carpenter,CON/Q0102,Fixed Monthly,Low,True,10.9
JOB_EE3426DE,West Bengal,Cooch Behar,Agriculture & Dairy,Dairy Farmer & Animal Husbandry Assistant,AGR/Q4101,Fixed Monthly,Medium,False,14.0
JOB_E45CB79A,West Bengal,Cooch Behar,Artisan & Carpentry,Assistant Carpenter,CON/Q0102,Fixed Monthly,High,False,21.9
JOB_95C8C2F9,West Bengal,Cooch Behar,Garments & Tailoring,Industrial Sewing Machine Operator,AMH/Q0301,Daily Wage,Low,True,12.8
JOB_A481063A,West Bengal,Cooch Behar,Handicrafts & Leather,Leather Goods Maker / Footwear Repairer,LSS/Q2501,Fixed Monthly,High,True,12.4
JOB_A5F5E854,West Bengal,Cooch Behar,Plumbing & Water Works,Plumber General,PSC/Q0104,Fixed Monthly,Medium,False,24.8
JOB_9BA1B33C,West Bengal,Cooch Behar,Electrical & Solar,Wireman Helper,ELE/Q6001,Fixed Monthly,Medium,False,14.1
JOB_C2888C4C,West Bengal,Cooch Behar,Construction,Assistant Mason,CON/Q0101,Self-Employment / Enterprise,Medium,False,18.5
JOB_F4BFCB98,West Bengal,Cooch Behar,Handicrafts & Leather,Leather Goods Maker / Footwear Repairer,LSS/Q2501,Self-Employment / Enterprise,High,False,24.2
JOB_FC1B714A,West Bengal,Cooch Behar,Agriculture & Dairy,Dairy Farmer & Animal Husbandry Assistant,AGR/Q4101,Self-Employment / Enterprise,High,False,16.5
JOB_A70BE58C,West Bengal,Cooch Behar,Agriculture & Dairy,Dairy Farmer & Animal Husbandry Assistant,AGR/Q4101,Fixed Monthly,Low,False,14.9
JOB_9E32F011,West Bengal,Cooch Behar,Agriculture & Dairy,Dairy Farmer & Animal Husbandry Assistant,AGR/Q4101,Daily Wage,High,True,20.8
JOB_51385669,West Bengal,Cooch Behar,Artisan & Carpentry,Assistant Carpenter,CON/Q0102,Fixed Monthly,Medium,True,13.8
JOB_E764430B,West Bengal,Cooch Behar,Handicrafts & Leather,Leather Goods Maker / Footwear Repairer,LSS/Q2501,Fixed Monthly,Medium,True,14.1
JOB_7254CB7F,West Bengal,Cooch Behar,Electrical & Solar,Wireman Helper,ELE/Q6001,Fixed Monthly,Medium,False,21.9
JOB_872E4EFC,West Bengal,Cooch Behar,Artisan & Carpentry,Assistant Carpenter,CON/Q0102,Self-Employment / Enterprise,Low,True,24.8
JOB_07FC0858,West Bengal,Cooch Behar,Garments & Tailoring,Industrial Sewing Machine Operator,AMH/Q0301,Self-Employment / Enterprise,Low,True,22.3
JOB_FB4F643A,West Bengal,Cooch Behar,Artisan & Carpentry,Assistant Carpenter,CON/Q0102,Self-Employment / Enterprise,Low,True,22.8
JOB_C296F0D6,West Bengal,Cooch Behar,Construction,Assistant Mason,CON/Q0101,Fixed Monthly,Medium,False,20.2
JOB_D2C7D501,West Bengal,Cooch Behar,Handicrafts & Leather,Leather Goods Maker / Footwear Repairer,LSS/Q2501,Daily Wage,Medium,True,23.0
JOB_9D23D9C6,West Bengal,Cooch Behar,Garments & Tailoring,Industrial Sewing Machine Operator,AMH/Q0301,Fixed Monthly,Medium,True,8.7
JOB_AD26B728,West Bengal,Cooch Behar,Plumbing & Water Works,Plumber General,PSC/Q0104,Fixed Monthly,High,False,20.6
JOB_1796F2AE,West Bengal,Cooch Behar,Electrical & Solar,Wireman Helper,ELE/Q6001,Self-Employment / Enterprise,Low,True,21.8
JOB_35678FB4,West Bengal,Cooch Behar,Plumbing & Water Works,Plumber General,PSC/Q0104,Daily Wage,Medium,False,18.2
JOB_3A2D1957,West Bengal,Cooch Behar,Electrical & Solar,Wireman Helper,ELE/Q6001,Daily Wage,Medium,True,8.8
JOB_2EF75AA6,West Bengal,Cooch Behar,Plumbing & Water Works,Plumber General,PSC/Q0104,Fixed Monthly,Medium,True,15.9
JOB_B6B6063F,West Bengal,Cooch Behar,Artisan & Carpentry,Assistant Carpenter,CON/Q0102,Fixed Monthly,High,True,10.5
JOB_443F6144,West Bengal,Cooch Behar,Construction,Assistant Mason,CON/Q0101,Self-Employment / Enterprise,Medium,True,12.6
JOB_8ADFB709,West Bengal,Cooch Behar,Handicrafts & Leather,Leather Goods Maker / Footwear Repairer,LSS/Q2501,Fixed Monthly,High,False,22.0
JOB_F3725613,West Bengal,Cooch Behar,Artisan & Carpentry,Assistant Carpenter,CON/Q0102,Fixed Monthly,Medium,False,13.9
JOB_BB36675D,West Bengal,Cooch Behar,Artisan & Carpentry,Assistant Carpenter,CON/Q0102,Self-Employment / Enterprise,High,False,25.0
JOB_00D8C873,West Bengal,Cooch Behar,Artisan & Carpentry,Assistant Carpenter,CON/Q0102,Daily Wage,Medium,False,10.0
JOB_AC1F7347,West Bengal,Cooch Behar,Handicrafts & Leather,Leather Goods Maker / Footwear Repairer,LSS/Q2501,Fixed Monthly,Medium,True,12.5
JOB_242BD133,West Bengal,Cooch Behar,Garments & Tailoring,Industrial Sewing Machine Operator,AMH/Q0301,Daily Wage,Medium,False,17.3
JOB_7CD6FC8B,West Bengal,Cooch Behar,Electrical & Solar,Wireman Helper,ELE/Q6001,Self-Employment / Enterprise,High,True,23.9
JOB_09603B62,West Bengal,Cooch Behar,Construction,Assistant Mason,CON/Q0101,Self-Employment / Enterprise,Medium,False,15.1
JOB_4C94D60E,West Bengal,Cooch Behar,Construction,Assistant Mason,CON/Q0101,Self-Employment / Enterprise,Medium,False,23.8
JOB_AB6B8701,West Bengal,Cooch Behar,Construction,Assistant Mason,CON/Q0101,Fixed Monthly,Low,True,9.1
JOB_6F22E92C,West Bengal,Cooch Behar,Agriculture & Dairy,Dairy Farmer & Animal Husbandry Assistant,AGR/Q4101,Self-Employment / Enterprise,Medium,False,8.5
JOB_90E4374C,West Bengal,Cooch Behar,Agriculture & Dairy,Dairy Farmer & Animal Husbandry Assistant,AGR/Q4101,Daily Wage,Medium,True,16.3
JOB_B2D226CC,West Bengal,Cooch Behar,Electrical & Solar,Wireman Helper,ELE/Q6001,Self-Employment / Enterprise,High,False,21.6
JOB_5BDB68E0,West Bengal,Cooch Behar,Garments & Tailoring,Industrial Sewing Machine Operator,AMH/Q0301,Self-Employment / Enterprise,Medium,True,24.3
JOB_5F972D13,West Bengal,Cooch Behar,Plumbing & Water Works,Plumber General,PSC/Q0104,Daily Wage,High,False,23.9
JOB_BCD603C6,West Bengal,Cooch Behar,Agriculture & Dairy,Dairy Farmer & Animal Husbandry Assistant,AGR/Q4101,Fixed Monthly,High,False,17.4
JOB_E731FB1B,West Bengal,Cooch Behar,Artisan & Carpentry,Assistant Carpenter,CON/Q0102,Daily Wage,Low,True,9.7
JOB_2A25ECFB,West Bengal,Cooch Behar,Construction,Assistant Mason,CON/Q0101,Fixed Monthly,High,True,10.5
JOB_714CA664,West Bengal,Cooch Behar,Artisan & Carpentry,Assistant Carpenter,CON/Q0102,Self-Employment / Enterprise,High,True,22.9
JOB_9DF9BC25,West Bengal,Cooch Behar,Garments & Tailoring,Industrial Sewing Machine Operator,AMH/Q0301,Fixed Monthly,High,True,14.6
JOB_65ECFC1C,West Bengal,Cooch Behar,Artisan & Carpentry,Assistant Carpenter,CON/Q0102,Daily Wage,Medium,False,21.6
JOB_3930A0F3,West Bengal,Cooch Behar,Artisan & Carpentry,Assistant Carpenter,CON/Q0102,Daily Wage,Low,True,23.8
JOB_31443D8E,West Bengal,Cooch Behar,Agriculture & Dairy,Dairy Farmer & Animal Husbandry Assistant,AGR/Q4101,Fixed Monthly,Low,False,10.8
JOB_24BF615D,West Bengal,Cooch Behar,Construction,Assistant Mason,CON/Q0101,Daily Wage,Medium,False,15.2
JOB_81F6B9E7,West Bengal,Cooch Behar,Construction,Assistant Mason,CON/Q0101,Daily Wage,Medium,False,8.4
JOB_5075F29D,Bihar,Gaya,Garments & Tailoring,Industrial Sewing Machine Operator,AMH/Q0301,Daily Wage,Low,True,17.8
JOB_EB25F764,Bihar,Gaya,Electrical & Solar,Wireman Helper,ELE/Q6001,Fixed Monthly,High,True,17.2
JOB_3F616249,Bihar,Gaya,Electrical & Solar,Wireman Helper,ELE/Q6001,Self-Employment / Enterprise,Low,True,18.8
JOB_773E1063,Bihar,Gaya,Handicrafts & Leather,Leather Goods Maker / Footwear Repairer,LSS/Q2501,Fixed Monthly,Low,True,11.0
JOB_15731C98,Bihar,Gaya,Plumbing & Water Works,Plumber General,PSC/Q0104,Self-Employment / Enterprise,Medium,False,20.2
JOB_46B3EF17,Bihar,Gaya,Agriculture & Dairy,Dairy Farmer & Animal Husbandry Assistant,AGR/Q4101,Self-Employment / Enterprise,High,True,11.9
JOB_37865743,Bihar,Gaya,Construction,Assistant Mason,CON/Q0101,Fixed Monthly,High,False,22.9
JOB_1D91771D,Bihar,Gaya,Plumbing & Water Works,Plumber General,PSC/Q0104,Fixed Monthly,Low,True,24.0
JOB_7D6F0B00,Bihar,Gaya,Artisan & Carpentry,Assistant Carpenter,CON/Q0102,Self-Employment / Enterprise,High,True,16.2
JOB_3061D04B,Bihar,Gaya,Agriculture & Dairy,Dairy Farmer & Animal Husbandry Assistant,AGR/Q4101,Daily Wage,Low,False,24.6
JOB_D07AD7FE,Bihar,Gaya,Construction,Assistant Mason,CON/Q0101,Daily Wage,High,False,22.8
JOB_D7FA906A,Bihar,Gaya,Agriculture & Dairy,Dairy Farmer & Animal Husbandry Assistant,AGR/Q4101,Fixed Monthly,Medium,False,17.2
JOB_D8BEAA89,Bihar,Gaya,Plumbing & Water Works,Plumber General,PSC/Q0104,Self-Employment / Enterprise,Medium,True,22.1
JOB_4CBB1990,Bihar,Gaya,Plumbing & Water Works,Plumber General,PSC/Q0104,Self-Employment / Enterprise,Medium,False,8.7
JOB_A0DC0367,Bihar,Gaya,Garments & Tailoring,Industrial Sewing Machine Operator,AMH/Q0301,Self-Employment / Enterprise,Medium,True,17.7
JOB_CDBE303A,Bihar,Gaya,Construction,Assistant Mason,CON/Q0101,Daily Wage,Low,False,11.0
JOB_3DC438BA,Bihar,Gaya,Plumbing & Water Works,Plumber General,PSC/Q0104,Fixed Monthly,Low,True,10.8
JOB_1CE65702,Bihar,Gaya,Plumbing & Water Works,Plumber General,PSC/Q0104,Fixed Monthly,Medium,True,10.4
JOB_41A1821C,Bihar,Gaya,Handicrafts & Leather,Leather Goods Maker / Footwear Repairer,LSS/Q2501,Fixed Monthly,High,False,10.8
JOB_36593ECF,Bihar,Gaya,Plumbing & Water Works,Plumber General,PSC/Q0104,Self-Employment / Enterprise,High,False,18.9
JOB_F7E47A1C,Bihar,Gaya,Handicrafts & Leather,Leather Goods Maker / Footwear Repairer,LSS/Q2501,Fixed Monthly,High,True,9.8
JOB_3865EBE6,Bihar,Gaya,Artisan & Carpentry,Assistant Carpenter,CON/Q0102,Fixed Monthly,High,True,13.4
JOB_4A52322A,Bihar,Gaya,Construction,Assistant Mason,CON/Q0101,Self-Employment / Enterprise,Low,False,16.1
JOB_55DB1081,Bihar,Gaya,Construction,Assistant Mason,CON/Q0101,Fixed Monthly,Medium,True,10.3
JOB_DEA598F4,Bihar,Gaya,Garments & Tailoring,Industrial Sewing Machine Operator,AMH/Q0301,Self-Employment / Enterprise,Medium,False,18.9
JOB_C7A3922F,Bihar,Gaya,Handicrafts & Leather,Leather Goods Maker / Footwear Repairer,LSS/Q2501,Fixed Monthly,High,False,18.5
JOB_5F15EB0D,Bihar,Gaya,Electrical & Solar,Wireman Helper,ELE/Q6001,Fixed Monthly,High,True,15.1
JOB_5F347D7B,Bihar,Gaya,Handicrafts & Leather,Leather Goods Maker / Footwear Repairer,LSS/Q2501,Self-Employment / Enterprise,Low,True,16.7
JOB_26687C45,Bihar,Gaya,Artisan & Carpentry,Assistant Carpenter,CON/Q0102,Fixed Monthly,Low,False,22.1
JOB_8FBA345D,Bihar,Gaya,Artisan & Carpentry,Assistant Carpenter,CON/Q0102,Fixed Monthly,High,False,16.9
JOB_8697C426,Bihar,Gaya,Plumbing & Water Works,Plumber General,PSC/Q0104,Fixed Monthly,Medium,False,13.3
JOB_7D42CB09,Bihar,Gaya,Construction,Assistant Mason,CON/Q0101,Self-Employment / Enterprise,Low,False,12.0
JOB_A00D0584,Bihar,Gaya,Plumbing & Water Works,Plumber General,PSC/Q0104,Daily Wage,Medium,False,12.2
JOB_7FE14C4B,Bihar,Gaya,Construction,Assistant Mason,CON/Q0101,Daily Wage,Low,False,12.5
JOB_9671E173,Bihar,Gaya,Plumbing & Water Works,Plumber General,PSC/Q0104,Self-Employment / Enterprise,Low,False,22.5
JOB_47124012,Bihar,Gaya,Agriculture & Dairy,Dairy Farmer & Animal Husbandry Assistant,AGR/Q4101,Self-Employment / Enterprise,High,True,14.3
JOB_FE2DFAC0,Bihar,Gaya,Electrical & Solar,Wireman Helper,ELE/Q6001,Fixed Monthly,High,True,19.7
JOB_98D462D1,Bihar,Gaya,Agriculture & Dairy,Dairy Farmer & Animal Husbandry Assistant,AGR/Q4101,Fixed Monthly,High,False,16.8
JOB_9E5C5E3B,Bihar,Gaya,Electrical & Solar,Wireman Helper,ELE/Q6001,Daily Wage,Medium,True,11.8
JOB_EC9926E9,Bihar,Gaya,Construction,Assistant Mason,CON/Q0101,Self-Employment / Enterprise,High,False,9.2
JOB_7388219D,Bihar,Gaya,Construction,Assistant Mason,CON/Q0101,Daily Wage,High,False,21.4
JOB_D9F491D7,Bihar,Gaya,Agriculture & Dairy,Dairy Farmer & Animal Husbandry Assistant,AGR/Q4101,Daily Wage,Medium,True,20.1
JOB_2048496C,Bihar,Gaya,Agriculture & Dairy,Dairy Farmer & Animal Husbandry Assistant,AGR/Q4101,Self-Employment / Enterprise,Medium,True,24.1
JOB_F514F9F7,Bihar,Gaya,Electrical & Solar,Wireman Helper,ELE/Q6001,Fixed Monthly,High,True,15.1
JOB_E5CEAA1E,Bihar,Gaya,Artisan & Carpentry,Assistant Carpenter,CON/Q0102,Self-Employment / Enterprise,High,False,23.3
JOB_AFDAD36F,Bihar,Gaya,Handicrafts & Leather,Leather Goods Maker / Footwear Repairer,LSS/Q2501,Daily Wage,Low,False,9.3
JOB_6B92EFE9,Bihar,Gaya,Handicrafts & Leather,Leather Goods Maker / Footwear Repairer,LSS/Q2501,Daily Wage,Medium,True,13.5
JOB_D57D7EAD,Bihar,Gaya,Handicrafts & Leather,Leather Goods Maker / Footwear Repairer,LSS/Q2501,Self-Employment / Enterprise,Low,True,15.6
JOB_45E146C9,Bihar,Gaya,Handicrafts & Leather,Leather Goods Maker / Footwear Repairer,LSS/Q2501,Self-Employment / Enterprise,Medium,False,24.7
JOB_46A2FB57,Bihar,Gaya,Construction,Assistant Mason,CON/Q0101,Fixed Monthly,Medium,True,8.5
JOB_3FC607D6,Bihar,Gaya,Artisan & Carpentry,Assistant Carpenter,CON/Q0102,Fixed Monthly,Low,True,10.2
JOB_B2D98260,Bihar,Gaya,Garments & Tailoring,Industrial Sewing Machine Operator,AMH/Q0301,Fixed Monthly,High,True,24.4
JOB_4FAEB44D,Bihar,Gaya,Handicrafts & Leather,Leather Goods Maker / Footwear Repairer,LSS/Q2501,Daily Wage,High,True,17.1
JOB_004C4079,Bihar,Gaya,Artisan & Carpentry,Assistant Carpenter,CON/Q0102,Daily Wage,High,False,8.1
JOB_EEF4A240,Bihar,Gaya,Agriculture & Dairy,Dairy Farmer & Animal Husbandry Assistant,AGR/Q4101,Daily Wage,Medium,True,15.0
JOB_3E19136A,Bihar,Gaya,Garments & Tailoring,Industrial Sewing Machine Operator,AMH/Q0301,Daily Wage,High,True,14.9
JOB_6C7E2357,Bihar,Gaya,Artisan & Carpentry,Assistant Carpenter,CON/Q0102,Self-Employment / Enterprise,Low,True,20.4
JOB_4B669FCB,Bihar,Gaya,Artisan & Carpentry,Assistant Carpenter,CON/Q0102,Self-Employment / Enterprise,Low,False,9.5
JOB_CDC4DA4C,Bihar,Patna,Artisan & Carpentry,Assistant Carpenter,CON/Q0102,Fixed Monthly,High,True,16.2
JOB_99BC0FAD,Bihar,Patna,Artisan & Carpentry,Assistant Carpenter,CON/Q0102,Self-Employment / Enterprise,Medium,False,10.5
JOB_E3BB8E37,Bihar,Patna,Agriculture & Dairy,Dairy Farmer & Animal Husbandry Assistant,AGR/Q4101,Fixed Monthly,High,False,24.2
JOB_A626539E,Bihar,Patna,Electrical & Solar,Wireman Helper,ELE/Q6001,Self-Employment / Enterprise,High,True,12.2
JOB_98A5B3DD,Bihar,Patna,Electrical & Solar,Wireman Helper,ELE/Q6001,Daily Wage,Medium,False,9.3
JOB_FE39BDBF,Bihar,Patna,Construction,Assistant Mason,CON/Q0101,Self-Employment / Enterprise,High,True,18.7
JOB_6D72C8D7,Bihar,Patna,Handicrafts & Leather,Leather Goods Maker / Footwear Repairer,LSS/Q2501,Daily Wage,High,True,22.0
JOB_4CCC8141,Bihar,Patna,Handicrafts & Leather,Leather Goods Maker / Footwear Repairer,LSS/Q2501,Self-Employment / Enterprise,Medium,False,19.4
JOB_8EC710F3,Bihar,Patna,Construction,Assistant Mason,CON/Q0101,Fixed Monthly,Low,False,23.6
JOB_19EBFD4B,Bihar,Patna,Plumbing & Water Works,Plumber General,PSC/Q0104,Daily Wage,High,False,12.1
JOB_16A02D24,Bihar,Patna,Garments & Tailoring,Industrial Sewing Machine Operator,AMH/Q0301,Self-Employment / Enterprise,Low,False,10.8
JOB_96ECA437,Bihar,Patna,Electrical & Solar,Wireman Helper,ELE/Q6001,Fixed Monthly,Medium,False,20.6
JOB_F3A2351D,Bihar,Patna,Construction,Assistant Mason,CON/Q0101,Fixed Monthly,High,False,11.9
JOB_0141A608,Bihar,Patna,Agriculture & Dairy,Dairy Farmer & Animal Husbandry Assistant,AGR/Q4101,Fixed Monthly,High,False,9.4
JOB_12231F75,Bihar,Patna,Handicrafts & Leather,Leather Goods Maker / Footwear Repairer,LSS/Q2501,Fixed Monthly,High,True,22.8
JOB_C90BEF3F,Bihar,Patna,Construction,Assistant Mason,CON/Q0101,Fixed Monthly,Medium,True,13.1
JOB_9BEBB1B0,Bihar,Patna,Artisan & Carpentry,Assistant Carpenter,CON/Q0102,Daily Wage,Medium,False,24.9
JOB_6ED5C01F,Bihar,Patna,Handicrafts & Leather,Leather Goods Maker / Footwear Repairer,LSS/Q2501,Daily Wage,Medium,False,11.7
JOB_2B13C360,Bihar,Patna,Agriculture & Dairy,Dairy Farmer & Animal Husbandry Assistant,AGR/Q4101,Self-Employment / Enterprise,High,True,21.3
JOB_E8871FF5,Bihar,Patna,Artisan & Carpentry,Assistant Carpenter,CON/Q0102,Self-Employment / Enterprise,Medium,False,20.4
JOB_E831875B,Bihar,Patna,Handicrafts & Leather,Leather Goods Maker / Footwear Repairer,LSS/Q2501,Fixed Monthly,High,False,17.9
JOB_D69E1745,Bihar,Patna,Agriculture & Dairy,Dairy Farmer & Animal Husbandry Assistant,AGR/Q4101,Fixed Monthly,Low,True,10.3
JOB_6381965B,Bihar,Patna,Plumbing & Water Works,Plumber General,PSC/Q0104,Daily Wage,Medium,False,8.9
JOB_0A1104FB,Bihar,Patna,Construction,Assistant Mason,CON/Q0101,Fixed Monthly,Medium,True,24.0
JOB_938DCA07,Bihar,Patna,Garments & Tailoring,Industrial Sewing Machine Operator,AMH/Q0301,Fixed Monthly,Medium,True,8.1
JOB_28892CC6,Bihar,Patna,Electrical & Solar,Wireman Helper,ELE/Q6001,Fixed Monthly,Medium,True,24.3
JOB_C646A0F4,Bihar,Patna,Handicrafts & Leather,Leather Goods Maker / Footwear Repairer,LSS/Q2501,Fixed Monthly,Medium,True,14.1
JOB_8A8B5F89,Bihar,Patna,Agriculture & Dairy,Dairy Farmer & Animal Husbandry Assistant,AGR/Q4101,Fixed Monthly,Low,False,15.1
JOB_EECAADA8,Bihar,Patna,Garments & Tailoring,Industrial Sewing Machine Operator,AMH/Q0301,Self-Employment / Enterprise,Low,False,8.7
JOB_A7A0469C,Bihar,Patna,Electrical & Solar,Wireman Helper,ELE/Q6001,Fixed Monthly,High,True,18.2
JOB_AE044D9C,Bihar,Patna,Garments & Tailoring,Industrial Sewing Machine Operator,AMH/Q0301,Fixed Monthly,Medium,False,9.7
JOB_2B5E635B,Bihar,Patna,Plumbing & Water Works,Plumber General,PSC/Q0104,Self-Employment / Enterprise,Low,True,8.4
JOB_D347421A,Bihar,Patna,Plumbing & Water Works,Plumber General,PSC/Q0104,Self-Employment / Enterprise,High,False,17.5
JOB_28378D4C,Bihar,Patna,Agriculture & Dairy,Dairy Farmer & Animal Husbandry Assistant,AGR/Q4101,Daily Wage,High,True,24.5
JOB_5CC29CCD,Bihar,Patna,Agriculture & Dairy,Dairy Farmer & Animal Husbandry Assistant,AGR/Q4101,Self-Employment / Enterprise,Medium,True,13.0
JOB_4E7C3512,Bihar,Patna,Agriculture & Dairy,Dairy Farmer & Animal Husbandry Assistant,AGR/Q4101,Fixed Monthly,Medium,False,9.7
JOB_EF123BFD,Bihar,Patna,Construction,Assistant Mason,CON/Q0101,Daily Wage,Medium,False,12.2
JOB_A2AD3306,Bihar,Patna,Construction,Assistant Mason,CON/Q0101,Self-Employment / Enterprise,Low,True,24.8
JOB_C8EFDF7C,Bihar,Patna,Electrical & Solar,Wireman Helper,ELE/Q6001,Fixed Monthly,Low,False,17.2
JOB_27FBC03A,Bihar,Patna,Agriculture & Dairy,Dairy Farmer & Animal Husbandry Assistant,AGR/Q4101,Fixed Monthly,Medium,True,21.2
JOB_8B12A844,Bihar,Patna,Artisan & Carpentry,Assistant Carpenter,CON/Q0102,Fixed Monthly,Medium,False,23.9
JOB_A8CBAAC2,Bihar,Patna,Handicrafts & Leather,Leather Goods Maker / Footwear Repairer,LSS/Q2501,Fixed Monthly,Low,True,11.7
JOB_1A1C72B3,Bihar,Patna,Electrical & Solar,Wireman Helper,ELE/Q6001,Self-Employment / Enterprise,High,True,10.8
JOB_FFAC7E6D,Bihar,Patna,Electrical & Solar,Wireman Helper,ELE/Q6001,Fixed Monthly,Medium,True,10.4
JOB_2B4871E9,Bihar,Patna,Handicrafts & Leather,Leather Goods Maker / Footwear Repairer,LSS/Q2501,Daily Wage,High,False,15.1
JOB_EDDBEC61,Bihar,Patna,Agriculture & Dairy,Dairy Farmer & Animal Husbandry Assistant,AGR/Q4101,Daily Wage,Medium,True,24.7
JOB_A3CAC125,Bihar,Patna,Artisan & Carpentry,Assistant Carpenter,CON/Q0102,Fixed Monthly,Low,True,8.4
JOB_2BADC73F,Bihar,Patna,Garments & Tailoring,Industrial Sewing Machine Operator,AMH/Q0301,Self-Employment / Enterprise,Medium,True,9.2
JOB_862E4CA0,Bihar,Patna,Garments & Tailoring,Industrial Sewing Machine Operator,AMH/Q0301,Daily Wage,Medium,True,14.2
JOB_C673E084,Bihar,Patna,Plumbing & Water Works,Plumber General,PSC/Q0104,Daily Wage,Medium,True,11.2
JOB_6A923CEF,Bihar,Patna,Electrical & Solar,Wireman Helper,ELE/Q6001,Fixed Monthly,High,True,16.8
JOB_BB830ADC,Bihar,Patna,Electrical & Solar,Wireman Helper,ELE/Q6001,Fixed Monthly,High,False,22.0
JOB_0610ADC0,Bihar,Patna,Garments & Tailoring,Industrial Sewing Machine Operator,AMH/Q0301,Daily Wage,Medium,True,17.5
JOB_73451554,Bihar,Patna,Agriculture & Dairy,Dairy Farmer & Animal Husbandry Assistant,AGR/Q4101,Self-Employment / Enterprise,Medium,False,11.8
JOB_08EBC995,Bihar,Patna,Garments & Tailoring,Industrial Sewing Machine Operator,AMH/Q0301,Daily Wage,Low,True,17.5
JOB_3480166C,Bihar,Patna,Agriculture & Dairy,Dairy Farmer & Animal Husbandry Assistant,AGR/Q4101,Fixed Monthly,Low,False,24.5
JOB_2400BFDE,Bihar,Patna,Garments & Tailoring,Industrial Sewing Machine Operator,AMH/Q0301,Self-Employment / Enterprise,Low,True,8.9
JOB_8073F180,Bihar,Patna,Construction,Assistant Mason,CON/Q0101,Fixed Monthly,Medium,True,18.3
JOB_E09E9F8D,Bihar,Patna,Handicrafts & Leather,Leather Goods Maker / Footwear Repairer,LSS/Q2501,Daily Wage,Low,False,9.9
JOB_66E29614,Bihar,Patna,Electrical & Solar,Wireman Helper,ELE/Q6001,Daily Wage,High,True,14.4
JOB_BCF9A5B2,Bihar,Patna,Garments & Tailoring,Industrial Sewing Machine Operator,AMH/Q0301,Self-Employment / Enterprise,Medium,False,23.0
JOB_B3D82EFD,Bihar,Patna,Handicrafts & Leather,Leather Goods Maker / Footwear Repairer,LSS/Q2501,Fixed Monthly,Medium,True,23.1
JOB_EE1423A5,Bihar,Patna,Plumbing & Water Works,Plumber General,PSC/Q0104,Self-Employment / Enterprise,Medium,False,9.4
JOB_198D00DA,Bihar,Samastipur,Handicrafts & Leather,Leather Goods Maker / Footwear Repairer,LSS/Q2501,Daily Wage,High,True,10.0
JOB_E8E0DB13,Bihar,Samastipur,Garments & Tailoring,Industrial Sewing Machine Operator,AMH/Q0301,Self-Employment / Enterprise,High,False,20.9
JOB_59C69F75,Bihar,Samastipur,Artisan & Carpentry,Assistant Carpenter,CON/Q0102,Self-Employment / Enterprise,High,False,24.3
JOB_A8E99D1A,Bihar,Samastipur,Plumbing & Water Works,Plumber General,PSC/Q0104,Daily Wage,Medium,False,12.6
JOB_5877D279,Bihar,Samastipur,Handicrafts & Leather,Leather Goods Maker / Footwear Repairer,LSS/Q2501,Fixed Monthly,High,True,22.8
JOB_D0C0621E,Bihar,Samastipur,Handicrafts & Leather,Leather Goods Maker / Footwear Repairer,LSS/Q2501,Daily Wage,High,False,12.8
JOB_B81CA892,Bihar,Samastipur,Plumbing & Water Works,Plumber General,PSC/Q0104,Self-Employment / Enterprise,Medium,False,24.7
JOB_3BDF4667,Bihar,Samastipur,Construction,Assistant Mason,CON/Q0101,Daily Wage,High,True,23.5
JOB_ABDCA3AC,Bihar,Samastipur,Plumbing & Water Works,Plumber General,PSC/Q0104,Daily Wage,High,True,24.3
JOB_F30B4F2C,Bihar,Samastipur,Artisan & Carpentry,Assistant Carpenter,CON/Q0102,Fixed Monthly,High,False,17.7
JOB_C718F3FB,Bihar,Samastipur,Construction,Assistant Mason,CON/Q0101,Self-Employment / Enterprise,High,True,10.6
JOB_D526A8CD,Bihar,Samastipur,Plumbing & Water Works,Plumber General,PSC/Q0104,Daily Wage,Medium,True,22.9
JOB_00F591B0,Bihar,Samastipur,Agriculture & Dairy,Dairy Farmer & Animal Husbandry Assistant,AGR/Q4101,Daily Wage,Low,False,18.3
JOB_B98D1749,Bihar,Samastipur,Handicrafts & Leather,Leather Goods Maker / Footwear Repairer,LSS/Q2501,Daily Wage,Medium,True,13.4
JOB_447C55A8,Bihar,Samastipur,Construction,Assistant Mason,CON/Q0101,Fixed Monthly,Medium,False,14.0
JOB_1880DEBD,Bihar,Samastipur,Construction,Assistant Mason,CON/Q0101,Daily Wage,Medium,False,24.9
JOB_2AD23482,Bihar,Samastipur,Plumbing & Water Works,Plumber General,PSC/Q0104,Daily Wage,High,True,13.8
JOB_18C97226,Bihar,Samastipur,Handicrafts & Leather,Leather Goods Maker / Footwear Repairer,LSS/Q2501,Daily Wage,Medium,False,21.6
JOB_7F42B260,Bihar,Samastipur,Electrical & Solar,Wireman Helper,ELE/Q6001,Daily Wage,Low,True,14.8
JOB_177BB634,Bihar,Samastipur,Agriculture & Dairy,Dairy Farmer & Animal Husbandry Assistant,AGR/Q4101,Fixed Monthly,Medium,False,20.1
JOB_B311E7B3,Bihar,Samastipur,Garments & Tailoring,Industrial Sewing Machine Operator,AMH/Q0301,Self-Employment / Enterprise,High,False,22.4
JOB_3D4E21EF,Bihar,Samastipur,Handicrafts & Leather,Leather Goods Maker / Footwear Repairer,LSS/Q2501,Daily Wage,Medium,True,8.8
JOB_D178D374,Bihar,Samastipur,Garments & Tailoring,Industrial Sewing Machine Operator,AMH/Q0301,Daily Wage,High,True,21.4
JOB_D1AE8E5E,Bihar,Samastipur,Artisan & Carpentry,Assistant Carpenter,CON/Q0102,Fixed Monthly,Low,False,10.3
JOB_0F169DC8,Bihar,Samastipur,Handicrafts & Leather,Leather Goods Maker / Footwear Repairer,LSS/Q2501,Daily Wage,High,True,18.7
JOB_41601FEF,Bihar,Samastipur,Plumbing & Water Works,Plumber General,PSC/Q0104,Fixed Monthly,High,True,23.9
JOB_63D1D42F,Bihar,Samastipur,Construction,Assistant Mason,CON/Q0101,Daily Wage,Medium,False,9.1
JOB_006DF540,Bihar,Samastipur,Artisan & Carpentry,Assistant Carpenter,CON/Q0102,Self-Employment / Enterprise,Low,True,20.3
JOB_EA183C56,Bihar,Samastipur,Handicrafts & Leather,Leather Goods Maker / Footwear Repairer,LSS/Q2501,Fixed Monthly,High,False,15.8
JOB_5A20D44C,Bihar,Samastipur,Construction,Assistant Mason,CON/Q0101,Self-Employment / Enterprise,Low,True,22.6
JOB_D7F4C12E,Bihar,Samastipur,Garments & Tailoring,Industrial Sewing Machine Operator,AMH/Q0301,Fixed Monthly,Medium,False,17.7
JOB_33E69B26,Bihar,Samastipur,Construction,Assistant Mason,CON/Q0101,Daily Wage,Low,True,20.2
JOB_39C2854F,Bihar,Samastipur,Construction,Assistant Mason,CON/Q0101,Daily Wage,High,True,18.7
JOB_39825DAB,Bihar,Samastipur,Handicrafts & Leather,Leather Goods Maker / Footwear Repairer,LSS/Q2501,Fixed Monthly,Medium,False,8.6
JOB_45C7281C,Bihar,Samastipur,Handicrafts & Leather,Leather Goods Maker / Footwear Repairer,LSS/Q2501,Self-Employment / Enterprise,High,True,25.0
JOB_5BBDF288,Bihar,Samastipur,Handicrafts & Leather,Leather Goods Maker / Footwear Repairer,LSS/Q2501,Self-Employment / Enterprise,High,True,22.5
JOB_2B1A0E17,Bihar,Samastipur,Electrical & Solar,Wireman Helper,ELE/Q6001,Daily Wage,Low,True,17.5
JOB_3306AEFA,Bihar,Samastipur,Construction,Assistant Mason,CON/Q0101,Self-Employment / Enterprise,Low,True,13.3
JOB_A53E605B,Bihar,Samastipur,Electrical & Solar,Wireman Helper,ELE/Q6001,Self-Employment / Enterprise,Medium,False,9.9
JOB_D0EBE3FC,Bihar,Samastipur,Plumbing & Water Works,Plumber General,PSC/Q0104,Fixed Monthly,Medium,False,22.9
JOB_61917A13,Bihar,Samastipur,Plumbing & Water Works,Plumber General,PSC/Q0104,Fixed Monthly,Low,True,12.1
JOB_AB11E42E,Bihar,Samastipur,Construction,Assistant Mason,CON/Q0101,Fixed Monthly,Medium,False,13.8
JOB_730B0D8F,Bihar,Samastipur,Plumbing & Water Works,Plumber General,PSC/Q0104,Daily Wage,Medium,True,18.7
JOB_7F844884,Bihar,Samastipur,Electrical & Solar,Wireman Helper,ELE/Q6001,Fixed Monthly,Low,True,13.0
JOB_AB943CB7,Bihar,Samastipur,Construction,Assistant Mason,CON/Q0101,Self-Employment / Enterprise,High,False,21.0
JOB_EDD23D7C,Bihar,Samastipur,Plumbing & Water Works,Plumber General,PSC/Q0104,Self-Employment / Enterprise,Medium,False,23.0
JOB_0DE06F82,Bihar,Samastipur,Garments & Tailoring,Industrial Sewing Machine Operator,AMH/Q0301,Fixed Monthly,High,True,24.2
JOB_5FB3413C,Bihar,Samastipur,Construction,Assistant Mason,CON/Q0101,Daily Wage,High,False,12.0
JOB_304A91C9,Bihar,Samastipur,Artisan & Carpentry,Assistant Carpenter,CON/Q0102,Self-Employment / Enterprise,High,False,20.7
JOB_CC82809A,Bihar,Samastipur,Electrical & Solar,Wireman Helper,ELE/Q6001,Self-Employment / Enterprise,High,False,19.1
JOB_B2A1DA59,Bihar,Muzaffarpur,Agriculture & Dairy,Dairy Farmer & Animal Husbandry Assistant,AGR/Q4101,Daily Wage,High,True,17.2
JOB_9117BE73,Bihar,Muzaffarpur,Plumbing & Water Works,Plumber General,PSC/Q0104,Self-Employment / Enterprise,Medium,False,22.3
JOB_35125323,Bihar,Muzaffarpur,Construction,Assistant Mason,CON/Q0101,Fixed Monthly,High,True,15.4
JOB_0828D2BD,Bihar,Muzaffarpur,Handicrafts & Leather,Leather Goods Maker / Footwear Repairer,LSS/Q2501,Self-Employment / Enterprise,Low,False,24.5
JOB_2059F65D,Bihar,Muzaffarpur,Artisan & Carpentry,Assistant Carpenter,CON/Q0102,Daily Wage,Medium,False,10.7
JOB_6165FBF3,Bihar,Muzaffarpur,Electrical & Solar,Wireman Helper,ELE/Q6001,Fixed Monthly,High,True,19.7
JOB_EB20569F,Bihar,Muzaffarpur,Garments & Tailoring,Industrial Sewing Machine Operator,AMH/Q0301,Fixed Monthly,High,True,8.7
JOB_BE39A019,Bihar,Muzaffarpur,Plumbing & Water Works,Plumber General,PSC/Q0104,Self-Employment / Enterprise,High,True,10.5
JOB_14E82A40,Bihar,Muzaffarpur,Agriculture & Dairy,Dairy Farmer & Animal Husbandry Assistant,AGR/Q4101,Fixed Monthly,Low,True,24.6
JOB_20940390,Bihar,Muzaffarpur,Plumbing & Water Works,Plumber General,PSC/Q0104,Daily Wage,Medium,True,9.5
JOB_E03F91FE,Bihar,Muzaffarpur,Artisan & Carpentry,Assistant Carpenter,CON/Q0102,Fixed Monthly,High,False,21.8
JOB_490E3C31,Bihar,Muzaffarpur,Construction,Assistant Mason,CON/Q0101,Daily Wage,Medium,True,24.4
JOB_8C46C281,Bihar,Muzaffarpur,Handicrafts & Leather,Leather Goods Maker / Footwear Repairer,LSS/Q2501,Fixed Monthly,High,False,11.6
JOB_34F5E1DE,Bihar,Muzaffarpur,Plumbing & Water Works,Plumber General,PSC/Q0104,Self-Employment / Enterprise,High,False,14.6
JOB_0E507ADA,Bihar,Muzaffarpur,Agriculture & Dairy,Dairy Farmer & Animal Husbandry Assistant,AGR/Q4101,Daily Wage,High,False,21.0
JOB_B2289FD4,Bihar,Muzaffarpur,Artisan & Carpentry,Assistant Carpenter,CON/Q0102,Fixed Monthly,Medium,False,18.4
JOB_9BDEC544,Bihar,Muzaffarpur,Electrical & Solar,Wireman Helper,ELE/Q6001,Fixed Monthly,Low,True,17.4
JOB_3E8BA9FA,Bihar,Muzaffarpur,Plumbing & Water Works,Plumber General,PSC/Q0104,Fixed Monthly,High,False,13.1
JOB_80252099,Bihar,Muzaffarpur,Electrical & Solar,Wireman Helper,ELE/Q6001,Self-Employment / Enterprise,Medium,True,15.8
JOB_D23749FE,Bihar,Muzaffarpur,Agriculture & Dairy,Dairy Farmer & Animal Husbandry Assistant,AGR/Q4101,Daily Wage,Low,False,8.8
JOB_D8E7D039,Bihar,Muzaffarpur,Handicrafts & Leather,Leather Goods Maker / Footwear Repairer,LSS/Q2501,Daily Wage,Medium,True,16.3
JOB_8CC39813,Bihar,Muzaffarpur,Electrical & Solar,Wireman Helper,ELE/Q6001,Daily Wage,Low,False,12.4
JOB_69CB49A8,Bihar,Muzaffarpur,Construction,Assistant Mason,CON/Q0101,Self-Employment / Enterprise,High,False,23.5
JOB_148695C5,Bihar,Muzaffarpur,Artisan & Carpentry,Assistant Carpenter,CON/Q0102,Fixed Monthly,Medium,False,12.4
JOB_DB54DDB5,Bihar,Muzaffarpur,Agriculture & Dairy,Dairy Farmer & Animal Husbandry Assistant,AGR/Q4101,Daily Wage,High,False,19.3
JOB_A271C003,Bihar,Muzaffarpur,Electrical & Solar,Wireman Helper,ELE/Q6001,Self-Employment / Enterprise,High,False,14.9
JOB_3B9F3F1C,Bihar,Muzaffarpur,Plumbing & Water Works,Plumber General,PSC/Q0104,Fixed Monthly,Medium,True,20.4
JOB_E399846E,Bihar,Muzaffarpur,Handicrafts & Leather,Leather Goods Maker / Footwear Repairer,LSS/Q2501,Self-Employment / Enterprise,Medium,True,16.2
JOB_BBE22B69,Bihar,Muzaffarpur,Handicrafts & Leather,Leather Goods Maker / Footwear Repairer,LSS/Q2501,Daily Wage,High,True,16.2
JOB_A848A5D1,Bihar,Muzaffarpur,Artisan & Carpentry,Assistant Carpenter,CON/Q0102,Daily Wage,Low,True,14.8
JOB_8C6CB064,Bihar,Muzaffarpur,Plumbing & Water Works,Plumber General,PSC/Q0104,Fixed Monthly,High,False,21.7
JOB_996D5C5D,Bihar,Muzaffarpur,Construction,Assistant Mason,CON/Q0101,Self-Employment / Enterprise,Medium,True,8.5
JOB_BE3A6CFC,Bihar,Muzaffarpur,Agriculture & Dairy,Dairy Farmer & Animal Husbandry Assistant,AGR/Q4101,Self-Employment / Enterprise,Medium,True,15.6
JOB_23D83E4E,Bihar,Muzaffarpur,Handicrafts & Leather,Leather Goods Maker / Footwear Repairer,LSS/Q2501,Fixed Monthly,Low,True,19.6
JOB_824B0B75,Bihar,Muzaffarpur,Garments & Tailoring,Industrial Sewing Machine Operator,AMH/Q0301,Fixed Monthly,High,False,11.2
JOB_3C0572EE,Bihar,Muzaffarpur,Agriculture & Dairy,Dairy Farmer & Animal Husbandry Assistant,AGR/Q4101,Self-Employment / Enterprise,High,False,13.8
JOB_0FB0D480,Bihar,Muzaffarpur,Construction,Assistant Mason,CON/Q0101,Fixed Monthly,Medium,False,14.2
JOB_04E3B459,Bihar,Muzaffarpur,Handicrafts & Leather,Leather Goods Maker / Footwear Repairer,LSS/Q2501,Fixed Monthly,High,False,12.2
JOB_2DEB9B07,Bihar,Muzaffarpur,Agriculture & Dairy,Dairy Farmer & Animal Husbandry Assistant,AGR/Q4101,Daily Wage,Medium,True,21.5
JOB_CD42A398,Bihar,Muzaffarpur,Agriculture & Dairy,Dairy Farmer & Animal Husbandry Assistant,AGR/Q4101,Fixed Monthly,High,False,15.6
JOB_FD941061,Bihar,Muzaffarpur,Construction,Assistant Mason,CON/Q0101,Self-Employment / Enterprise,High,False,21.6
JOB_038159C3,Bihar,Muzaffarpur,Agriculture & Dairy,Dairy Farmer & Animal Husbandry Assistant,AGR/Q4101,Self-Employment / Enterprise,Low,True,17.2
JOB_C3C601F4,Bihar,Muzaffarpur,Agriculture & Dairy,Dairy Farmer & Animal Husbandry Assistant,AGR/Q4101,Fixed Monthly,Low,False,20.1
JOB_F348FF5D,Bihar,Muzaffarpur,Garments & Tailoring,Industrial Sewing Machine Operator,AMH/Q0301,Self-Employment / Enterprise,Low,False,20.4
JOB_995DBBC0,Bihar,Muzaffarpur,Garments & Tailoring,Industrial Sewing Machine Operator,AMH/Q0301,Fixed Monthly,Low,False,11.7
JOB_150D4754,Bihar,Muzaffarpur,Construction,Assistant Mason,CON/Q0101,Self-Employment / Enterprise,High,True,9.9
JOB_E56E874A,Bihar,Muzaffarpur,Handicrafts & Leather,Leather Goods Maker / Footwear Repairer,LSS/Q2501,Daily Wage,Medium,True,11.8
JOB_73A2485E,Bihar,Muzaffarpur,Artisan & Carpentry,Assistant Carpenter,CON/Q0102,Self-Employment / Enterprise,High,False,11.1
JOB_C914EE0C,Bihar,Muzaffarpur,Agriculture & Dairy,Dairy Farmer & Animal Husbandry Assistant,AGR/Q4101,Self-Employment / Enterprise,High,False,16.4
JOB_FF2F3FE3,Bihar,Muzaffarpur,Handicrafts & Leather,Leather Goods Maker / Footwear Repairer,LSS/Q2501,Self-Employment / Enterprise,High,True,23.8
JOB_5258D382,Bihar,Muzaffarpur,Electrical & Solar,Wireman Helper,ELE/Q6001,Fixed Monthly,Low,True,12.7
JOB_C658EBBC,Bihar,Muzaffarpur,Garments & Tailoring,Industrial Sewing Machine Operator,AMH/Q0301,Self-Employment / Enterprise,High,False,15.9
JOB_F8C3BDAA,Bihar,Muzaffarpur,Electrical & Solar,Wireman Helper,ELE/Q6001,Daily Wage,Medium,False,20.8
JOB_6629923D,Bihar,Muzaffarpur,Electrical & Solar,Wireman Helper,ELE/Q6001,Fixed Monthly,Medium,True,23.5
JOB_EA534B72,Bihar,Muzaffarpur,Construction,Assistant Mason,CON/Q0101,Fixed Monthly,Low,True,11.6
JOB_4C84F9A2,Bihar,Muzaffarpur,Garments & Tailoring,Industrial Sewing Machine Operator,AMH/Q0301,Daily Wage,High,False,19.5
JOB_B3FB6850,Bihar,Muzaffarpur,Construction,Assistant Mason,CON/Q0101,Daily Wage,Medium,False,10.9
JOB_1EDEA25B,Bihar,Muzaffarpur,Construction,Assistant Mason,CON/Q0101,Self-Employment / Enterprise,High,False,14.2
JOB_AC6366C1,Bihar,Muzaffarpur,Electrical & Solar,Wireman Helper,ELE/Q6001,Daily Wage,High,False,21.6
JOB_CD5E28BD,Bihar,Muzaffarpur,Plumbing & Water Works,Plumber General,PSC/Q0104,Self-Employment / Enterprise,High,False,13.4
JOB_08545F57,Bihar,Muzaffarpur,Artisan & Carpentry,Assistant Carpenter,CON/Q0102,Fixed Monthly,Medium,True,18.3
JOB_61485CF1,Bihar,Muzaffarpur,Artisan & Carpentry,Assistant Carpenter,CON/Q0102,Fixed Monthly,Low,False,14.1
JOB_EBA5EA52,Bihar,Muzaffarpur,Handicrafts & Leather,Leather Goods Maker / Footwear Repairer,LSS/Q2501,Daily Wage,Medium,True,20.1
JOB_56C7C7DB,Bihar,Muzaffarpur,Agriculture & Dairy,Dairy Farmer & Animal Husbandry Assistant,AGR/Q4101,Self-Employment / Enterprise,Medium,True,14.1
JOB_FC95B471,Bihar,Muzaffarpur,Electrical & Solar,Wireman Helper,ELE/Q6001,Self-Employment / Enterprise,High,True,10.3
JOB_17609929,Bihar,Muzaffarpur,Electrical & Solar,Wireman Helper,ELE/Q6001,Fixed Monthly,High,True,14.3
JOB_9354D308,Bihar,Muzaffarpur,Garments & Tailoring,Industrial Sewing Machine Operator,AMH/Q0301,Self-Employment / Enterprise,High,False,14.5
JOB_7522F422,Bihar,Muzaffarpur,Garments & Tailoring,Industrial Sewing Machine Operator,AMH/Q0301,Fixed Monthly,Low,False,9.3
JOB_0AE9886B,Bihar,Muzaffarpur,Agriculture & Dairy,Dairy Farmer & Animal Husbandry Assistant,AGR/Q4101,Daily Wage,Medium,False,18.2
JOB_CCF1374F,Bihar,Muzaffarpur,Handicrafts & Leather,Leather Goods Maker / Footwear Repairer,LSS/Q2501,Fixed Monthly,Medium,False,9.3
JOB_0FDED23F,Bihar,Muzaffarpur,Garments & Tailoring,Industrial Sewing Machine Operator,AMH/Q0301,Self-Employment / Enterprise,High,True,24.2
JOB_863240FB,Bihar,Muzaffarpur,Agriculture & Dairy,Dairy Farmer & Animal Husbandry Assistant,AGR/Q4101,Fixed Monthly,High,True,21.9
JOB_0ECF5235,Bihar,Muzaffarpur,Garments & Tailoring,Industrial Sewing Machine Operator,AMH/Q0301,Daily Wage,Medium,True,10.8
JOB_F02C0922,Bihar,Muzaffarpur,Artisan & Carpentry,Assistant Carpenter,CON/Q0102,Daily Wage,Low,True,16.9
JOB_565E78A9,Bihar,Muzaffarpur,Garments & Tailoring,Industrial Sewing Machine Operator,AMH/Q0301,Fixed Monthly,High,True,16.9
JOB_A6D9CEA6,Bihar,Muzaffarpur,Electrical & Solar,Wireman Helper,ELE/Q6001,Self-Employment / Enterprise,Medium,False,9.0
JOB_E9954317,Bihar,Muzaffarpur,Garments & Tailoring,Industrial Sewing Machine Operator,AMH/Q0301,Fixed Monthly,High,False,12.0
JOB_D2C3B3FD,Bihar,Muzaffarpur,Artisan & Carpentry,Assistant Carpenter,CON/Q0102,Self-Employment / Enterprise,High,False,11.6
JOB_27332FBA,Bihar,Muzaffarpur,Artisan & Carpentry,Assistant Carpenter,CON/Q0102,Daily Wage,High,True,8.4
JOB_0B89A4D3,Bihar,Muzaffarpur,Electrical & Solar,Wireman Helper,ELE/Q6001,Daily Wage,Medium,True,13.1
JOB_64577709,Bihar,Muzaffarpur,Artisan & Carpentry,Assistant Carpenter,CON/Q0102,Fixed Monthly,High,False,16.1
JOB_6317BB2D,Bihar,Muzaffarpur,Garments & Tailoring,Industrial Sewing Machine Operator,AMH/Q0301,Daily Wage,Low,False,22.0
JOB_BF975F4D,Bihar,Muzaffarpur,Construction,Assistant Mason,CON/Q0101,Daily Wage,Medium,True,18.0
JOB_65670154,Bihar,Muzaffarpur,Agriculture & Dairy,Dairy Farmer & Animal Husbandry Assistant,AGR/Q4101,Self-Employment / Enterprise,Medium,False,24.4
JOB_F73E45FC,Bihar,Muzaffarpur,Plumbing & Water Works,Plumber General,PSC/Q0104,Self-Employment / Enterprise,Low,True,17.8
JOB_D39F3884,Bihar,Muzaffarpur,Agriculture & Dairy,Dairy Farmer & Animal Husbandry Assistant,AGR/Q4101,Self-Employment / Enterprise,Medium,False,8.1
JOB_953286BE,Bihar,Muzaffarpur,Agriculture & Dairy,Dairy Farmer & Animal Husbandry Assistant,AGR/Q4101,Self-Employment / Enterprise,High,True,11.8
JOB_EA65ABF7,Bihar,Muzaffarpur,Artisan & Carpentry,Assistant Carpenter,CON/Q0102,Daily Wage,Medium,True,18.0
JOB_6ED74018,Bihar,Muzaffarpur,Electrical & Solar,Wireman Helper,ELE/Q6001,Daily Wage,Low,False,16.6
JOB_53D28550,Bihar,Muzaffarpur,Garments & Tailoring,Industrial Sewing Machine Operator,AMH/Q0301,Daily Wage,Low,False,11.2
JOB_3F06E978,Bihar,Muzaffarpur,Electrical & Solar,Wireman Helper,ELE/Q6001,Self-Employment / Enterprise,High,True,18.0
JOB_6B409963,Bihar,Muzaffarpur,Agriculture & Dairy,Dairy Farmer & Animal Husbandry Assistant,AGR/Q4101,Daily Wage,Low,False,11.9
JOB_19FBCE8E,Bihar,Muzaffarpur,Agriculture & Dairy,Dairy Farmer & Animal Husbandry Assistant,AGR/Q4101,Fixed Monthly,Medium,False,16.0
JOB_85FA9CF5,Bihar,Muzaffarpur,Garments & Tailoring,Industrial Sewing Machine Operator,AMH/Q0301,Self-Employment / Enterprise,Low,True,11.3
JOB_CC11C29B,Bihar,Muzaffarpur,Plumbing & Water Works,Plumber General,PSC/Q0104,Daily Wage,Low,False,19.7
JOB_9F93CEFF,Bihar,Muzaffarpur,Artisan & Carpentry,Assistant Carpenter,CON/Q0102,Daily Wage,High,False,12.5
JOB_FD111BDB,Bihar,Vaishali,Handicrafts & Leather,Leather Goods Maker / Footwear Repairer,LSS/Q2501,Daily Wage,High,False,18.6
JOB_FDD69ED2,Bihar,Vaishali,Handicrafts & Leather,Leather Goods Maker / Footwear Repairer,LSS/Q2501,Fixed Monthly,Medium,False,21.0
JOB_7F146792,Bihar,Vaishali,Agriculture & Dairy,Dairy Farmer & Animal Husbandry Assistant,AGR/Q4101,Daily Wage,High,False,14.4
JOB_EE95A259,Bihar,Vaishali,Electrical & Solar,Wireman Helper,ELE/Q6001,Fixed Monthly,Medium,True,19.6
JOB_41684089,Bihar,Vaishali,Garments & Tailoring,Industrial Sewing Machine Operator,AMH/Q0301,Fixed Monthly,Low,False,17.9
JOB_2C23DCFC,Bihar,Vaishali,Handicrafts & Leather,Leather Goods Maker / Footwear Repairer,LSS/Q2501,Self-Employment / Enterprise,Low,True,18.7
JOB_917B96C8,Bihar,Vaishali,Electrical & Solar,Wireman Helper,ELE/Q6001,Fixed Monthly,High,True,13.2
JOB_75B05E0C,Bihar,Vaishali,Handicrafts & Leather,Leather Goods Maker / Footwear Repairer,LSS/Q2501,Daily Wage,High,True,23.1
JOB_2BB69E91,Bihar,Vaishali,Agriculture & Dairy,Dairy Farmer & Animal Husbandry Assistant,AGR/Q4101,Fixed Monthly,Medium,True,14.9
JOB_D4B848C5,Bihar,Vaishali,Handicrafts & Leather,Leather Goods Maker / Footwear Repairer,LSS/Q2501,Self-Employment / Enterprise,Medium,False,8.1
JOB_D9DC9D2C,Bihar,Vaishali,Artisan & Carpentry,Assistant Carpenter,CON/Q0102,Fixed Monthly,Low,False,21.3
JOB_D58BB611,Bihar,Vaishali,Electrical & Solar,Wireman Helper,ELE/Q6001,Fixed Monthly,Medium,False,21.4
JOB_BAF7B986,Bihar,Vaishali,Handicrafts & Leather,Leather Goods Maker / Footwear Repairer,LSS/Q2501,Self-Employment / Enterprise,Medium,True,12.3
JOB_A3083862,Bihar,Vaishali,Handicrafts & Leather,Leather Goods Maker / Footwear Repairer,LSS/Q2501,Self-Employment / Enterprise,Low,False,14.6
JOB_8D4988CE,Bihar,Vaishali,Electrical & Solar,Wireman Helper,ELE/Q6001,Self-Employment / Enterprise,High,False,18.0
JOB_F06103DD,Bihar,Vaishali,Construction,Assistant Mason,CON/Q0101,Fixed Monthly,Medium,False,8.3
JOB_917C9F1F,Bihar,Vaishali,Handicrafts & Leather,Leather Goods Maker / Footwear Repairer,LSS/Q2501,Fixed Monthly,High,True,23.9
JOB_E051131F,Bihar,Vaishali,Plumbing & Water Works,Plumber General,PSC/Q0104,Self-Employment / Enterprise,High,True,9.2
JOB_3A67A7DB,Bihar,Vaishali,Construction,Assistant Mason,CON/Q0101,Self-Employment / Enterprise,Low,True,16.8
JOB_4DFC4123,Bihar,Vaishali,Construction,Assistant Mason,CON/Q0101,Daily Wage,Low,True,21.3
JOB_BC715BC1,Bihar,Vaishali,Construction,Assistant Mason,CON/Q0101,Daily Wage,Medium,False,24.2
JOB_03318E06,Bihar,Vaishali,Construction,Assistant Mason,CON/Q0101,Self-Employment / Enterprise,Medium,False,9.4
JOB_2B2A739F,Bihar,Vaishali,Agriculture & Dairy,Dairy Farmer & Animal Husbandry Assistant,AGR/Q4101,Self-Employment / Enterprise,High,True,9.6
JOB_DA478651,Bihar,Vaishali,Artisan & Carpentry,Assistant Carpenter,CON/Q0102,Fixed Monthly,Medium,False,11.1
JOB_B81BE57F,Bihar,Vaishali,Plumbing & Water Works,Plumber General,PSC/Q0104,Daily Wage,Medium,True,22.8
JOB_E8FE0BE6,Bihar,Vaishali,Agriculture & Dairy,Dairy Farmer & Animal Husbandry Assistant,AGR/Q4101,Daily Wage,High,True,18.9
JOB_8C7F2D40,Bihar,Vaishali,Agriculture & Dairy,Dairy Farmer & Animal Husbandry Assistant,AGR/Q4101,Fixed Monthly,High,True,13.5
JOB_7D76F827,Bihar,Vaishali,Electrical & Solar,Wireman Helper,ELE/Q6001,Fixed Monthly,Medium,False,24.1
JOB_9053069C,Bihar,Vaishali,Agriculture & Dairy,Dairy Farmer & Animal Husbandry Assistant,AGR/Q4101,Self-Employment / Enterprise,Medium,False,14.5
JOB_03F4A180,Bihar,Vaishali,Construction,Assistant Mason,CON/Q0101,Daily Wage,Medium,True,10.7
JOB_6130097B,Bihar,Vaishali,Electrical & Solar,Wireman Helper,ELE/Q6001,Fixed Monthly,High,True,15.5
JOB_F5DCC0A9,Bihar,Vaishali,Plumbing & Water Works,Plumber General,PSC/Q0104,Self-Employment / Enterprise,Medium,True,22.1
JOB_ECDF9E0D,Bihar,Vaishali,Handicrafts & Leather,Leather Goods Maker / Footwear Repairer,LSS/Q2501,Fixed Monthly,Medium,False,13.2
JOB_82FCC043,Bihar,Vaishali,Construction,Assistant Mason,CON/Q0101,Daily Wage,High,False,17.7
JOB_FC7E1E7D,Bihar,Vaishali,Garments & Tailoring,Industrial Sewing Machine Operator,AMH/Q0301,Fixed Monthly,High,True,22.5
JOB_E7E7FE1C,Bihar,Vaishali,Agriculture & Dairy,Dairy Farmer & Animal Husbandry Assistant,AGR/Q4101,Self-Employment / Enterprise,High,True,18.9
JOB_E914DF93,Bihar,Vaishali,Artisan & Carpentry,Assistant Carpenter,CON/Q0102,Daily Wage,Low,False,13.6
JOB_455A5749,Bihar,Vaishali,Agriculture & Dairy,Dairy Farmer & Animal Husbandry Assistant,AGR/Q4101,Daily Wage,Medium,False,17.0
JOB_FEB47E87,Bihar,Vaishali,Handicrafts & Leather,Leather Goods Maker / Footwear Repairer,LSS/Q2501,Daily Wage,High,False,15.9
JOB_40C7DD80,Bihar,Vaishali,Agriculture & Dairy,Dairy Farmer & Animal Husbandry Assistant,AGR/Q4101,Self-Employment / Enterprise,Medium,True,19.3
JOB_F9DD6298,Bihar,Vaishali,Plumbing & Water Works,Plumber General,PSC/Q0104,Daily Wage,High,False,23.0
JOB_89022F26,Bihar,Vaishali,Artisan & Carpentry,Assistant Carpenter,CON/Q0102,Self-Employment / Enterprise,High,True,9.7
JOB_E5461E1C,Bihar,Vaishali,Handicrafts & Leather,Leather Goods Maker / Footwear Repairer,LSS/Q2501,Self-Employment / Enterprise,High,False,16.6
JOB_C2A48695,Bihar,Vaishali,Agriculture & Dairy,Dairy Farmer & Animal Husbandry Assistant,AGR/Q4101,Self-Employment / Enterprise,High,False,20.6
JOB_3207DB8B,Bihar,Vaishali,Agriculture & Dairy,Dairy Farmer & Animal Husbandry Assistant,AGR/Q4101,Self-Employment / Enterprise,Medium,True,15.8
JOB_8695B1C6,Bihar,Vaishali,Handicrafts & Leather,Leather Goods Maker / Footwear Repairer,LSS/Q2501,Fixed Monthly,Medium,False,20.8
JOB_F7E92D7D,Bihar,Vaishali,Artisan & Carpentry,Assistant Carpenter,CON/Q0102,Self-Employment / Enterprise,High,True,18.2
JOB_009BBD8A,Bihar,Vaishali,Artisan & Carpentry,Assistant Carpenter,CON/Q0102,Daily Wage,High,False,20.4
JOB_511F444E,Bihar,Vaishali,Artisan & Carpentry,Assistant Carpenter,CON/Q0102,Fixed Monthly,Medium,False,13.7
JOB_30AC4738,Bihar,Vaishali,Electrical & Solar,Wireman Helper,ELE/Q6001,Self-Employment / Enterprise,Low,False,20.4
JOB_DD5AD07B,Bihar,Vaishali,Garments & Tailoring,Industrial Sewing Machine Operator,AMH/Q0301,Daily Wage,Medium,False,22.2
JOB_1A0FA32F,Bihar,Vaishali,Electrical & Solar,Wireman Helper,ELE/Q6001,Self-Employment / Enterprise,Medium,False,13.6
JOB_50B2EC99,Bihar,Vaishali,Garments & Tailoring,Industrial Sewing Machine Operator,AMH/Q0301,Self-Employment / Enterprise,Medium,True,14.5
JOB_FBD35C45,Bihar,Vaishali,Handicrafts & Leather,Leather Goods Maker / Footwear Repairer,LSS/Q2501,Daily Wage,Medium,False,21.0
JOB_7ABD36EF,Bihar,Vaishali,Electrical & Solar,Wireman Helper,ELE/Q6001,Daily Wage,High,False,19.3
JOB_E4018316,Bihar,Vaishali,Handicrafts & Leather,Leather Goods Maker / Footwear Repairer,LSS/Q2501,Daily Wage,High,False,11.4
JOB_4B5A6250,Bihar,Vaishali,Construction,Assistant Mason,CON/Q0101,Daily Wage,Medium,True,12.6
JOB_1E0D3664,Bihar,Vaishali,Plumbing & Water Works,Plumber General,PSC/Q0104,Fixed Monthly,Medium,False,14.1
JOB_701DA528,Bihar,Vaishali,Construction,Assistant Mason,CON/Q0101,Self-Employment / Enterprise,Medium,True,16.4
JOB_9A9B4E07,Bihar,Vaishali,Handicrafts & Leather,Leather Goods Maker / Footwear Repairer,LSS/Q2501,Fixed Monthly,Medium,True,9.3
JOB_B5FCF2EE,Bihar,Vaishali,Garments & Tailoring,Industrial Sewing Machine Operator,AMH/Q0301,Fixed Monthly,Medium,True,14.7
JOB_1FB8E5EA,Bihar,Vaishali,Handicrafts & Leather,Leather Goods Maker / Footwear Repairer,LSS/Q2501,Fixed Monthly,High,True,12.8
JOB_FB6F5FAD,Bihar,Vaishali,Handicrafts & Leather,Leather Goods Maker / Footwear Repairer,LSS/Q2501,Fixed Monthly,Low,False,10.6
JOB_001B29BD,Bihar,Vaishali,Construction,Assistant Mason,CON/Q0101,Fixed Monthly,High,True,12.9
JOB_50610FC0,Bihar,Vaishali,Electrical & Solar,Wireman Helper,ELE/Q6001,Fixed Monthly,Medium,False,19.6
JOB_2A438CA5,Bihar,Vaishali,Agriculture & Dairy,Dairy Farmer & Animal Husbandry Assistant,AGR/Q4101,Fixed Monthly,Medium,False,20.1
JOB_C1F60D0F,Bihar,Vaishali,Artisan & Carpentry,Assistant Carpenter,CON/Q0102,Fixed Monthly,High,False,21.4
JOB_96E29325,Bihar,Vaishali,Agriculture & Dairy,Dairy Farmer & Animal Husbandry Assistant,AGR/Q4101,Self-Employment / Enterprise,Medium,False,12.8
JOB_47A6B563,Bihar,Vaishali,Handicrafts & Leather,Leather Goods Maker / Footwear Repairer,LSS/Q2501,Fixed Monthly,Medium,False,17.5
JOB_6328CC1E,Bihar,Vaishali,Handicrafts & Leather,Leather Goods Maker / Footwear Repairer,LSS/Q2501,Daily Wage,High,False,18.3
JOB_57323017,Tamil Nadu,Kanchipuram,Handicrafts & Leather,Leather Goods Maker / Footwear Repairer,LSS/Q2501,Self-Employment / Enterprise,High,False,17.2
JOB_8AEE867C,Tamil Nadu,Kanchipuram,Agriculture & Dairy,Dairy Farmer & Animal Husbandry Assistant,AGR/Q4101,Self-Employment / Enterprise,Low,True,21.2
JOB_82ADE306,Tamil Nadu,Kanchipuram,Garments & Tailoring,Industrial Sewing Machine Operator,AMH/Q0301,Self-Employment / Enterprise,Medium,False,13.8
JOB_B7BA8152,Tamil Nadu,Kanchipuram,Artisan & Carpentry,Assistant Carpenter,CON/Q0102,Daily Wage,High,True,22.0
JOB_21FA8839,Tamil Nadu,Kanchipuram,Artisan & Carpentry,Assistant Carpenter,CON/Q0102,Fixed Monthly,Medium,True,21.0
JOB_97376303,Tamil Nadu,Kanchipuram,Construction,Assistant Mason,CON/Q0101,Daily Wage,Medium,True,14.8
JOB_FC70E102,Tamil Nadu,Kanchipuram,Artisan & Carpentry,Assistant Carpenter,CON/Q0102,Fixed Monthly,Medium,False,17.5
JOB_2A2AA29C,Tamil Nadu,Kanchipuram,Construction,Assistant Mason,CON/Q0101,Fixed Monthly,Medium,True,15.6
JOB_5B2DA202,Tamil Nadu,Kanchipuram,Agriculture & Dairy,Dairy Farmer & Animal Husbandry Assistant,AGR/Q4101,Daily Wage,Medium,False,16.0
JOB_CB2E0F48,Tamil Nadu,Kanchipuram,Plumbing & Water Works,Plumber General,PSC/Q0104,Daily Wage,Medium,False,18.3
JOB_E64899AD,Tamil Nadu,Kanchipuram,Artisan & Carpentry,Assistant Carpenter,CON/Q0102,Daily Wage,High,False,8.7
JOB_006C5549,Tamil Nadu,Kanchipuram,Agriculture & Dairy,Dairy Farmer & Animal Husbandry Assistant,AGR/Q4101,Daily Wage,Medium,True,13.8
JOB_EE47EFF1,Tamil Nadu,Kanchipuram,Artisan & Carpentry,Assistant Carpenter,CON/Q0102,Daily Wage,Medium,True,23.9
JOB_983C09A9,Tamil Nadu,Kanchipuram,Agriculture & Dairy,Dairy Farmer & Animal Husbandry Assistant,AGR/Q4101,Fixed Monthly,Medium,True,22.8
JOB_7997284B,Tamil Nadu,Kanchipuram,Construction,Assistant Mason,CON/Q0101,Self-Employment / Enterprise,Medium,True,10.3
JOB_BB5B707A,Tamil Nadu,Kanchipuram,Handicrafts & Leather,Leather Goods Maker / Footwear Repairer,LSS/Q2501,Daily Wage,Medium,True,18.3
JOB_5FFEFFB0,Tamil Nadu,Kanchipuram,Plumbing & Water Works,Plumber General,PSC/Q0104,Fixed Monthly,High,False,14.9
JOB_CEC74529,Tamil Nadu,Kanchipuram,Handicrafts & Leather,Leather Goods Maker / Footwear Repairer,LSS/Q2501,Fixed Monthly,High,True,10.8
JOB_A761C517,Tamil Nadu,Kanchipuram,Garments & Tailoring,Industrial Sewing Machine Operator,AMH/Q0301,Self-Employment / Enterprise,Medium,False,13.1
JOB_56EBFF43,Tamil Nadu,Kanchipuram,Construction,Assistant Mason,CON/Q0101,Daily Wage,Medium,True,17.9
JOB_B60BCF9B,Tamil Nadu,Kanchipuram,Artisan & Carpentry,Assistant Carpenter,CON/Q0102,Self-Employment / Enterprise,Low,True,17.4
JOB_F00A00F1,Tamil Nadu,Kanchipuram,Plumbing & Water Works,Plumber General,PSC/Q0104,Daily Wage,Medium,True,10.1
JOB_D06161B1,Tamil Nadu,Kanchipuram,Garments & Tailoring,Industrial Sewing Machine Operator,AMH/Q0301,Self-Employment / Enterprise,High,False,18.7
JOB_51A2F0A9,Tamil Nadu,Kanchipuram,Electrical & Solar,Wireman Helper,ELE/Q6001,Daily Wage,Medium,False,17.5
JOB_A6934534,Tamil Nadu,Kanchipuram,Agriculture & Dairy,Dairy Farmer & Animal Husbandry Assistant,AGR/Q4101,Fixed Monthly,Medium,True,11.0
JOB_B8B4E384,Tamil Nadu,Kanchipuram,Electrical & Solar,Wireman Helper,ELE/Q6001,Daily Wage,High,True,11.8
JOB_1D5F81BC,Tamil Nadu,Kanchipuram,Agriculture & Dairy,Dairy Farmer & Animal Husbandry Assistant,AGR/Q4101,Fixed Monthly,Medium,False,20.5
JOB_4B783C92,Tamil Nadu,Kanchipuram,Garments & Tailoring,Industrial Sewing Machine Operator,AMH/Q0301,Daily Wage,Medium,True,20.9
JOB_6A806647,Tamil Nadu,Kanchipuram,Electrical & Solar,Wireman Helper,ELE/Q6001,Self-Employment / Enterprise,Medium,False,22.9
JOB_8B66511B,Tamil Nadu,Kanchipuram,Electrical & Solar,Wireman Helper,ELE/Q6001,Self-Employment / Enterprise,High,True,16.7
JOB_9CFFFA50,Tamil Nadu,Kanchipuram,Garments & Tailoring,Industrial Sewing Machine Operator,AMH/Q0301,Self-Employment / Enterprise,Medium,True,18.5
JOB_E8243A09,Tamil Nadu,Kanchipuram,Plumbing & Water Works,Plumber General,PSC/Q0104,Self-Employment / Enterprise,Medium,False,11.7
JOB_B2C05CC0,Tamil Nadu,Kanchipuram,Artisan & Carpentry,Assistant Carpenter,CON/Q0102,Self-Employment / Enterprise,Low,True,20.7
JOB_A635FA55,Tamil Nadu,Kanchipuram,Electrical & Solar,Wireman Helper,ELE/Q6001,Fixed Monthly,Medium,True,22.0
JOB_EE3B086D,Tamil Nadu,Kanchipuram,Agriculture & Dairy,Dairy Farmer & Animal Husbandry Assistant,AGR/Q4101,Self-Employment / Enterprise,High,True,19.4
JOB_B9B6B02E,Tamil Nadu,Kanchipuram,Electrical & Solar,Wireman Helper,ELE/Q6001,Fixed Monthly,High,False,8.9
JOB_2F145609,Tamil Nadu,Kanchipuram,Garments & Tailoring,Industrial Sewing Machine Operator,AMH/Q0301,Fixed Monthly,Medium,True,24.9
JOB_BD6F6529,Tamil Nadu,Kanchipuram,Agriculture & Dairy,Dairy Farmer & Animal Husbandry Assistant,AGR/Q4101,Daily Wage,Medium,False,10.6
JOB_4E89C771,Tamil Nadu,Kanchipuram,Garments & Tailoring,Industrial Sewing Machine Operator,AMH/Q0301,Fixed Monthly,Low,False,20.4
JOB_D2E9C73E,Tamil Nadu,Kanchipuram,Plumbing & Water Works,Plumber General,PSC/Q0104,Daily Wage,Low,True,22.7
JOB_6754D7A0,Tamil Nadu,Kanchipuram,Garments & Tailoring,Industrial Sewing Machine Operator,AMH/Q0301,Fixed Monthly,Low,False,18.0
JOB_589DAA24,Tamil Nadu,Kanchipuram,Agriculture & Dairy,Dairy Farmer & Animal Husbandry Assistant,AGR/Q4101,Fixed Monthly,Low,False,23.3
JOB_3CFB9A10,Tamil Nadu,Kanchipuram,Handicrafts & Leather,Leather Goods Maker / Footwear Repairer,LSS/Q2501,Self-Employment / Enterprise,High,True,15.3
JOB_16577D71,Tamil Nadu,Kanchipuram,Garments & Tailoring,Industrial Sewing Machine Operator,AMH/Q0301,Fixed Monthly,High,False,14.8
JOB_D34B6BA2,Tamil Nadu,Kanchipuram,Agriculture & Dairy,Dairy Farmer & Animal Husbandry Assistant,AGR/Q4101,Self-Employment / Enterprise,Medium,False,13.0
JOB_503659D8,Tamil Nadu,Kanchipuram,Agriculture & Dairy,Dairy Farmer & Animal Husbandry Assistant,AGR/Q4101,Fixed Monthly,Medium,False,23.6
JOB_8AFB7747,Tamil Nadu,Kanchipuram,Plumbing & Water Works,Plumber General,PSC/Q0104,Fixed Monthly,Medium,True,16.8
JOB_49CCD670,Tamil Nadu,Kanchipuram,Electrical & Solar,Wireman Helper,ELE/Q6001,Daily Wage,Low,True,21.6
JOB_358B8FB0,Tamil Nadu,Kanchipuram,Handicrafts & Leather,Leather Goods Maker / Footwear Repairer,LSS/Q2501,Self-Employment / Enterprise,Low,True,15.2
JOB_60B64309,Tamil Nadu,Kanchipuram,Garments & Tailoring,Industrial Sewing Machine Operator,AMH/Q0301,Fixed Monthly,Medium,True,16.2
JOB_D507CFC3,Tamil Nadu,Kanchipuram,Construction,Assistant Mason,CON/Q0101,Self-Employment / Enterprise,Medium,True,17.9
JOB_744A0DA3,Tamil Nadu,Kanchipuram,Electrical & Solar,Wireman Helper,ELE/Q6001,Self-Employment / Enterprise,Low,False,18.5
JOB_A98E096D,Tamil Nadu,Kanchipuram,Construction,Assistant Mason,CON/Q0101,Daily Wage,High,True,17.2
JOB_EA93978F,Tamil Nadu,Kanchipuram,Plumbing & Water Works,Plumber General,PSC/Q0104,Self-Employment / Enterprise,Medium,True,8.2
JOB_E2A9917E,Tamil Nadu,Kanchipuram,Handicrafts & Leather,Leather Goods Maker / Footwear Repairer,LSS/Q2501,Self-Employment / Enterprise,Low,True,19.2
JOB_51FD2D70,Tamil Nadu,Kanchipuram,Electrical & Solar,Wireman Helper,ELE/Q6001,Self-Employment / Enterprise,High,True,23.5
JOB_6821F279,Tamil Nadu,Kanchipuram,Handicrafts & Leather,Leather Goods Maker / Footwear Repairer,LSS/Q2501,Fixed Monthly,High,False,24.3
JOB_E719C243,Tamil Nadu,Kanchipuram,Electrical & Solar,Wireman Helper,ELE/Q6001,Fixed Monthly,Medium,False,11.4
JOB_8AF4AA95,Tamil Nadu,Kanchipuram,Construction,Assistant Mason,CON/Q0101,Daily Wage,Medium,True,17.7
JOB_AF80CDF3,Tamil Nadu,Kanchipuram,Construction,Assistant Mason,CON/Q0101,Fixed Monthly,Low,True,9.8
JOB_AB34121D,Tamil Nadu,Kanchipuram,Plumbing & Water Works,Plumber General,PSC/Q0104,Daily Wage,Medium,False,17.6
JOB_682AD621,Tamil Nadu,Kanchipuram,Plumbing & Water Works,Plumber General,PSC/Q0104,Fixed Monthly,Low,True,12.9
JOB_EB30749E,Tamil Nadu,Kanchipuram,Plumbing & Water Works,Plumber General,PSC/Q0104,Daily Wage,Medium,True,11.7
JOB_B274055F,Tamil Nadu,Kanchipuram,Garments & Tailoring,Industrial Sewing Machine Operator,AMH/Q0301,Fixed Monthly,Low,True,10.3
JOB_FDE404FE,Tamil Nadu,Kanchipuram,Plumbing & Water Works,Plumber General,PSC/Q0104,Self-Employment / Enterprise,Medium,False,10.0
JOB_89ADC49D,Tamil Nadu,Villupuram,Handicrafts & Leather,Leather Goods Maker / Footwear Repairer,LSS/Q2501,Daily Wage,Medium,True,10.9
JOB_B23A2268,Tamil Nadu,Villupuram,Handicrafts & Leather,Leather Goods Maker / Footwear Repairer,LSS/Q2501,Fixed Monthly,High,True,11.5
JOB_51DCC446,Tamil Nadu,Villupuram,Garments & Tailoring,Industrial Sewing Machine Operator,AMH/Q0301,Daily Wage,Medium,True,13.1
JOB_3203A94F,Tamil Nadu,Villupuram,Garments & Tailoring,Industrial Sewing Machine Operator,AMH/Q0301,Fixed Monthly,High,False,9.6
JOB_DA5C68AA,Tamil Nadu,Villupuram,Artisan & Carpentry,Assistant Carpenter,CON/Q0102,Fixed Monthly,Medium,False,10.6
JOB_59292666,Tamil Nadu,Villupuram,Garments & Tailoring,Industrial Sewing Machine Operator,AMH/Q0301,Self-Employment / Enterprise,High,True,20.9
JOB_A1AC6489,Tamil Nadu,Villupuram,Garments & Tailoring,Industrial Sewing Machine Operator,AMH/Q0301,Daily Wage,Medium,False,22.5
JOB_2EA9ACE3,Tamil Nadu,Villupuram,Garments & Tailoring,Industrial Sewing Machine Operator,AMH/Q0301,Self-Employment / Enterprise,High,False,12.3
JOB_BEE0D288,Tamil Nadu,Villupuram,Electrical & Solar,Wireman Helper,ELE/Q6001,Daily Wage,High,True,15.0
JOB_BCAE244E,Tamil Nadu,Villupuram,Electrical & Solar,Wireman Helper,ELE/Q6001,Fixed Monthly,High,True,14.7
JOB_0D29BC98,Tamil Nadu,Villupuram,Handicrafts & Leather,Leather Goods Maker / Footwear Repairer,LSS/Q2501,Fixed Monthly,Medium,False,21.0
JOB_E1BD92CE,Tamil Nadu,Villupuram,Plumbing & Water Works,Plumber General,PSC/Q0104,Fixed Monthly,Medium,False,19.4
JOB_08BE90AD,Tamil Nadu,Villupuram,Electrical & Solar,Wireman Helper,ELE/Q6001,Fixed Monthly,Medium,False,19.6
JOB_B28E37EB,Tamil Nadu,Villupuram,Agriculture & Dairy,Dairy Farmer & Animal Husbandry Assistant,AGR/Q4101,Daily Wage,Medium,True,17.5
JOB_BC120F16,Tamil Nadu,Villupuram,Agriculture & Dairy,Dairy Farmer & Animal Husbandry Assistant,AGR/Q4101,Fixed Monthly,High,False,24.1
JOB_3A1059E4,Tamil Nadu,Villupuram,Agriculture & Dairy,Dairy Farmer & Animal Husbandry Assistant,AGR/Q4101,Self-Employment / Enterprise,High,False,10.8
JOB_C584733B,Tamil Nadu,Villupuram,Agriculture & Dairy,Dairy Farmer & Animal Husbandry Assistant,AGR/Q4101,Self-Employment / Enterprise,High,True,9.6
JOB_555FC5F1,Tamil Nadu,Villupuram,Handicrafts & Leather,Leather Goods Maker / Footwear Repairer,LSS/Q2501,Self-Employment / Enterprise,Medium,True,16.0
JOB_E99CC764,Tamil Nadu,Villupuram,Artisan & Carpentry,Assistant Carpenter,CON/Q0102,Daily Wage,Medium,True,24.2
JOB_1982D90D,Tamil Nadu,Villupuram,Plumbing & Water Works,Plumber General,PSC/Q0104,Daily Wage,Medium,True,15.3
JOB_4D08254D,Tamil Nadu,Villupuram,Plumbing & Water Works,Plumber General,PSC/Q0104,Fixed Monthly,Medium,True,18.2
JOB_CC432532,Tamil Nadu,Villupuram,Artisan & Carpentry,Assistant Carpenter,CON/Q0102,Daily Wage,Medium,True,14.5
JOB_03C8532E,Tamil Nadu,Villupuram,Construction,Assistant Mason,CON/Q0101,Daily Wage,High,False,18.8
JOB_058C18CB,Tamil Nadu,Villupuram,Handicrafts & Leather,Leather Goods Maker / Footwear Repairer,LSS/Q2501,Daily Wage,Medium,True,13.8
JOB_DFAA76DE,Tamil Nadu,Villupuram,Garments & Tailoring,Industrial Sewing Machine Operator,AMH/Q0301,Daily Wage,High,True,11.2
JOB_4A93F633,Tamil Nadu,Villupuram,Garments & Tailoring,Industrial Sewing Machine Operator,AMH/Q0301,Self-Employment / Enterprise,Medium,True,23.9
JOB_695D1632,Tamil Nadu,Villupuram,Artisan & Carpentry,Assistant Carpenter,CON/Q0102,Fixed Monthly,Medium,False,12.6
JOB_344FB410,Tamil Nadu,Villupuram,Construction,Assistant Mason,CON/Q0101,Daily Wage,High,True,9.5
JOB_94DC8940,Tamil Nadu,Villupuram,Garments & Tailoring,Industrial Sewing Machine Operator,AMH/Q0301,Fixed Monthly,Medium,True,11.5
JOB_A2EC53C9,Tamil Nadu,Villupuram,Construction,Assistant Mason,CON/Q0101,Self-Employment / Enterprise,High,True,11.2
JOB_86B719FA,Tamil Nadu,Villupuram,Handicrafts & Leather,Leather Goods Maker / Footwear Repairer,LSS/Q2501,Self-Employment / Enterprise,High,True,9.2
JOB_42F70D1F,Tamil Nadu,Villupuram,Electrical & Solar,Wireman Helper,ELE/Q6001,Fixed Monthly,Low,True,9.4
JOB_D23223E7,Tamil Nadu,Villupuram,Plumbing & Water Works,Plumber General,PSC/Q0104,Self-Employment / Enterprise,Medium,True,15.6
JOB_11167E59,Tamil Nadu,Villupuram,Agriculture & Dairy,Dairy Farmer & Animal Husbandry Assistant,AGR/Q4101,Self-Employment / Enterprise,High,False,24.3
JOB_B6128B2E,Tamil Nadu,Villupuram,Plumbing & Water Works,Plumber General,PSC/Q0104,Daily Wage,Low,True,18.1
JOB_604BBDF2,Tamil Nadu,Villupuram,Handicrafts & Leather,Leather Goods Maker / Footwear Repairer,LSS/Q2501,Fixed Monthly,Medium,False,15.3
JOB_24970A4A,Tamil Nadu,Villupuram,Construction,Assistant Mason,CON/Q0101,Daily Wage,Low,True,17.6
JOB_2552DE2E,Tamil Nadu,Villupuram,Plumbing & Water Works,Plumber General,PSC/Q0104,Daily Wage,Low,False,11.1
JOB_59A75278,Tamil Nadu,Villupuram,Construction,Assistant Mason,CON/Q0101,Daily Wage,Low,True,13.2
JOB_F630F38A,Tamil Nadu,Villupuram,Agriculture & Dairy,Dairy Farmer & Animal Husbandry Assistant,AGR/Q4101,Fixed Monthly,Medium,True,24.1
JOB_D119D9B8,Tamil Nadu,Villupuram,Agriculture & Dairy,Dairy Farmer & Animal Husbandry Assistant,AGR/Q4101,Fixed Monthly,Medium,False,19.8
JOB_EF3E9F91,Tamil Nadu,Villupuram,Handicrafts & Leather,Leather Goods Maker / Footwear Repairer,LSS/Q2501,Self-Employment / Enterprise,High,False,15.1
JOB_F6197E29,Tamil Nadu,Villupuram,Plumbing & Water Works,Plumber General,PSC/Q0104,Self-Employment / Enterprise,High,True,12.3
JOB_042E5202,Tamil Nadu,Villupuram,Electrical & Solar,Wireman Helper,ELE/Q6001,Self-Employment / Enterprise,Medium,True,9.4
JOB_397874D9,Tamil Nadu,Villupuram,Construction,Assistant Mason,CON/Q0101,Self-Employment / Enterprise,Medium,False,22.9
JOB_0E5FD561,Tamil Nadu,Villupuram,Handicrafts & Leather,Leather Goods Maker / Footwear Repairer,LSS/Q2501,Fixed Monthly,Medium,True,20.9
JOB_5DB7EE04,Tamil Nadu,Villupuram,Agriculture & Dairy,Dairy Farmer & Animal Husbandry Assistant,AGR/Q4101,Self-Employment / Enterprise,Medium,False,15.8
JOB_A4FB5250,Tamil Nadu,Villupuram,Electrical & Solar,Wireman Helper,ELE/Q6001,Fixed Monthly,High,False,13.8
JOB_57291DB8,Tamil Nadu,Villupuram,Artisan & Carpentry,Assistant Carpenter,CON/Q0102,Daily Wage,High,True,21.8
JOB_E3A285E9,Tamil Nadu,Villupuram,Artisan & Carpentry,Assistant Carpenter,CON/Q0102,Daily Wage,High,True,10.6
JOB_00D63EF4,Tamil Nadu,Villupuram,Artisan & Carpentry,Assistant Carpenter,CON/Q0102,Self-Employment / Enterprise,Medium,True,14.4
JOB_85B27B7A,Tamil Nadu,Villupuram,Artisan & Carpentry,Assistant Carpenter,CON/Q0102,Fixed Monthly,Medium,True,21.2
JOB_0CA8979D,Tamil Nadu,Villupuram,Artisan & Carpentry,Assistant Carpenter,CON/Q0102,Fixed Monthly,Low,True,22.5
JOB_79337233,Tamil Nadu,Villupuram,Artisan & Carpentry,Assistant Carpenter,CON/Q0102,Daily Wage,High,True,19.7
JOB_00FC6ABA,Tamil Nadu,Villupuram,Construction,Assistant Mason,CON/Q0101,Fixed Monthly,Medium,True,24.9
JOB_A45C97B5,Tamil Nadu,Villupuram,Electrical & Solar,Wireman Helper,ELE/Q6001,Self-Employment / Enterprise,High,True,11.3
JOB_6BC0F1F6,Tamil Nadu,Villupuram,Garments & Tailoring,Industrial Sewing Machine Operator,AMH/Q0301,Fixed Monthly,High,True,21.8
JOB_C1B49732,Tamil Nadu,Villupuram,Construction,Assistant Mason,CON/Q0101,Daily Wage,Low,False,15.0
JOB_9E6F2424,Tamil Nadu,Villupuram,Agriculture & Dairy,Dairy Farmer & Animal Husbandry Assistant,AGR/Q4101,Daily Wage,Low,False,18.9
JOB_F5692899,Tamil Nadu,Villupuram,Agriculture & Dairy,Dairy Farmer & Animal Husbandry Assistant,AGR/Q4101,Fixed Monthly,Medium,False,9.7
JOB_82AD7AA9,Tamil Nadu,Villupuram,Handicrafts & Leather,Leather Goods Maker / Footwear Repairer,LSS/Q2501,Self-Employment / Enterprise,Medium,True,12.5
JOB_0F977146,Tamil Nadu,Villupuram,Electrical & Solar,Wireman Helper,ELE/Q6001,Daily Wage,Low,True,12.3
JOB_5396DFF2,Tamil Nadu,Villupuram,Agriculture & Dairy,Dairy Farmer & Animal Husbandry Assistant,AGR/Q4101,Daily Wage,Medium,False,13.3
JOB_63877BE4,Tamil Nadu,Villupuram,Electrical & Solar,Wireman Helper,ELE/Q6001,Self-Employment / Enterprise,Low,False,19.7
JOB_616D1569,Tamil Nadu,Villupuram,Electrical & Solar,Wireman Helper,ELE/Q6001,Self-Employment / Enterprise,High,True,8.5
JOB_0D050F02,Tamil Nadu,Villupuram,Plumbing & Water Works,Plumber General,PSC/Q0104,Self-Employment / Enterprise,Medium,True,13.0
JOB_B8049596,Tamil Nadu,Villupuram,Agriculture & Dairy,Dairy Farmer & Animal Husbandry Assistant,AGR/Q4101,Daily Wage,Low,False,22.0
JOB_328F3651,Tamil Nadu,Villupuram,Garments & Tailoring,Industrial Sewing Machine Operator,AMH/Q0301,Daily Wage,Medium,False,19.5
JOB_47942384,Tamil Nadu,Villupuram,Artisan & Carpentry,Assistant Carpenter,CON/Q0102,Self-Employment / Enterprise,Medium,True,20.9
JOB_49FFED99,Tamil Nadu,Villupuram,Agriculture & Dairy,Dairy Farmer & Animal Husbandry Assistant,AGR/Q4101,Self-Employment / Enterprise,Medium,False,14.3
JOB_39BDAE3F,Tamil Nadu,Villupuram,Artisan & Carpentry,Assistant Carpenter,CON/Q0102,Self-Employment / Enterprise,Low,True,20.4
JOB_193C257A,Tamil Nadu,Villupuram,Handicrafts & Leather,Leather Goods Maker / Footwear Repairer,LSS/Q2501,Daily Wage,Medium,True,18.8
JOB_F27092B5,Tamil Nadu,Villupuram,Plumbing & Water Works,Plumber General,PSC/Q0104,Fixed Monthly,Medium,False,24.7
JOB_64CDE665,Tamil Nadu,Villupuram,Handicrafts & Leather,Leather Goods Maker / Footwear Repairer,LSS/Q2501,Fixed Monthly,High,True,14.2
JOB_6AC195CD,Tamil Nadu,Villupuram,Electrical & Solar,Wireman Helper,ELE/Q6001,Fixed Monthly,High,True,24.7
JOB_BFC84309,Tamil Nadu,Villupuram,Construction,Assistant Mason,CON/Q0101,Daily Wage,High,True,14.5
JOB_D48FE081,Tamil Nadu,Villupuram,Agriculture & Dairy,Dairy Farmer & Animal Husbandry Assistant,AGR/Q4101,Daily Wage,High,True,22.0
JOB_586407AC,Tamil Nadu,Villupuram,Handicrafts & Leather,Leather Goods Maker / Footwear Repairer,LSS/Q2501,Daily Wage,Medium,False,20.7
JOB_C16586F7,Tamil Nadu,Villupuram,Plumbing & Water Works,Plumber General,PSC/Q0104,Self-Employment / Enterprise,Low,False,16.3
JOB_38DD3B63,Tamil Nadu,Villupuram,Plumbing & Water Works,Plumber General,PSC/Q0104,Fixed Monthly,Low,True,10.7
JOB_9BC9161D,Tamil Nadu,Villupuram,Garments & Tailoring,Industrial Sewing Machine Operator,AMH/Q0301,Fixed Monthly,Low,False,17.6
JOB_541CA8BE,Tamil Nadu,Villupuram,Electrical & Solar,Wireman Helper,ELE/Q6001,Daily Wage,Low,False,20.7
JOB_268FAB0E,Tamil Nadu,Villupuram,Plumbing & Water Works,Plumber General,PSC/Q0104,Fixed Monthly,High,False,21.8
JOB_F26B4750,Tamil Nadu,Villupuram,Construction,Assistant Mason,CON/Q0101,Self-Employment / Enterprise,High,True,20.4
JOB_7E2CEAD5,Tamil Nadu,Villupuram,Garments & Tailoring,Industrial Sewing Machine Operator,AMH/Q0301,Daily Wage,Low,False,16.8
JOB_F15BEC66,Tamil Nadu,Cuddalore,Agriculture & Dairy,Dairy Farmer & Animal Husbandry Assistant,AGR/Q4101,Self-Employment / Enterprise,Medium,True,17.4
JOB_113931C0,Tamil Nadu,Cuddalore,Handicrafts & Leather,Leather Goods Maker / Footwear Repairer,LSS/Q2501,Daily Wage,Medium,True,17.0
JOB_77449873,Tamil Nadu,Cuddalore,Construction,Assistant Mason,CON/Q0101,Daily Wage,Medium,True,19.0
JOB_04679249,Tamil Nadu,Cuddalore,Garments & Tailoring,Industrial Sewing Machine Operator,AMH/Q0301,Self-Employment / Enterprise,Medium,True,23.2
JOB_374A647D,Tamil Nadu,Cuddalore,Plumbing & Water Works,Plumber General,PSC/Q0104,Fixed Monthly,Low,True,8.4
JOB_260D9811,Tamil Nadu,Cuddalore,Agriculture & Dairy,Dairy Farmer & Animal Husbandry Assistant,AGR/Q4101,Fixed Monthly,Low,False,23.1
JOB_7B5653FE,Tamil Nadu,Cuddalore,Garments & Tailoring,Industrial Sewing Machine Operator,AMH/Q0301,Self-Employment / Enterprise,Low,True,8.0
JOB_8A840263,Tamil Nadu,Cuddalore,Handicrafts & Leather,Leather Goods Maker / Footwear Repairer,LSS/Q2501,Self-Employment / Enterprise,High,False,11.6
JOB_89A9E235,Tamil Nadu,Cuddalore,Artisan & Carpentry,Assistant Carpenter,CON/Q0102,Fixed Monthly,High,False,23.2
JOB_61D8EEA8,Tamil Nadu,Cuddalore,Garments & Tailoring,Industrial Sewing Machine Operator,AMH/Q0301,Fixed Monthly,Medium,True,11.0
JOB_E3D0D337,Tamil Nadu,Cuddalore,Artisan & Carpentry,Assistant Carpenter,CON/Q0102,Self-Employment / Enterprise,Medium,True,8.0
JOB_43DFA103,Tamil Nadu,Cuddalore,Handicrafts & Leather,Leather Goods Maker / Footwear Repairer,LSS/Q2501,Daily Wage,High,False,20.5
JOB_9F6E3147,Tamil Nadu,Cuddalore,Agriculture & Dairy,Dairy Farmer & Animal Husbandry Assistant,AGR/Q4101,Daily Wage,Medium,True,15.5
JOB_B73CE7C6,Tamil Nadu,Cuddalore,Artisan & Carpentry,Assistant Carpenter,CON/Q0102,Self-Employment / Enterprise,Low,False,23.0
JOB_A85B1E2E,Tamil Nadu,Cuddalore,Artisan & Carpentry,Assistant Carpenter,CON/Q0102,Self-Employment / Enterprise,Medium,True,15.7
JOB_C731A013,Tamil Nadu,Cuddalore,Handicrafts & Leather,Leather Goods Maker / Footwear Repairer,LSS/Q2501,Daily Wage,Low,False,9.5
JOB_0D07CF43,Tamil Nadu,Cuddalore,Handicrafts & Leather,Leather Goods Maker / Footwear Repairer,LSS/Q2501,Fixed Monthly,Low,False,13.8
JOB_45B2D0C4,Tamil Nadu,Cuddalore,Agriculture & Dairy,Dairy Farmer & Animal Husbandry Assistant,AGR/Q4101,Fixed Monthly,Medium,False,24.2
JOB_2C634C2C,Tamil Nadu,Cuddalore,Artisan & Carpentry,Assistant Carpenter,CON/Q0102,Fixed Monthly,Medium,True,15.8
JOB_7A17109C,Tamil Nadu,Cuddalore,Artisan & Carpentry,Assistant Carpenter,CON/Q0102,Self-Employment / Enterprise,Low,False,13.0
JOB_F1F22828,Tamil Nadu,Cuddalore,Artisan & Carpentry,Assistant Carpenter,CON/Q0102,Self-Employment / Enterprise,Medium,True,20.8
JOB_0C690B29,Tamil Nadu,Cuddalore,Electrical & Solar,Wireman Helper,ELE/Q6001,Self-Employment / Enterprise,High,False,20.4
JOB_34922569,Tamil Nadu,Cuddalore,Construction,Assistant Mason,CON/Q0101,Self-Employment / Enterprise,Medium,True,10.6
JOB_4B5308A8,Tamil Nadu,Cuddalore,Electrical & Solar,Wireman Helper,ELE/Q6001,Fixed Monthly,High,False,19.9
JOB_747C0692,Tamil Nadu,Cuddalore,Handicrafts & Leather,Leather Goods Maker / Footwear Repairer,LSS/Q2501,Fixed Monthly,Medium,True,16.4
JOB_46D12B08,Tamil Nadu,Cuddalore,Artisan & Carpentry,Assistant Carpenter,CON/Q0102,Fixed Monthly,Medium,True,17.9
JOB_8F16A1BD,Tamil Nadu,Cuddalore,Construction,Assistant Mason,CON/Q0101,Fixed Monthly,Low,False,15.4
JOB_7D05EC48,Tamil Nadu,Cuddalore,Construction,Assistant Mason,CON/Q0101,Fixed Monthly,Medium,False,21.5
JOB_5AB3DF6B,Tamil Nadu,Cuddalore,Plumbing & Water Works,Plumber General,PSC/Q0104,Daily Wage,Medium,True,15.9
JOB_2466BC36,Tamil Nadu,Cuddalore,Garments & Tailoring,Industrial Sewing Machine Operator,AMH/Q0301,Daily Wage,Medium,False,18.8
JOB_3D7C1E85,Tamil Nadu,Cuddalore,Handicrafts & Leather,Leather Goods Maker / Footwear Repairer,LSS/Q2501,Daily Wage,Medium,False,20.3
JOB_92D15EBA,Tamil Nadu,Cuddalore,Plumbing & Water Works,Plumber General,PSC/Q0104,Self-Employment / Enterprise,Low,False,8.1
JOB_F0A75508,Tamil Nadu,Cuddalore,Construction,Assistant Mason,CON/Q0101,Self-Employment / Enterprise,High,False,13.8
JOB_88F235B2,Tamil Nadu,Cuddalore,Construction,Assistant Mason,CON/Q0101,Self-Employment / Enterprise,Medium,True,13.9
JOB_57C7825D,Tamil Nadu,Cuddalore,Agriculture & Dairy,Dairy Farmer & Animal Husbandry Assistant,AGR/Q4101,Self-Employment / Enterprise,Medium,True,10.5
JOB_6D021F16,Tamil Nadu,Cuddalore,Electrical & Solar,Wireman Helper,ELE/Q6001,Daily Wage,Medium,False,17.8
JOB_8B2490F1,Tamil Nadu,Cuddalore,Construction,Assistant Mason,CON/Q0101,Fixed Monthly,Medium,False,15.4
JOB_485B468F,Tamil Nadu,Cuddalore,Handicrafts & Leather,Leather Goods Maker / Footwear Repairer,LSS/Q2501,Daily Wage,Medium,True,18.8
JOB_7F7D6263,Tamil Nadu,Cuddalore,Electrical & Solar,Wireman Helper,ELE/Q6001,Daily Wage,High,True,18.3
JOB_AB152F0A,Tamil Nadu,Cuddalore,Handicrafts & Leather,Leather Goods Maker / Footwear Repairer,LSS/Q2501,Self-Employment / Enterprise,Medium,True,23.9
JOB_B4DEF8F2,Tamil Nadu,Cuddalore,Agriculture & Dairy,Dairy Farmer & Animal Husbandry Assistant,AGR/Q4101,Daily Wage,Medium,True,24.8
JOB_58C19684,Tamil Nadu,Cuddalore,Construction,Assistant Mason,CON/Q0101,Fixed Monthly,Medium,True,11.4
JOB_C819F893,Tamil Nadu,Cuddalore,Plumbing & Water Works,Plumber General,PSC/Q0104,Self-Employment / Enterprise,Low,True,8.8
JOB_33BE2239,Tamil Nadu,Cuddalore,Artisan & Carpentry,Assistant Carpenter,CON/Q0102,Self-Employment / Enterprise,High,False,14.3
JOB_6BEE7FA4,Tamil Nadu,Cuddalore,Electrical & Solar,Wireman Helper,ELE/Q6001,Fixed Monthly,High,True,23.5
JOB_2A4C5D94,Tamil Nadu,Cuddalore,Construction,Assistant Mason,CON/Q0101,Daily Wage,High,True,21.5
JOB_B913C374,Tamil Nadu,Cuddalore,Artisan & Carpentry,Assistant Carpenter,CON/Q0102,Fixed Monthly,High,True,9.0
JOB_56ED1B6A,Tamil Nadu,Cuddalore,Artisan & Carpentry,Assistant Carpenter,CON/Q0102,Self-Employment / Enterprise,Medium,False,8.9
JOB_C94A8448,Tamil Nadu,Cuddalore,Handicrafts & Leather,Leather Goods Maker / Footwear Repairer,LSS/Q2501,Self-Employment / Enterprise,High,True,14.7
JOB_C8AD7D74,Tamil Nadu,Cuddalore,Construction,Assistant Mason,CON/Q0101,Fixed Monthly,Low,False,16.8
JOB_E0AE12B0,Tamil Nadu,Madurai,Artisan & Carpentry,Assistant Carpenter,CON/Q0102,Self-Employment / Enterprise,High,False,19.3
JOB_2154DB85,Tamil Nadu,Madurai,Construction,Assistant Mason,CON/Q0101,Fixed Monthly,Medium,True,21.4
JOB_FB2862FE,Tamil Nadu,Madurai,Agriculture & Dairy,Dairy Farmer & Animal Husbandry Assistant,AGR/Q4101,Self-Employment / Enterprise,Medium,True,18.8
JOB_5DC6170F,Tamil Nadu,Madurai,Handicrafts & Leather,Leather Goods Maker / Footwear Repairer,LSS/Q2501,Self-Employment / Enterprise,Low,False,14.6
JOB_ED6DB1D3,Tamil Nadu,Madurai,Artisan & Carpentry,Assistant Carpenter,CON/Q0102,Self-Employment / Enterprise,Medium,False,22.7
JOB_D8F24598,Tamil Nadu,Madurai,Handicrafts & Leather,Leather Goods Maker / Footwear Repairer,LSS/Q2501,Daily Wage,High,True,22.7
JOB_C47FF6CD,Tamil Nadu,Madurai,Agriculture & Dairy,Dairy Farmer & Animal Husbandry Assistant,AGR/Q4101,Self-Employment / Enterprise,Medium,True,12.1
JOB_FA613B5E,Tamil Nadu,Madurai,Garments & Tailoring,Industrial Sewing Machine Operator,AMH/Q0301,Self-Employment / Enterprise,Medium,False,20.7
JOB_F192428E,Tamil Nadu,Madurai,Electrical & Solar,Wireman Helper,ELE/Q6001,Daily Wage,Medium,False,19.6
JOB_6E36BBCD,Tamil Nadu,Madurai,Garments & Tailoring,Industrial Sewing Machine Operator,AMH/Q0301,Fixed Monthly,Medium,True,15.6
JOB_FDE064DF,Tamil Nadu,Madurai,Garments & Tailoring,Industrial Sewing Machine Operator,AMH/Q0301,Self-Employment / Enterprise,High,False,10.1
JOB_CDD46E82,Tamil Nadu,Madurai,Construction,Assistant Mason,CON/Q0101,Daily Wage,Low,False,13.6
JOB_30A9098F,Tamil Nadu,Madurai,Garments & Tailoring,Industrial Sewing Machine Operator,AMH/Q0301,Daily Wage,Medium,False,23.8
JOB_E8648F4C,Tamil Nadu,Madurai,Electrical & Solar,Wireman Helper,ELE/Q6001,Fixed Monthly,Medium,True,16.9
JOB_AB6D1606,Tamil Nadu,Madurai,Handicrafts & Leather,Leather Goods Maker / Footwear Repairer,LSS/Q2501,Self-Employment / Enterprise,Medium,False,17.5
JOB_C433AA07,Tamil Nadu,Madurai,Electrical & Solar,Wireman Helper,ELE/Q6001,Daily Wage,Medium,True,10.4
JOB_1AC302CF,Tamil Nadu,Madurai,Handicrafts & Leather,Leather Goods Maker / Footwear Repairer,LSS/Q2501,Daily Wage,Medium,False,11.4
JOB_8DC7A9EC,Tamil Nadu,Madurai,Plumbing & Water Works,Plumber General,PSC/Q0104,Fixed Monthly,Low,True,23.8
JOB_A87980A4,Tamil Nadu,Madurai,Garments & Tailoring,Industrial Sewing Machine Operator,AMH/Q0301,Self-Employment / Enterprise,High,False,23.4
JOB_1E0D7382,Tamil Nadu,Madurai,Artisan & Carpentry,Assistant Carpenter,CON/Q0102,Self-Employment / Enterprise,High,False,24.1
JOB_4F170E66,Tamil Nadu,Madurai,Agriculture & Dairy,Dairy Farmer & Animal Husbandry Assistant,AGR/Q4101,Fixed Monthly,High,True,20.1
JOB_16938341,Tamil Nadu,Madurai,Agriculture & Dairy,Dairy Farmer & Animal Husbandry Assistant,AGR/Q4101,Daily Wage,Low,False,11.3
JOB_ACB7CCAA,Tamil Nadu,Madurai,Artisan & Carpentry,Assistant Carpenter,CON/Q0102,Fixed Monthly,Medium,True,12.6
JOB_F5224EBC,Tamil Nadu,Madurai,Garments & Tailoring,Industrial Sewing Machine Operator,AMH/Q0301,Fixed Monthly,Low,True,16.8
JOB_00823A3C,Tamil Nadu,Madurai,Artisan & Carpentry,Assistant Carpenter,CON/Q0102,Daily Wage,Medium,True,20.8
JOB_99723278,Tamil Nadu,Madurai,Electrical & Solar,Wireman Helper,ELE/Q6001,Fixed Monthly,Low,True,24.9
JOB_870EBCDE,Tamil Nadu,Madurai,Plumbing & Water Works,Plumber General,PSC/Q0104,Fixed Monthly,High,True,16.4
JOB_E5916377,Tamil Nadu,Madurai,Plumbing & Water Works,Plumber General,PSC/Q0104,Self-Employment / Enterprise,High,False,12.4
JOB_1F0FF729,Tamil Nadu,Madurai,Construction,Assistant Mason,CON/Q0101,Daily Wage,Low,True,23.5
JOB_8739C5E5,Tamil Nadu,Madurai,Agriculture & Dairy,Dairy Farmer & Animal Husbandry Assistant,AGR/Q4101,Self-Employment / Enterprise,High,False,16.0
JOB_8FECC871,Tamil Nadu,Madurai,Handicrafts & Leather,Leather Goods Maker / Footwear Repairer,LSS/Q2501,Fixed Monthly,Medium,False,11.0
JOB_AFB2E4D2,Tamil Nadu,Madurai,Handicrafts & Leather,Leather Goods Maker / Footwear Repairer,LSS/Q2501,Fixed Monthly,Low,False,17.2
JOB_5758B216,Tamil Nadu,Madurai,Construction,Assistant Mason,CON/Q0101,Self-Employment / Enterprise,High,True,12.9
JOB_4E902987,Tamil Nadu,Madurai,Artisan & Carpentry,Assistant Carpenter,CON/Q0102,Daily Wage,High,True,20.0
JOB_8536A2EE,Tamil Nadu,Madurai,Artisan & Carpentry,Assistant Carpenter,CON/Q0102,Daily Wage,High,True,9.3
JOB_4D448CE7,Tamil Nadu,Madurai,Garments & Tailoring,Industrial Sewing Machine Operator,AMH/Q0301,Fixed Monthly,Medium,True,13.7
JOB_E25CF455,Tamil Nadu,Madurai,Agriculture & Dairy,Dairy Farmer & Animal Husbandry Assistant,AGR/Q4101,Fixed Monthly,High,False,8.0
JOB_74ABC6D1,Tamil Nadu,Madurai,Construction,Assistant Mason,CON/Q0101,Daily Wage,Medium,False,15.8
JOB_1E8DB255,Tamil Nadu,Madurai,Handicrafts & Leather,Leather Goods Maker / Footwear Repairer,LSS/Q2501,Daily Wage,Medium,True,14.1
JOB_D0446E77,Tamil Nadu,Madurai,Agriculture & Dairy,Dairy Farmer & Animal Husbandry Assistant,AGR/Q4101,Daily Wage,Low,True,22.6
JOB_2FE961FE,Tamil Nadu,Madurai,Handicrafts & Leather,Leather Goods Maker / Footwear Repairer,LSS/Q2501,Self-Employment / Enterprise,Medium,False,20.6
JOB_1C44AEFB,Tamil Nadu,Madurai,Agriculture & Dairy,Dairy Farmer & Animal Husbandry Assistant,AGR/Q4101,Daily Wage,Medium,False,19.8
JOB_62422638,Tamil Nadu,Madurai,Plumbing & Water Works,Plumber General,PSC/Q0104,Daily Wage,Medium,True,15.6
JOB_EAF12598,Tamil Nadu,Madurai,Plumbing & Water Works,Plumber General,PSC/Q0104,Daily Wage,Medium,True,12.2
JOB_412EEB21,Tamil Nadu,Madurai,Artisan & Carpentry,Assistant Carpenter,CON/Q0102,Daily Wage,Medium,False,12.1
JOB_332F94BC,Tamil Nadu,Madurai,Artisan & Carpentry,Assistant Carpenter,CON/Q0102,Daily Wage,Medium,True,8.3
JOB_6B61BAAD,Tamil Nadu,Madurai,Garments & Tailoring,Industrial Sewing Machine Operator,AMH/Q0301,Daily Wage,Medium,True,14.4
JOB_6B9EBF9D,Tamil Nadu,Madurai,Agriculture & Dairy,Dairy Farmer & Animal Husbandry Assistant,AGR/Q4101,Self-Employment / Enterprise,Medium,False,14.2
JOB_3028BA04,Tamil Nadu,Madurai,Electrical & Solar,Wireman Helper,ELE/Q6001,Daily Wage,High,True,20.6
JOB_7B538956,Tamil Nadu,Madurai,Handicrafts & Leather,Leather Goods Maker / Footwear Repairer,LSS/Q2501,Self-Employment / Enterprise,Low,False,23.1
JOB_BCC7C77A,Tamil Nadu,Madurai,Garments & Tailoring,Industrial Sewing Machine Operator,AMH/Q0301,Fixed Monthly,Low,True,14.0
JOB_F11B8B5F,Tamil Nadu,Madurai,Construction,Assistant Mason,CON/Q0101,Self-Employment / Enterprise,Medium,False,9.1
JOB_3507D42F,Tamil Nadu,Tiruvallur,Agriculture & Dairy,Dairy Farmer & Animal Husbandry Assistant,AGR/Q4101,Daily Wage,High,True,20.4
JOB_C97F0EC7,Tamil Nadu,Tiruvallur,Agriculture & Dairy,Dairy Farmer & Animal Husbandry Assistant,AGR/Q4101,Daily Wage,Medium,False,24.0
JOB_C3B69DB3,Tamil Nadu,Tiruvallur,Garments & Tailoring,Industrial Sewing Machine Operator,AMH/Q0301,Self-Employment / Enterprise,Medium,False,8.0
JOB_4133F465,Tamil Nadu,Tiruvallur,Electrical & Solar,Wireman Helper,ELE/Q6001,Self-Employment / Enterprise,Medium,False,14.2
JOB_BAB70B47,Tamil Nadu,Tiruvallur,Plumbing & Water Works,Plumber General,PSC/Q0104,Self-Employment / Enterprise,Medium,False,17.9
JOB_DD46218A,Tamil Nadu,Tiruvallur,Electrical & Solar,Wireman Helper,ELE/Q6001,Self-Employment / Enterprise,Low,True,20.0
JOB_D1887077,Tamil Nadu,Tiruvallur,Electrical & Solar,Wireman Helper,ELE/Q6001,Self-Employment / Enterprise,High,True,10.3
JOB_006EE3B7,Tamil Nadu,Tiruvallur,Artisan & Carpentry,Assistant Carpenter,CON/Q0102,Fixed Monthly,Low,False,10.1
JOB_FAD7407C,Tamil Nadu,Tiruvallur,Agriculture & Dairy,Dairy Farmer & Animal Husbandry Assistant,AGR/Q4101,Daily Wage,High,True,18.6
JOB_16A060DD,Tamil Nadu,Tiruvallur,Agriculture & Dairy,Dairy Farmer & Animal Husbandry Assistant,AGR/Q4101,Fixed Monthly,Medium,True,10.1
JOB_331673F7,Tamil Nadu,Tiruvallur,Artisan & Carpentry,Assistant Carpenter,CON/Q0102,Daily Wage,Medium,False,22.8
JOB_505DD1C7,Tamil Nadu,Tiruvallur,Handicrafts & Leather,Leather Goods Maker / Footwear Repairer,LSS/Q2501,Fixed Monthly,Medium,True,22.3
JOB_493656AB,Tamil Nadu,Tiruvallur,Garments & Tailoring,Industrial Sewing Machine Operator,AMH/Q0301,Daily Wage,Low,True,20.9
JOB_152BE4A8,Tamil Nadu,Tiruvallur,Agriculture & Dairy,Dairy Farmer & Animal Husbandry Assistant,AGR/Q4101,Self-Employment / Enterprise,Low,True,10.9
JOB_CB32A01A,Tamil Nadu,Tiruvallur,Artisan & Carpentry,Assistant Carpenter,CON/Q0102,Daily Wage,High,True,21.2
JOB_A21CDF9A,Tamil Nadu,Tiruvallur,Electrical & Solar,Wireman Helper,ELE/Q6001,Self-Employment / Enterprise,Medium,True,16.2
JOB_0E62AF43,Tamil Nadu,Tiruvallur,Plumbing & Water Works,Plumber General,PSC/Q0104,Daily Wage,Medium,False,18.4
JOB_C3B292E2,Tamil Nadu,Tiruvallur,Artisan & Carpentry,Assistant Carpenter,CON/Q0102,Fixed Monthly,Medium,True,22.3
JOB_094566BD,Tamil Nadu,Tiruvallur,Construction,Assistant Mason,CON/Q0101,Self-Employment / Enterprise,Medium,True,21.2
JOB_FE9952BF,Tamil Nadu,Tiruvallur,Construction,Assistant Mason,CON/Q0101,Self-Employment / Enterprise,Medium,False,24.5
JOB_4D25DC3D,Tamil Nadu,Tiruvallur,Artisan & Carpentry,Assistant Carpenter,CON/Q0102,Daily Wage,High,True,17.3
JOB_B604F974,Tamil Nadu,Tiruvallur,Garments & Tailoring,Industrial Sewing Machine Operator,AMH/Q0301,Self-Employment / Enterprise,High,True,9.4
JOB_F4FDC0F9,Tamil Nadu,Tiruvallur,Agriculture & Dairy,Dairy Farmer & Animal Husbandry Assistant,AGR/Q4101,Fixed Monthly,Medium,False,22.7
JOB_820E0694,Tamil Nadu,Tiruvallur,Handicrafts & Leather,Leather Goods Maker / Footwear Repairer,LSS/Q2501,Fixed Monthly,Medium,False,10.0
JOB_D02E4069,Tamil Nadu,Tiruvallur,Construction,Assistant Mason,CON/Q0101,Self-Employment / Enterprise,Low,True,20.4
JOB_D38B7B3A,Tamil Nadu,Tiruvallur,Artisan & Carpentry,Assistant Carpenter,CON/Q0102,Daily Wage,Medium,True,12.8
JOB_F9A88879,Tamil Nadu,Tiruvallur,Artisan & Carpentry,Assistant Carpenter,CON/Q0102,Daily Wage,Medium,True,19.9
JOB_24C6E04C,Tamil Nadu,Tiruvallur,Electrical & Solar,Wireman Helper,ELE/Q6001,Self-Employment / Enterprise,Medium,False,20.0
JOB_09FE9D0E,Tamil Nadu,Tiruvallur,Garments & Tailoring,Industrial Sewing Machine Operator,AMH/Q0301,Self-Employment / Enterprise,Low,True,20.3
JOB_E0691239,Tamil Nadu,Tiruvallur,Agriculture & Dairy,Dairy Farmer & Animal Husbandry Assistant,AGR/Q4101,Daily Wage,Medium,True,19.7
JOB_147FF857,Tamil Nadu,Tiruvallur,Electrical & Solar,Wireman Helper,ELE/Q6001,Daily Wage,Low,False,9.5
JOB_C5399E28,Tamil Nadu,Tiruvallur,Artisan & Carpentry,Assistant Carpenter,CON/Q0102,Daily Wage,Medium,True,20.4
JOB_59C1B6E4,Tamil Nadu,Tiruvallur,Artisan & Carpentry,Assistant Carpenter,CON/Q0102,Daily Wage,Medium,True,12.6
JOB_3FC2634B,Tamil Nadu,Tiruvallur,Handicrafts & Leather,Leather Goods Maker / Footwear Repairer,LSS/Q2501,Daily Wage,Medium,True,15.7
JOB_03ED77BE,Tamil Nadu,Tiruvallur,Construction,Assistant Mason,CON/Q0101,Fixed Monthly,Medium,True,14.9
JOB_FF828669,Tamil Nadu,Tiruvallur,Construction,Assistant Mason,CON/Q0101,Self-Employment / Enterprise,Medium,True,20.6
JOB_CA57BE93,Tamil Nadu,Tiruvallur,Construction,Assistant Mason,CON/Q0101,Fixed Monthly,Low,True,10.0
JOB_6CE76490,Tamil Nadu,Tiruvallur,Artisan & Carpentry,Assistant Carpenter,CON/Q0102,Daily Wage,Low,False,18.4
JOB_8136C643,Tamil Nadu,Tiruvallur,Construction,Assistant Mason,CON/Q0101,Self-Employment / Enterprise,High,True,18.3
JOB_5E68130C,Tamil Nadu,Tiruvallur,Artisan & Carpentry,Assistant Carpenter,CON/Q0102,Daily Wage,Medium,True,17.0
JOB_D68140EE,Tamil Nadu,Tiruvallur,Plumbing & Water Works,Plumber General,PSC/Q0104,Self-Employment / Enterprise,Medium,True,11.8
JOB_F5EB07AB,Tamil Nadu,Tiruvallur,Plumbing & Water Works,Plumber General,PSC/Q0104,Daily Wage,Medium,True,10.2
JOB_6F871EF2,Tamil Nadu,Tiruvallur,Electrical & Solar,Wireman Helper,ELE/Q6001,Self-Employment / Enterprise,Medium,True,9.6
JOB_DA7E45C2,Tamil Nadu,Tiruvallur,Construction,Assistant Mason,CON/Q0101,Daily Wage,Medium,False,15.2
JOB_ABCA1DF3,Tamil Nadu,Tiruvallur,Agriculture & Dairy,Dairy Farmer & Animal Husbandry Assistant,AGR/Q4101,Daily Wage,Medium,False,18.7
JOB_C4620DB6,Tamil Nadu,Tiruvallur,Artisan & Carpentry,Assistant Carpenter,CON/Q0102,Fixed Monthly,High,False,22.3
JOB_6D22067C,Tamil Nadu,Tiruvallur,Handicrafts & Leather,Leather Goods Maker / Footwear Repairer,LSS/Q2501,Daily Wage,High,True,11.8
JOB_4BD00051,Tamil Nadu,Tiruvallur,Agriculture & Dairy,Dairy Farmer & Animal Husbandry Assistant,AGR/Q4101,Self-Employment / Enterprise,Low,False,14.9
JOB_0C293D68,Tamil Nadu,Tiruvallur,Electrical & Solar,Wireman Helper,ELE/Q6001,Self-Employment / Enterprise,High,False,18.1
JOB_5F5D12FA,Tamil Nadu,Tiruvallur,Plumbing & Water Works,Plumber General,PSC/Q0104,Daily Wage,Medium,True,9.2
JOB_62C4A28B,Tamil Nadu,Tiruvallur,Construction,Assistant Mason,CON/Q0101,Self-Employment / Enterprise,High,False,17.8
JOB_F0970D7C,Tamil Nadu,Tiruvallur,Plumbing & Water Works,Plumber General,PSC/Q0104,Self-Employment / Enterprise,Low,False,15.2
JOB_4A9F4F36,Tamil Nadu,Tiruvallur,Garments & Tailoring,Industrial Sewing Machine Operator,AMH/Q0301,Daily Wage,Medium,True,10.8
JOB_4EDBDFF9,Tamil Nadu,Tiruvallur,Agriculture & Dairy,Dairy Farmer & Animal Husbandry Assistant,AGR/Q4101,Daily Wage,Medium,False,19.1
JOB_29D3A06C,Tamil Nadu,Tiruvallur,Plumbing & Water Works,Plumber General,PSC/Q0104,Self-Employment / Enterprise,Medium,True,14.6
JOB_699124D1,Tamil Nadu,Tiruvallur,Handicrafts & Leather,Leather Goods Maker / Footwear Repairer,LSS/Q2501,Self-Employment / Enterprise,Medium,False,10.5
JOB_A602C330,Tamil Nadu,Tiruvallur,Construction,Assistant Mason,CON/Q0101,Fixed Monthly,Medium,True,11.9
JOB_7C2926DD,Tamil Nadu,Tiruvallur,Artisan & Carpentry,Assistant Carpenter,CON/Q0102,Daily Wage,Low,True,14.0
JOB_71DA6294,Tamil Nadu,Tiruvallur,Plumbing & Water Works,Plumber General,PSC/Q0104,Fixed Monthly,Low,True,18.7
JOB_03D4016D,Tamil Nadu,Tiruvallur,Construction,Assistant Mason,CON/Q0101,Fixed Monthly,Medium,False,12.3
JOB_2317F995,Tamil Nadu,Tiruvallur,Agriculture & Dairy,Dairy Farmer & Animal Husbandry Assistant,AGR/Q4101,Daily Wage,Medium,True,12.2
JOB_AF53464A,Tamil Nadu,Tiruvallur,Agriculture & Dairy,Dairy Farmer & Animal Husbandry Assistant,AGR/Q4101,Fixed Monthly,High,False,16.0
JOB_8416D474,Tamil Nadu,Tiruvallur,Plumbing & Water Works,Plumber General,PSC/Q0104,Daily Wage,Medium,True,21.8
JOB_D3FF94DC,Tamil Nadu,Tiruvallur,Electrical & Solar,Wireman Helper,ELE/Q6001,Daily Wage,Medium,True,11.8
JOB_F731BB47,Tamil Nadu,Tiruvallur,Electrical & Solar,Wireman Helper,ELE/Q6001,Daily Wage,High,False,13.0
JOB_F63B48E4,Tamil Nadu,Tiruvallur,Agriculture & Dairy,Dairy Farmer & Animal Husbandry Assistant,AGR/Q4101,Daily Wage,Low,False,22.2
JOB_B36B365F,Tamil Nadu,Tiruvallur,Electrical & Solar,Wireman Helper,ELE/Q6001,Fixed Monthly,Medium,False,15.9
JOB_6C3C3DE2,Tamil Nadu,Tiruvallur,Garments & Tailoring,Industrial Sewing Machine Operator,AMH/Q0301,Daily Wage,Low,True,12.2
JOB_2D76BF2D,Tamil Nadu,Tiruvallur,Artisan & Carpentry,Assistant Carpenter,CON/Q0102,Self-Employment / Enterprise,Medium,False,13.6
JOB_4EB89A15,Tamil Nadu,Tiruvallur,Handicrafts & Leather,Leather Goods Maker / Footwear Repairer,LSS/Q2501,Fixed Monthly,Medium,True,22.5
JOB_49D2F86D,Tamil Nadu,Tiruvallur,Handicrafts & Leather,Leather Goods Maker / Footwear Repairer,LSS/Q2501,Self-Employment / Enterprise,Medium,True,8.9
JOB_D1F7CBE5,Maharashtra,Pune,Plumbing & Water Works,Plumber General,PSC/Q0104,Daily Wage,High,False,13.6
JOB_6366AB7D,Maharashtra,Pune,Plumbing & Water Works,Plumber General,PSC/Q0104,Daily Wage,High,True,21.3
JOB_290F9E6B,Maharashtra,Pune,Artisan & Carpentry,Assistant Carpenter,CON/Q0102,Fixed Monthly,Medium,False,18.1
JOB_AB25B903,Maharashtra,Pune,Agriculture & Dairy,Dairy Farmer & Animal Husbandry Assistant,AGR/Q4101,Fixed Monthly,High,True,10.5
JOB_015212D5,Maharashtra,Pune,Plumbing & Water Works,Plumber General,PSC/Q0104,Daily Wage,Medium,True,13.0
JOB_615A4576,Maharashtra,Pune,Agriculture & Dairy,Dairy Farmer & Animal Husbandry Assistant,AGR/Q4101,Fixed Monthly,Medium,True,13.6
JOB_786CBC09,Maharashtra,Pune,Handicrafts & Leather,Leather Goods Maker / Footwear Repairer,LSS/Q2501,Fixed Monthly,Medium,True,13.0
JOB_E4499D37,Maharashtra,Pune,Construction,Assistant Mason,CON/Q0101,Fixed Monthly,Medium,True,9.2
JOB_639E176D,Maharashtra,Pune,Electrical & Solar,Wireman Helper,ELE/Q6001,Self-Employment / Enterprise,Medium,True,15.1
JOB_87894D78,Maharashtra,Pune,Garments & Tailoring,Industrial Sewing Machine Operator,AMH/Q0301,Self-Employment / Enterprise,Low,True,23.5
JOB_E5CE63DA,Maharashtra,Pune,Construction,Assistant Mason,CON/Q0101,Fixed Monthly,Low,True,10.7
JOB_D1A5CC03,Maharashtra,Pune,Handicrafts & Leather,Leather Goods Maker / Footwear Repairer,LSS/Q2501,Fixed Monthly,Low,True,18.5
JOB_EDB725F9,Maharashtra,Pune,Garments & Tailoring,Industrial Sewing Machine Operator,AMH/Q0301,Daily Wage,Medium,True,16.7
JOB_7010B916,Maharashtra,Pune,Construction,Assistant Mason,CON/Q0101,Fixed Monthly,Low,False,22.9
JOB_C9E15E63,Maharashtra,Pune,Garments & Tailoring,Industrial Sewing Machine Operator,AMH/Q0301,Self-Employment / Enterprise,High,False,8.9
JOB_2916C422,Maharashtra,Pune,Garments & Tailoring,Industrial Sewing Machine Operator,AMH/Q0301,Fixed Monthly,Low,False,24.5
JOB_449034F9,Maharashtra,Pune,Agriculture & Dairy,Dairy Farmer & Animal Husbandry Assistant,AGR/Q4101,Fixed Monthly,High,True,9.1
JOB_4C503283,Maharashtra,Pune,Agriculture & Dairy,Dairy Farmer & Animal Husbandry Assistant,AGR/Q4101,Fixed Monthly,Medium,True,14.3
JOB_548B0F06,Maharashtra,Pune,Electrical & Solar,Wireman Helper,ELE/Q6001,Fixed Monthly,Medium,True,19.8
JOB_B68602E4,Maharashtra,Pune,Electrical & Solar,Wireman Helper,ELE/Q6001,Daily Wage,Medium,True,17.1
JOB_D36869C9,Maharashtra,Pune,Garments & Tailoring,Industrial Sewing Machine Operator,AMH/Q0301,Fixed Monthly,High,True,21.4
JOB_52D4966E,Maharashtra,Pune,Agriculture & Dairy,Dairy Farmer & Animal Husbandry Assistant,AGR/Q4101,Self-Employment / Enterprise,Low,False,24.4
JOB_85AD8B69,Maharashtra,Pune,Construction,Assistant Mason,CON/Q0101,Self-Employment / Enterprise,Medium,False,15.4
JOB_BCFA3CE0,Maharashtra,Pune,Agriculture & Dairy,Dairy Farmer & Animal Husbandry Assistant,AGR/Q4101,Fixed Monthly,High,True,17.9
JOB_327F28F3,Maharashtra,Pune,Construction,Assistant Mason,CON/Q0101,Daily Wage,High,False,16.5
JOB_742CEB91,Maharashtra,Pune,Electrical & Solar,Wireman Helper,ELE/Q6001,Self-Employment / Enterprise,Low,False,11.1
JOB_204390BF,Maharashtra,Pune,Construction,Assistant Mason,CON/Q0101,Daily Wage,Medium,False,20.8
JOB_1DDD57D4,Maharashtra,Pune,Artisan & Carpentry,Assistant Carpenter,CON/Q0102,Daily Wage,High,False,11.8
JOB_75508973,Maharashtra,Pune,Electrical & Solar,Wireman Helper,ELE/Q6001,Daily Wage,Low,True,21.5
JOB_5D9827B4,Maharashtra,Pune,Plumbing & Water Works,Plumber General,PSC/Q0104,Daily Wage,Medium,True,13.7
JOB_7D6993A8,Maharashtra,Pune,Garments & Tailoring,Industrial Sewing Machine Operator,AMH/Q0301,Self-Employment / Enterprise,Low,True,15.3
JOB_1935B17E,Maharashtra,Pune,Electrical & Solar,Wireman Helper,ELE/Q6001,Self-Employment / Enterprise,Medium,False,24.5
JOB_21AFB950,Maharashtra,Pune,Construction,Assistant Mason,CON/Q0101,Self-Employment / Enterprise,Medium,False,11.3
JOB_23C84A21,Maharashtra,Pune,Electrical & Solar,Wireman Helper,ELE/Q6001,Self-Employment / Enterprise,Medium,True,24.9
JOB_EE0D2B00,Maharashtra,Pune,Electrical & Solar,Wireman Helper,ELE/Q6001,Fixed Monthly,Low,True,20.0
JOB_11A6AA0D,Maharashtra,Pune,Garments & Tailoring,Industrial Sewing Machine Operator,AMH/Q0301,Self-Employment / Enterprise,Medium,True,17.4
JOB_ADCDB55F,Maharashtra,Pune,Handicrafts & Leather,Leather Goods Maker / Footwear Repairer,LSS/Q2501,Daily Wage,Medium,True,24.5
JOB_9EAB4EF7,Maharashtra,Pune,Agriculture & Dairy,Dairy Farmer & Animal Husbandry Assistant,AGR/Q4101,Self-Employment / Enterprise,Medium,True,15.2
JOB_5D2B8891,Maharashtra,Pune,Garments & Tailoring,Industrial Sewing Machine Operator,AMH/Q0301,Fixed Monthly,Low,True,20.2
JOB_8672E39F,Maharashtra,Pune,Garments & Tailoring,Industrial Sewing Machine Operator,AMH/Q0301,Fixed Monthly,Medium,False,17.4
JOB_D9189869,Maharashtra,Pune,Garments & Tailoring,Industrial Sewing Machine Operator,AMH/Q0301,Daily Wage,Medium,False,19.9
JOB_9BAA8E30,Maharashtra,Pune,Construction,Assistant Mason,CON/Q0101,Daily Wage,High,False,23.6
JOB_42647964,Maharashtra,Pune,Agriculture & Dairy,Dairy Farmer & Animal Husbandry Assistant,AGR/Q4101,Fixed Monthly,Low,False,20.3
JOB_77C7FED1,Maharashtra,Pune,Plumbing & Water Works,Plumber General,PSC/Q0104,Daily Wage,High,True,9.1
JOB_7963FC60,Maharashtra,Pune,Artisan & Carpentry,Assistant Carpenter,CON/Q0102,Daily Wage,Medium,False,14.7
JOB_01869EC5,Maharashtra,Pune,Plumbing & Water Works,Plumber General,PSC/Q0104,Fixed Monthly,Medium,True,18.3
JOB_5D548854,Maharashtra,Pune,Garments & Tailoring,Industrial Sewing Machine Operator,AMH/Q0301,Fixed Monthly,Medium,True,24.7
JOB_42227131,Maharashtra,Pune,Electrical & Solar,Wireman Helper,ELE/Q6001,Daily Wage,Low,True,13.5
JOB_9DBCCDF1,Maharashtra,Pune,Handicrafts & Leather,Leather Goods Maker / Footwear Repairer,LSS/Q2501,Self-Employment / Enterprise,Medium,False,22.9
JOB_63B6B747,Maharashtra,Pune,Electrical & Solar,Wireman Helper,ELE/Q6001,Fixed Monthly,Low,False,24.7
JOB_CC677E8D,Maharashtra,Pune,Artisan & Carpentry,Assistant Carpenter,CON/Q0102,Daily Wage,Medium,False,9.3
JOB_5B686CD8,Maharashtra,Pune,Handicrafts & Leather,Leather Goods Maker / Footwear Repairer,LSS/Q2501,Fixed Monthly,Low,True,17.1
JOB_5F81C9BD,Maharashtra,Pune,Garments & Tailoring,Industrial Sewing Machine Operator,AMH/Q0301,Fixed Monthly,Medium,True,21.2
JOB_4B535679,Maharashtra,Pune,Garments & Tailoring,Industrial Sewing Machine Operator,AMH/Q0301,Self-Employment / Enterprise,Medium,False,11.9
JOB_2242F701,Maharashtra,Pune,Handicrafts & Leather,Leather Goods Maker / Footwear Repairer,LSS/Q2501,Self-Employment / Enterprise,High,True,23.1
JOB_796F5C8A,Maharashtra,Pune,Artisan & Carpentry,Assistant Carpenter,CON/Q0102,Self-Employment / Enterprise,Medium,False,20.4
JOB_28D271DD,Maharashtra,Pune,Electrical & Solar,Wireman Helper,ELE/Q6001,Self-Employment / Enterprise,Low,False,22.0
JOB_FCBE2012,Maharashtra,Pune,Electrical & Solar,Wireman Helper,ELE/Q6001,Self-Employment / Enterprise,Medium,True,19.4
JOB_C6CA63BA,Maharashtra,Pune,Garments & Tailoring,Industrial Sewing Machine Operator,AMH/Q0301,Fixed Monthly,Low,False,19.5
JOB_A8AB349B,Maharashtra,Pune,Plumbing & Water Works,Plumber General,PSC/Q0104,Daily Wage,Medium,True,22.8
JOB_37997152,Maharashtra,Pune,Artisan & Carpentry,Assistant Carpenter,CON/Q0102,Fixed Monthly,Medium,True,22.6
JOB_8C315120,Maharashtra,Pune,Agriculture & Dairy,Dairy Farmer & Animal Husbandry Assistant,AGR/Q4101,Daily Wage,High,False,14.5
JOB_EC8F5D9D,Maharashtra,Pune,Garments & Tailoring,Industrial Sewing Machine Operator,AMH/Q0301,Fixed Monthly,High,False,24.9
JOB_0ACD8211,Maharashtra,Pune,Electrical & Solar,Wireman Helper,ELE/Q6001,Fixed Monthly,Low,False,22.1
JOB_B5E1B332,Maharashtra,Pune,Construction,Assistant Mason,CON/Q0101,Daily Wage,High,False,17.3
JOB_61085284,Maharashtra,Pune,Construction,Assistant Mason,CON/Q0101,Fixed Monthly,High,False,22.9
JOB_D7945619,Maharashtra,Pune,Handicrafts & Leather,Leather Goods Maker / Footwear Repairer,LSS/Q2501,Self-Employment / Enterprise,Medium,True,10.2
JOB_32AF4862,Maharashtra,Pune,Construction,Assistant Mason,CON/Q0101,Daily Wage,Medium,False,13.9
JOB_4C3451B1,Maharashtra,Pune,Electrical & Solar,Wireman Helper,ELE/Q6001,Self-Employment / Enterprise,High,True,23.3
JOB_8DDF4C1F,Maharashtra,Pune,Plumbing & Water Works,Plumber General,PSC/Q0104,Daily Wage,Medium,False,19.1
JOB_B8FDA5C5,Maharashtra,Nagpur,Agriculture & Dairy,Dairy Farmer & Animal Husbandry Assistant,AGR/Q4101,Daily Wage,High,False,23.6
JOB_EBF00444,Maharashtra,Nagpur,Plumbing & Water Works,Plumber General,PSC/Q0104,Daily Wage,Medium,False,16.1
JOB_D7130D64,Maharashtra,Nagpur,Agriculture & Dairy,Dairy Farmer & Animal Husbandry Assistant,AGR/Q4101,Self-Employment / Enterprise,Medium,True,16.7
JOB_E891F1EF,Maharashtra,Nagpur,Agriculture & Dairy,Dairy Farmer & Animal Husbandry Assistant,AGR/Q4101,Fixed Monthly,Medium,False,23.5
JOB_789A82E1,Maharashtra,Nagpur,Handicrafts & Leather,Leather Goods Maker / Footwear Repairer,LSS/Q2501,Self-Employment / Enterprise,Medium,False,13.0
JOB_81EA0B06,Maharashtra,Nagpur,Agriculture & Dairy,Dairy Farmer & Animal Husbandry Assistant,AGR/Q4101,Daily Wage,High,True,20.7
JOB_72999703,Maharashtra,Nagpur,Handicrafts & Leather,Leather Goods Maker / Footwear Repairer,LSS/Q2501,Daily Wage,Low,True,14.3
JOB_1A30011B,Maharashtra,Nagpur,Electrical & Solar,Wireman Helper,ELE/Q6001,Self-Employment / Enterprise,High,False,16.1
JOB_022D5D44,Maharashtra,Nagpur,Agriculture & Dairy,Dairy Farmer & Animal Husbandry Assistant,AGR/Q4101,Fixed Monthly,Low,False,18.3
JOB_C44A34A6,Maharashtra,Nagpur,Artisan & Carpentry,Assistant Carpenter,CON/Q0102,Self-Employment / Enterprise,High,True,14.5
JOB_E0351E33,Maharashtra,Nagpur,Plumbing & Water Works,Plumber General,PSC/Q0104,Daily Wage,Medium,True,19.3
JOB_46981D52,Maharashtra,Nagpur,Agriculture & Dairy,Dairy Farmer & Animal Husbandry Assistant,AGR/Q4101,Self-Employment / Enterprise,Medium,True,17.1
JOB_668EE76C,Maharashtra,Nagpur,Garments & Tailoring,Industrial Sewing Machine Operator,AMH/Q0301,Daily Wage,Low,True,8.4
JOB_EBB71C18,Maharashtra,Nagpur,Handicrafts & Leather,Leather Goods Maker / Footwear Repairer,LSS/Q2501,Daily Wage,Medium,True,17.6
JOB_AE9830D7,Maharashtra,Nagpur,Artisan & Carpentry,Assistant Carpenter,CON/Q0102,Daily Wage,Low,False,22.1
JOB_F8D4BC49,Maharashtra,Nagpur,Artisan & Carpentry,Assistant Carpenter,CON/Q0102,Daily Wage,Medium,True,24.0
JOB_AD1059C0,Maharashtra,Nagpur,Artisan & Carpentry,Assistant Carpenter,CON/Q0102,Self-Employment / Enterprise,High,True,15.9
JOB_CB62408D,Maharashtra,Nagpur,Plumbing & Water Works,Plumber General,PSC/Q0104,Daily Wage,High,True,12.6
JOB_EBA7E1AB,Maharashtra,Nagpur,Garments & Tailoring,Industrial Sewing Machine Operator,AMH/Q0301,Daily Wage,High,False,8.1
JOB_BD2D9397,Maharashtra,Nagpur,Garments & Tailoring,Industrial Sewing Machine Operator,AMH/Q0301,Daily Wage,Medium,False,15.3
JOB_60D837B9,Maharashtra,Nagpur,Garments & Tailoring,Industrial Sewing Machine Operator,AMH/Q0301,Fixed Monthly,Medium,False,16.9
JOB_ED8635C4,Maharashtra,Nagpur,Garments & Tailoring,Industrial Sewing Machine Operator,AMH/Q0301,Fixed Monthly,High,False,17.2
JOB_E062ED93,Maharashtra,Nagpur,Construction,Assistant Mason,CON/Q0101,Fixed Monthly,Medium,False,16.2
JOB_4D2EB83F,Maharashtra,Nagpur,Construction,Assistant Mason,CON/Q0101,Fixed Monthly,Low,False,13.0
JOB_67FC3329,Maharashtra,Nagpur,Handicrafts & Leather,Leather Goods Maker / Footwear Repairer,LSS/Q2501,Fixed Monthly,Low,True,15.7
JOB_AE0D1D9B,Maharashtra,Nagpur,Handicrafts & Leather,Leather Goods Maker / Footwear Repairer,LSS/Q2501,Fixed Monthly,Medium,False,14.3
JOB_8D819E03,Maharashtra,Nagpur,Construction,Assistant Mason,CON/Q0101,Fixed Monthly,Low,False,15.4
JOB_2F2A795A,Maharashtra,Nagpur,Electrical & Solar,Wireman Helper,ELE/Q6001,Self-Employment / Enterprise,High,False,22.6
JOB_CC6A0B79,Maharashtra,Nagpur,Plumbing & Water Works,Plumber General,PSC/Q0104,Self-Employment / Enterprise,Medium,True,8.5
JOB_92658DBD,Maharashtra,Nagpur,Agriculture & Dairy,Dairy Farmer & Animal Husbandry Assistant,AGR/Q4101,Fixed Monthly,Low,True,10.6
JOB_6F183BD8,Maharashtra,Nagpur,Handicrafts & Leather,Leather Goods Maker / Footwear Repairer,LSS/Q2501,Daily Wage,High,False,22.0
JOB_7400D6F9,Maharashtra,Nagpur,Handicrafts & Leather,Leather Goods Maker / Footwear Repairer,LSS/Q2501,Fixed Monthly,Low,False,8.4
JOB_3DAFD7B3,Maharashtra,Nagpur,Electrical & Solar,Wireman Helper,ELE/Q6001,Fixed Monthly,Low,True,24.3
JOB_9427FD84,Maharashtra,Nagpur,Construction,Assistant Mason,CON/Q0101,Daily Wage,Medium,False,11.3
JOB_84DA996D,Maharashtra,Nagpur,Agriculture & Dairy,Dairy Farmer & Animal Husbandry Assistant,AGR/Q4101,Self-Employment / Enterprise,Medium,True,11.2
JOB_E71BDA95,Maharashtra,Nagpur,Agriculture & Dairy,Dairy Farmer & Animal Husbandry Assistant,AGR/Q4101,Self-Employment / Enterprise,High,False,18.8
JOB_C1493F71,Maharashtra,Nagpur,Garments & Tailoring,Industrial Sewing Machine Operator,AMH/Q0301,Self-Employment / Enterprise,High,False,15.0
JOB_AFBF5961,Maharashtra,Nagpur,Artisan & Carpentry,Assistant Carpenter,CON/Q0102,Fixed Monthly,Low,True,16.7
JOB_84265C45,Maharashtra,Nagpur,Plumbing & Water Works,Plumber General,PSC/Q0104,Daily Wage,Low,False,12.5
JOB_ED985939,Maharashtra,Nagpur,Construction,Assistant Mason,CON/Q0101,Daily Wage,High,False,18.6
JOB_B6CA754C,Maharashtra,Nagpur,Plumbing & Water Works,Plumber General,PSC/Q0104,Fixed Monthly,High,True,15.1
JOB_06243381,Maharashtra,Nagpur,Agriculture & Dairy,Dairy Farmer & Animal Husbandry Assistant,AGR/Q4101,Daily Wage,Medium,True,8.6
JOB_4126869E,Maharashtra,Nagpur,Plumbing & Water Works,Plumber General,PSC/Q0104,Fixed Monthly,High,False,22.9
JOB_8120ECF1,Maharashtra,Nagpur,Plumbing & Water Works,Plumber General,PSC/Q0104,Daily Wage,Medium,True,13.3
JOB_B06CC8D2,Maharashtra,Nagpur,Plumbing & Water Works,Plumber General,PSC/Q0104,Daily Wage,Medium,True,18.6
JOB_8272ACB4,Maharashtra,Nagpur,Garments & Tailoring,Industrial Sewing Machine Operator,AMH/Q0301,Self-Employment / Enterprise,High,True,13.1
JOB_603710E9,Maharashtra,Nagpur,Garments & Tailoring,Industrial Sewing Machine Operator,AMH/Q0301,Fixed Monthly,Low,True,22.4
JOB_8AEFC5B5,Maharashtra,Nagpur,Garments & Tailoring,Industrial Sewing Machine Operator,AMH/Q0301,Fixed Monthly,Medium,True,19.7
JOB_2C117974,Maharashtra,Nagpur,Garments & Tailoring,Industrial Sewing Machine Operator,AMH/Q0301,Fixed Monthly,Medium,True,15.3
JOB_E133D809,Maharashtra,Nagpur,Agriculture & Dairy,Dairy Farmer & Animal Husbandry Assistant,AGR/Q4101,Fixed Monthly,Medium,True,9.5
JOB_88E273C5,Maharashtra,Nagpur,Construction,Assistant Mason,CON/Q0101,Fixed Monthly,High,False,13.8
JOB_DC5D4971,Maharashtra,Nagpur,Plumbing & Water Works,Plumber General,PSC/Q0104,Fixed Monthly,High,False,11.7
JOB_7154D9D2,Maharashtra,Nagpur,Handicrafts & Leather,Leather Goods Maker / Footwear Repairer,LSS/Q2501,Daily Wage,Medium,True,17.9
JOB_9235F489,Maharashtra,Nagpur,Construction,Assistant Mason,CON/Q0101,Self-Employment / Enterprise,Low,False,13.7
JOB_B7917DA0,Maharashtra,Nagpur,Agriculture & Dairy,Dairy Farmer & Animal Husbandry Assistant,AGR/Q4101,Self-Employment / Enterprise,Medium,True,15.0
JOB_CB2BB901,Maharashtra,Nagpur,Agriculture & Dairy,Dairy Farmer & Animal Husbandry Assistant,AGR/Q4101,Daily Wage,Low,True,22.9
JOB_89822746,Maharashtra,Nagpur,Plumbing & Water Works,Plumber General,PSC/Q0104,Self-Employment / Enterprise,Medium,False,10.6
JOB_B7377E00,Maharashtra,Nagpur,Artisan & Carpentry,Assistant Carpenter,CON/Q0102,Fixed Monthly,Medium,False,24.2
JOB_6BF372D9,Maharashtra,Nagpur,Electrical & Solar,Wireman Helper,ELE/Q6001,Self-Employment / Enterprise,Medium,False,19.1
JOB_8474CC5E,Maharashtra,Nagpur,Agriculture & Dairy,Dairy Farmer & Animal Husbandry Assistant,AGR/Q4101,Daily Wage,High,False,8.6
JOB_66EF5E0C,Maharashtra,Nagpur,Artisan & Carpentry,Assistant Carpenter,CON/Q0102,Fixed Monthly,High,True,12.3
JOB_8777BFD9,Maharashtra,Nagpur,Agriculture & Dairy,Dairy Farmer & Animal Husbandry Assistant,AGR/Q4101,Daily Wage,High,True,14.2
JOB_EC089E5E,Maharashtra,Nagpur,Plumbing & Water Works,Plumber General,PSC/Q0104,Fixed Monthly,Medium,False,16.6
JOB_9E532F1E,Maharashtra,Nagpur,Garments & Tailoring,Industrial Sewing Machine Operator,AMH/Q0301,Fixed Monthly,Low,True,14.1
JOB_BE5764D4,Maharashtra,Nanded,Plumbing & Water Works,Plumber General,PSC/Q0104,Self-Employment / Enterprise,Medium,False,12.8
JOB_B7C18B9C,Maharashtra,Nanded,Artisan & Carpentry,Assistant Carpenter,CON/Q0102,Fixed Monthly,High,False,23.7
JOB_B9DB4C50,Maharashtra,Nanded,Handicrafts & Leather,Leather Goods Maker / Footwear Repairer,LSS/Q2501,Self-Employment / Enterprise,Low,False,22.4
JOB_4556B8CA,Maharashtra,Nanded,Artisan & Carpentry,Assistant Carpenter,CON/Q0102,Fixed Monthly,Medium,False,20.8
JOB_DB728900,Maharashtra,Nanded,Garments & Tailoring,Industrial Sewing Machine Operator,AMH/Q0301,Self-Employment / Enterprise,Medium,False,23.3
JOB_B1C37B91,Maharashtra,Nanded,Handicrafts & Leather,Leather Goods Maker / Footwear Repairer,LSS/Q2501,Fixed Monthly,High,False,21.1
JOB_D2D8F3EE,Maharashtra,Nanded,Artisan & Carpentry,Assistant Carpenter,CON/Q0102,Fixed Monthly,Medium,True,14.1
JOB_C8993227,Maharashtra,Nanded,Artisan & Carpentry,Assistant Carpenter,CON/Q0102,Self-Employment / Enterprise,Low,False,10.5
JOB_BFF7FA87,Maharashtra,Nanded,Agriculture & Dairy,Dairy Farmer & Animal Husbandry Assistant,AGR/Q4101,Self-Employment / Enterprise,High,False,20.0
JOB_3E942F8A,Maharashtra,Nanded,Handicrafts & Leather,Leather Goods Maker / Footwear Repairer,LSS/Q2501,Daily Wage,Medium,False,8.4
JOB_18EDEA80,Maharashtra,Nanded,Artisan & Carpentry,Assistant Carpenter,CON/Q0102,Self-Employment / Enterprise,High,False,12.2
JOB_DEE7DB6B,Maharashtra,Nanded,Handicrafts & Leather,Leather Goods Maker / Footwear Repairer,LSS/Q2501,Fixed Monthly,Low,True,21.8
JOB_706FC6FC,Maharashtra,Nanded,Plumbing & Water Works,Plumber General,PSC/Q0104,Daily Wage,Medium,True,11.4
JOB_854A2162,Maharashtra,Nanded,Construction,Assistant Mason,CON/Q0101,Daily Wage,High,False,18.7
JOB_12228EEB,Maharashtra,Nanded,Agriculture & Dairy,Dairy Farmer & Animal Husbandry Assistant,AGR/Q4101,Fixed Monthly,Medium,False,8.7
JOB_BAA53325,Maharashtra,Nanded,Artisan & Carpentry,Assistant Carpenter,CON/Q0102,Self-Employment / Enterprise,Low,False,17.4
JOB_49559891,Maharashtra,Nanded,Plumbing & Water Works,Plumber General,PSC/Q0104,Fixed Monthly,High,False,17.6
JOB_A3111890,Maharashtra,Nanded,Artisan & Carpentry,Assistant Carpenter,CON/Q0102,Fixed Monthly,Medium,True,8.9
JOB_26EC2230,Maharashtra,Nanded,Artisan & Carpentry,Assistant Carpenter,CON/Q0102,Fixed Monthly,High,False,17.0
JOB_8364334F,Maharashtra,Nanded,Handicrafts & Leather,Leather Goods Maker / Footwear Repairer,LSS/Q2501,Daily Wage,Low,True,22.2
JOB_A5CFDFCA,Maharashtra,Nanded,Artisan & Carpentry,Assistant Carpenter,CON/Q0102,Self-Employment / Enterprise,Medium,True,10.3
JOB_884E9592,Maharashtra,Nanded,Agriculture & Dairy,Dairy Farmer & Animal Husbandry Assistant,AGR/Q4101,Self-Employment / Enterprise,High,False,8.2
JOB_93DBE961,Maharashtra,Nanded,Garments & Tailoring,Industrial Sewing Machine Operator,AMH/Q0301,Self-Employment / Enterprise,Medium,False,11.2
JOB_0689083F,Maharashtra,Nanded,Garments & Tailoring,Industrial Sewing Machine Operator,AMH/Q0301,Self-Employment / Enterprise,Medium,False,16.1
JOB_8876E845,Maharashtra,Nanded,Plumbing & Water Works,Plumber General,PSC/Q0104,Daily Wage,Medium,False,21.9
JOB_660A4CC5,Maharashtra,Nanded,Garments & Tailoring,Industrial Sewing Machine Operator,AMH/Q0301,Daily Wage,Low,True,9.1
JOB_B1D838AB,Maharashtra,Nanded,Agriculture & Dairy,Dairy Farmer & Animal Husbandry Assistant,AGR/Q4101,Fixed Monthly,Medium,False,24.1
JOB_41FA2B9A,Maharashtra,Nanded,Artisan & Carpentry,Assistant Carpenter,CON/Q0102,Self-Employment / Enterprise,Medium,False,17.7
JOB_2EFFE6B9,Maharashtra,Nanded,Agriculture & Dairy,Dairy Farmer & Animal Husbandry Assistant,AGR/Q4101,Self-Employment / Enterprise,Low,True,18.5
JOB_AD9E9E38,Maharashtra,Nanded,Electrical & Solar,Wireman Helper,ELE/Q6001,Fixed Monthly,Low,False,12.5
JOB_09D4178B,Maharashtra,Nanded,Garments & Tailoring,Industrial Sewing Machine Operator,AMH/Q0301,Daily Wage,Medium,True,10.0
JOB_90388946,Maharashtra,Nanded,Plumbing & Water Works,Plumber General,PSC/Q0104,Self-Employment / Enterprise,Medium,False,18.2
JOB_28BAC93C,Maharashtra,Nanded,Electrical & Solar,Wireman Helper,ELE/Q6001,Self-Employment / Enterprise,Medium,True,22.4
JOB_21694220,Maharashtra,Nanded,Handicrafts & Leather,Leather Goods Maker / Footwear Repairer,LSS/Q2501,Self-Employment / Enterprise,High,False,21.8
JOB_A4C4F669,Maharashtra,Nanded,Construction,Assistant Mason,CON/Q0101,Fixed Monthly,Low,False,8.9
JOB_48F69ABD,Maharashtra,Nanded,Plumbing & Water Works,Plumber General,PSC/Q0104,Fixed Monthly,Low,False,21.7
JOB_A894C258,Maharashtra,Nanded,Garments & Tailoring,Industrial Sewing Machine Operator,AMH/Q0301,Self-Employment / Enterprise,Low,True,8.7
JOB_BEDEE1F1,Maharashtra,Nanded,Artisan & Carpentry,Assistant Carpenter,CON/Q0102,Fixed Monthly,Low,True,12.8
JOB_89068262,Maharashtra,Nanded,Agriculture & Dairy,Dairy Farmer & Animal Husbandry Assistant,AGR/Q4101,Daily Wage,Medium,True,14.7
JOB_9C4698B9,Maharashtra,Nanded,Agriculture & Dairy,Dairy Farmer & Animal Husbandry Assistant,AGR/Q4101,Self-Employment / Enterprise,Low,False,19.6
JOB_8D2952E1,Maharashtra,Nanded,Construction,Assistant Mason,CON/Q0101,Fixed Monthly,High,False,9.0
JOB_8F06DEDA,Maharashtra,Nanded,Agriculture & Dairy,Dairy Farmer & Animal Husbandry Assistant,AGR/Q4101,Fixed Monthly,Medium,True,14.5
JOB_2408CF14,Maharashtra,Nanded,Handicrafts & Leather,Leather Goods Maker / Footwear Repairer,LSS/Q2501,Self-Employment / Enterprise,Medium,True,21.0
JOB_EC262A53,Maharashtra,Nanded,Plumbing & Water Works,Plumber General,PSC/Q0104,Daily Wage,Medium,True,10.3
JOB_BCD8A75E,Maharashtra,Nanded,Garments & Tailoring,Industrial Sewing Machine Operator,AMH/Q0301,Fixed Monthly,Medium,False,18.5
JOB_448FD5FF,Maharashtra,Nanded,Garments & Tailoring,Industrial Sewing Machine Operator,AMH/Q0301,Daily Wage,High,True,8.9
JOB_51B7D4A4,Maharashtra,Nanded,Construction,Assistant Mason,CON/Q0101,Daily Wage,Low,False,21.4
JOB_F307C917,Maharashtra,Nanded,Agriculture & Dairy,Dairy Farmer & Animal Husbandry Assistant,AGR/Q4101,Self-Employment / Enterprise,High,False,11.1
JOB_635338CB,Maharashtra,Nanded,Construction,Assistant Mason,CON/Q0101,Daily Wage,Medium,False,9.3
JOB_AD13E5D6,Maharashtra,Nanded,Agriculture & Dairy,Dairy Farmer & Animal Husbandry Assistant,AGR/Q4101,Daily Wage,High,True,21.4
JOB_01416C95,Maharashtra,Solapur,Handicrafts & Leather,Leather Goods Maker / Footwear Repairer,LSS/Q2501,Fixed Monthly,Medium,False,14.3
JOB_AE312FD7,Maharashtra,Solapur,Electrical & Solar,Wireman Helper,ELE/Q6001,Fixed Monthly,High,False,15.5
JOB_A61EB21F,Maharashtra,Solapur,Electrical & Solar,Wireman Helper,ELE/Q6001,Fixed Monthly,Low,False,23.7
JOB_DACFB94E,Maharashtra,Solapur,Electrical & Solar,Wireman Helper,ELE/Q6001,Daily Wage,Low,True,20.2
JOB_6BC1DBCC,Maharashtra,Solapur,Artisan & Carpentry,Assistant Carpenter,CON/Q0102,Self-Employment / Enterprise,High,True,19.4
JOB_56A0E902,Maharashtra,Solapur,Garments & Tailoring,Industrial Sewing Machine Operator,AMH/Q0301,Self-Employment / Enterprise,Medium,True,13.8
JOB_68391FB5,Maharashtra,Solapur,Agriculture & Dairy,Dairy Farmer & Animal Husbandry Assistant,AGR/Q4101,Fixed Monthly,Medium,False,23.6
JOB_97785D35,Maharashtra,Solapur,Artisan & Carpentry,Assistant Carpenter,CON/Q0102,Self-Employment / Enterprise,High,False,14.3
JOB_044B1EE5,Maharashtra,Solapur,Construction,Assistant Mason,CON/Q0101,Daily Wage,Low,False,10.6
JOB_6C447D15,Maharashtra,Solapur,Electrical & Solar,Wireman Helper,ELE/Q6001,Self-Employment / Enterprise,Medium,True,12.4
JOB_DD698670,Maharashtra,Solapur,Construction,Assistant Mason,CON/Q0101,Fixed Monthly,High,False,19.6
JOB_6F53ACCA,Maharashtra,Solapur,Artisan & Carpentry,Assistant Carpenter,CON/Q0102,Self-Employment / Enterprise,High,False,15.6
JOB_40741668,Maharashtra,Solapur,Garments & Tailoring,Industrial Sewing Machine Operator,AMH/Q0301,Fixed Monthly,High,True,21.5
JOB_A5BCADAA,Maharashtra,Solapur,Construction,Assistant Mason,CON/Q0101,Self-Employment / Enterprise,High,False,15.0
JOB_F82FE520,Maharashtra,Solapur,Agriculture & Dairy,Dairy Farmer & Animal Husbandry Assistant,AGR/Q4101,Self-Employment / Enterprise,Medium,False,16.1
JOB_4E417CE2,Maharashtra,Solapur,Garments & Tailoring,Industrial Sewing Machine Operator,AMH/Q0301,Self-Employment / Enterprise,Medium,True,8.7
JOB_D494A1F8,Maharashtra,Solapur,Artisan & Carpentry,Assistant Carpenter,CON/Q0102,Fixed Monthly,High,False,8.3
JOB_BD3D14D2,Maharashtra,Solapur,Plumbing & Water Works,Plumber General,PSC/Q0104,Self-Employment / Enterprise,High,False,9.1
JOB_730EE51D,Maharashtra,Solapur,Handicrafts & Leather,Leather Goods Maker / Footwear Repairer,LSS/Q2501,Daily Wage,High,True,18.9
JOB_543F4DEA,Maharashtra,Solapur,Handicrafts & Leather,Leather Goods Maker / Footwear Repairer,LSS/Q2501,Fixed Monthly,Low,False,24.5
JOB_0A721C45,Maharashtra,Solapur,Artisan & Carpentry,Assistant Carpenter,CON/Q0102,Fixed Monthly,High,True,18.7
JOB_18F7D016,Maharashtra,Solapur,Agriculture & Dairy,Dairy Farmer & Animal Husbandry Assistant,AGR/Q4101,Daily Wage,Low,True,19.5
JOB_5A5F7537,Maharashtra,Solapur,Garments & Tailoring,Industrial Sewing Machine Operator,AMH/Q0301,Self-Employment / Enterprise,High,True,22.7
JOB_C0C77C7E,Maharashtra,Solapur,Garments & Tailoring,Industrial Sewing Machine Operator,AMH/Q0301,Self-Employment / Enterprise,Medium,True,11.1
JOB_DB578021,Maharashtra,Solapur,Construction,Assistant Mason,CON/Q0101,Self-Employment / Enterprise,Low,True,16.8
JOB_FA4364B1,Maharashtra,Solapur,Construction,Assistant Mason,CON/Q0101,Self-Employment / Enterprise,Medium,False,10.5
JOB_98F37FAF,Maharashtra,Solapur,Garments & Tailoring,Industrial Sewing Machine Operator,AMH/Q0301,Self-Employment / Enterprise,High,False,11.4
JOB_7D9C0E53,Maharashtra,Solapur,Construction,Assistant Mason,CON/Q0101,Fixed Monthly,Medium,False,13.1
JOB_9F9463AE,Maharashtra,Solapur,Agriculture & Dairy,Dairy Farmer & Animal Husbandry Assistant,AGR/Q4101,Self-Employment / Enterprise,Low,False,9.7
JOB_1748298D,Maharashtra,Solapur,Garments & Tailoring,Industrial Sewing Machine Operator,AMH/Q0301,Self-Employment / Enterprise,Low,True,23.8
JOB_81DEA40D,Maharashtra,Solapur,Construction,Assistant Mason,CON/Q0101,Self-Employment / Enterprise,Medium,False,23.3
JOB_BC5AF3F4,Maharashtra,Solapur,Artisan & Carpentry,Assistant Carpenter,CON/Q0102,Fixed Monthly,Medium,False,11.9
JOB_F9549595,Maharashtra,Solapur,Construction,Assistant Mason,CON/Q0101,Fixed Monthly,Low,True,15.8
JOB_7407CF07,Maharashtra,Solapur,Construction,Assistant Mason,CON/Q0101,Self-Employment / Enterprise,Low,True,12.2
JOB_1EB05F4A,Maharashtra,Solapur,Plumbing & Water Works,Plumber General,PSC/Q0104,Fixed Monthly,Medium,True,25.0
JOB_1A78C2E8,Maharashtra,Solapur,Handicrafts & Leather,Leather Goods Maker / Footwear Repairer,LSS/Q2501,Daily Wage,Medium,True,22.8
JOB_ADFAA116,Maharashtra,Solapur,Plumbing & Water Works,Plumber General,PSC/Q0104,Fixed Monthly,High,False,12.9
JOB_872CF713,Maharashtra,Solapur,Artisan & Carpentry,Assistant Carpenter,CON/Q0102,Fixed Monthly,High,True,22.8
JOB_CFFD0490,Maharashtra,Solapur,Garments & Tailoring,Industrial Sewing Machine Operator,AMH/Q0301,Self-Employment / Enterprise,Medium,True,18.3
JOB_260F4541,Maharashtra,Solapur,Electrical & Solar,Wireman Helper,ELE/Q6001,Self-Employment / Enterprise,Low,False,18.6
JOB_DDFB426A,Maharashtra,Solapur,Handicrafts & Leather,Leather Goods Maker / Footwear Repairer,LSS/Q2501,Fixed Monthly,Low,True,13.1
JOB_78728148,Maharashtra,Solapur,Electrical & Solar,Wireman Helper,ELE/Q6001,Daily Wage,Low,True,10.6
JOB_4D4E3B5E,Maharashtra,Solapur,Agriculture & Dairy,Dairy Farmer & Animal Husbandry Assistant,AGR/Q4101,Fixed Monthly,Medium,False,24.4
JOB_59DEB1AD,Maharashtra,Solapur,Agriculture & Dairy,Dairy Farmer & Animal Husbandry Assistant,AGR/Q4101,Fixed Monthly,Medium,False,24.9
JOB_B42C16D3,Maharashtra,Solapur,Construction,Assistant Mason,CON/Q0101,Self-Employment / Enterprise,Medium,False,8.3
JOB_61520CE1,Maharashtra,Solapur,Handicrafts & Leather,Leather Goods Maker / Footwear Repairer,LSS/Q2501,Daily Wage,Low,True,21.5
JOB_93B3A673,Maharashtra,Solapur,Handicrafts & Leather,Leather Goods Maker / Footwear Repairer,LSS/Q2501,Self-Employment / Enterprise,Medium,False,21.4
JOB_73E84B8C,Maharashtra,Solapur,Electrical & Solar,Wireman Helper,ELE/Q6001,Daily Wage,Medium,False,17.3
JOB_BEDCE4A0,Maharashtra,Solapur,Electrical & Solar,Wireman Helper,ELE/Q6001,Self-Employment / Enterprise,High,True,9.1
JOB_C03C1336,Maharashtra,Solapur,Agriculture & Dairy,Dairy Farmer & Animal Husbandry Assistant,AGR/Q4101,Self-Employment / Enterprise,High,True,18.1
JOB_B473917C,Maharashtra,Solapur,Plumbing & Water Works,Plumber General,PSC/Q0104,Daily Wage,Medium,False,19.8
JOB_D54FBCC3,Maharashtra,Solapur,Agriculture & Dairy,Dairy Farmer & Animal Husbandry Assistant,AGR/Q4101,Self-Employment / Enterprise,Medium,False,17.5
JOB_045E1F96,Maharashtra,Solapur,Artisan & Carpentry,Assistant Carpenter,CON/Q0102,Fixed Monthly,Medium,True,9.9
JOB_4ED87287,Maharashtra,Solapur,Construction,Assistant Mason,CON/Q0101,Daily Wage,Low,False,18.9
JOB_D5CBB031,Maharashtra,Solapur,Handicrafts & Leather,Leather Goods Maker / Footwear Repairer,LSS/Q2501,Fixed Monthly,Medium,True,24.1
JOB_A73747E4,Maharashtra,Solapur,Agriculture & Dairy,Dairy Farmer & Animal Husbandry Assistant,AGR/Q4101,Fixed Monthly,Medium,False,11.9
JOB_00CDA026,Maharashtra,Solapur,Electrical & Solar,Wireman Helper,ELE/Q6001,Daily Wage,Medium,True,23.6
JOB_1DB975E4,Maharashtra,Solapur,Garments & Tailoring,Industrial Sewing Machine Operator,AMH/Q0301,Daily Wage,Medium,True,8.6
JOB_C340E9D9,Maharashtra,Solapur,Construction,Assistant Mason,CON/Q0101,Self-Employment / Enterprise,High,False,16.0
JOB_4B4294ED,Maharashtra,Solapur,Plumbing & Water Works,Plumber General,PSC/Q0104,Self-Employment / Enterprise,High,False,23.5
JOB_8C5125D0,Maharashtra,Solapur,Artisan & Carpentry,Assistant Carpenter,CON/Q0102,Self-Employment / Enterprise,High,True,19.6
JOB_81E5A637,Maharashtra,Solapur,Construction,Assistant Mason,CON/Q0101,Daily Wage,Medium,True,19.4
JOB_EFC8DA0A,Maharashtra,Solapur,Agriculture & Dairy,Dairy Farmer & Animal Husbandry Assistant,AGR/Q4101,Fixed Monthly,Medium,False,14.6
JOB_7EE5B2CD,Maharashtra,Solapur,Agriculture & Dairy,Dairy Farmer & Animal Husbandry Assistant,AGR/Q4101,Self-Employment / Enterprise,Low,False,13.4
JOB_B7939789,Maharashtra,Solapur,Construction,Assistant Mason,CON/Q0101,Daily Wage,Medium,False,10.7
JOB_9A872C44,Maharashtra,Solapur,Agriculture & Dairy,Dairy Farmer & Animal Husbandry Assistant,AGR/Q4101,Daily Wage,Medium,True,9.5
JOB_A1ACB03E,Maharashtra,Solapur,Handicrafts & Leather,Leather Goods Maker / Footwear Repairer,LSS/Q2501,Fixed Monthly,Low,False,15.1
JOB_C49FDEAE,Maharashtra,Solapur,Electrical & Solar,Wireman Helper,ELE/Q6001,Self-Employment / Enterprise,Medium,True,9.5
JOB_EEDD6A08,Maharashtra,Solapur,Construction,Assistant Mason,CON/Q0101,Self-Employment / Enterprise,Medium,False,10.1
JOB_BA9B594B,Maharashtra,Solapur,Electrical & Solar,Wireman Helper,ELE/Q6001,Daily Wage,High,True,23.2
JOB_A2098930,Maharashtra,Solapur,Electrical & Solar,Wireman Helper,ELE/Q6001,Self-Employment / Enterprise,Medium,False,18.4
JOB_8C4AD5A8,Maharashtra,Solapur,Artisan & Carpentry,Assistant Carpenter,CON/Q0102,Self-Employment / Enterprise,High,False,17.2
JOB_F8E04DA9,Maharashtra,Solapur,Agriculture & Dairy,Dairy Farmer & Animal Husbandry Assistant,AGR/Q4101,Fixed Monthly,Medium,True,13.2
JOB_1AD93E90,Maharashtra,Solapur,Electrical & Solar,Wireman Helper,ELE/Q6001,Daily Wage,Low,False,15.6
JOB_BA17AE28,Maharashtra,Solapur,Artisan & Carpentry,Assistant Carpenter,CON/Q0102,Fixed Monthly,High,False,20.4
JOB_CCFD9322,Maharashtra,Solapur,Handicrafts & Leather,Leather Goods Maker / Footwear Repairer,LSS/Q2501,Self-Employment / Enterprise,High,True,17.3
JOB_6154CF34,Maharashtra,Solapur,Electrical & Solar,Wireman Helper,ELE/Q6001,Fixed Monthly,High,True,22.3
JOB_D8DFD59B,Maharashtra,Solapur,Agriculture & Dairy,Dairy Farmer & Animal Husbandry Assistant,AGR/Q4101,Self-Employment / Enterprise,Low,True,19.4
JOB_0802A97A,Maharashtra,Solapur,Agriculture & Dairy,Dairy Farmer & Animal Husbandry Assistant,AGR/Q4101,Daily Wage,Medium,False,9.6
JOB_A7215716,Maharashtra,Solapur,Garments & Tailoring,Industrial Sewing Machine Operator,AMH/Q0301,Fixed Monthly,Medium,False,16.3
JOB_0FD58DD0,Maharashtra,Latur,Electrical & Solar,Wireman Helper,ELE/Q6001,Fixed Monthly,Medium,False,10.8
JOB_65CE948C,Maharashtra,Latur,Electrical & Solar,Wireman Helper,ELE/Q6001,Daily Wage,High,True,23.4
JOB_8458E328,Maharashtra,Latur,Handicrafts & Leather,Leather Goods Maker / Footwear Repairer,LSS/Q2501,Self-Employment / Enterprise,Medium,False,15.7
JOB_06E26B83,Maharashtra,Latur,Garments & Tailoring,Industrial Sewing Machine Operator,AMH/Q0301,Daily Wage,Medium,False,17.2
JOB_A00BEF16,Maharashtra,Latur,Artisan & Carpentry,Assistant Carpenter,CON/Q0102,Daily Wage,High,True,21.7
JOB_8BCDEE56,Maharashtra,Latur,Agriculture & Dairy,Dairy Farmer & Animal Husbandry Assistant,AGR/Q4101,Fixed Monthly,Low,True,22.9
JOB_0975744F,Maharashtra,Latur,Construction,Assistant Mason,CON/Q0101,Daily Wage,High,True,23.7
JOB_E5528057,Maharashtra,Latur,Electrical & Solar,Wireman Helper,ELE/Q6001,Daily Wage,Medium,True,24.7
JOB_C8A1A855,Maharashtra,Latur,Electrical & Solar,Wireman Helper,ELE/Q6001,Fixed Monthly,Medium,True,20.7
JOB_82AB6E97,Maharashtra,Latur,Electrical & Solar,Wireman Helper,ELE/Q6001,Self-Employment / Enterprise,High,True,21.6
JOB_35E81704,Maharashtra,Latur,Plumbing & Water Works,Plumber General,PSC/Q0104,Fixed Monthly,Low,False,11.5
JOB_F7EE6E07,Maharashtra,Latur,Electrical & Solar,Wireman Helper,ELE/Q6001,Self-Employment / Enterprise,High,True,8.3
JOB_BA00FBCF,Maharashtra,Latur,Electrical & Solar,Wireman Helper,ELE/Q6001,Daily Wage,Medium,True,24.4
JOB_E4F2F02C,Maharashtra,Latur,Garments & Tailoring,Industrial Sewing Machine Operator,AMH/Q0301,Self-Employment / Enterprise,Low,False,17.0
JOB_19780A54,Maharashtra,Latur,Construction,Assistant Mason,CON/Q0101,Fixed Monthly,Low,True,13.1
JOB_FF1242F2,Maharashtra,Latur,Plumbing & Water Works,Plumber General,PSC/Q0104,Daily Wage,High,True,9.9
JOB_5659D445,Maharashtra,Latur,Agriculture & Dairy,Dairy Farmer & Animal Husbandry Assistant,AGR/Q4101,Daily Wage,Medium,True,24.4
JOB_77B11D6E,Maharashtra,Latur,Handicrafts & Leather,Leather Goods Maker / Footwear Repairer,LSS/Q2501,Daily Wage,Low,True,24.4
JOB_BE4429D9,Maharashtra,Latur,Handicrafts & Leather,Leather Goods Maker / Footwear Repairer,LSS/Q2501,Daily Wage,Medium,False,25.0
JOB_ABA7F00D,Maharashtra,Latur,Artisan & Carpentry,Assistant Carpenter,CON/Q0102,Self-Employment / Enterprise,Low,True,15.5
JOB_F55F47B0,Maharashtra,Latur,Agriculture & Dairy,Dairy Farmer & Animal Husbandry Assistant,AGR/Q4101,Daily Wage,Medium,True,19.6
JOB_8CB6C2F4,Maharashtra,Latur,Handicrafts & Leather,Leather Goods Maker / Footwear Repairer,LSS/Q2501,Self-Employment / Enterprise,Medium,False,24.0
JOB_8D10C14A,Maharashtra,Latur,Artisan & Carpentry,Assistant Carpenter,CON/Q0102,Fixed Monthly,Medium,True,24.1
JOB_D4F14E31,Maharashtra,Latur,Electrical & Solar,Wireman Helper,ELE/Q6001,Daily Wage,Medium,False,21.4
JOB_1F76C2DC,Maharashtra,Latur,Plumbing & Water Works,Plumber General,PSC/Q0104,Self-Employment / Enterprise,Medium,False,19.7
JOB_7D7D6B68,Maharashtra,Latur,Garments & Tailoring,Industrial Sewing Machine Operator,AMH/Q0301,Fixed Monthly,Medium,False,14.8
JOB_29B69656,Maharashtra,Latur,Agriculture & Dairy,Dairy Farmer & Animal Husbandry Assistant,AGR/Q4101,Self-Employment / Enterprise,Medium,True,12.3
JOB_6C098404,Maharashtra,Latur,Electrical & Solar,Wireman Helper,ELE/Q6001,Daily Wage,High,True,17.7
JOB_BDE64956,Maharashtra,Latur,Garments & Tailoring,Industrial Sewing Machine Operator,AMH/Q0301,Daily Wage,High,True,14.0
JOB_031078CA,Maharashtra,Latur,Agriculture & Dairy,Dairy Farmer & Animal Husbandry Assistant,AGR/Q4101,Daily Wage,Low,True,16.1
JOB_C73A9F92,Maharashtra,Latur,Electrical & Solar,Wireman Helper,ELE/Q6001,Self-Employment / Enterprise,Low,True,18.1
JOB_570AFA77,Maharashtra,Latur,Artisan & Carpentry,Assistant Carpenter,CON/Q0102,Self-Employment / Enterprise,Low,True,20.8
JOB_38D0E47F,Maharashtra,Latur,Construction,Assistant Mason,CON/Q0101,Self-Employment / Enterprise,Low,True,14.9
JOB_FB0925E4,Maharashtra,Latur,Agriculture & Dairy,Dairy Farmer & Animal Husbandry Assistant,AGR/Q4101,Fixed Monthly,High,True,24.3
JOB_951ADE62,Maharashtra,Latur,Handicrafts & Leather,Leather Goods Maker / Footwear Repairer,LSS/Q2501,Fixed Monthly,Medium,True,16.6
JOB_59541D90,Maharashtra,Latur,Artisan & Carpentry,Assistant Carpenter,CON/Q0102,Self-Employment / Enterprise,High,False,24.9
JOB_8F62607C,Maharashtra,Latur,Agriculture & Dairy,Dairy Farmer & Animal Husbandry Assistant,AGR/Q4101,Daily Wage,Medium,True,18.2
JOB_0748A0A6,Maharashtra,Latur,Plumbing & Water Works,Plumber General,PSC/Q0104,Daily Wage,Low,True,24.9
JOB_213016F6,Maharashtra,Latur,Handicrafts & Leather,Leather Goods Maker / Footwear Repairer,LSS/Q2501,Self-Employment / Enterprise,Low,True,10.5
JOB_AD3466A2,Maharashtra,Latur,Artisan & Carpentry,Assistant Carpenter,CON/Q0102,Self-Employment / Enterprise,High,False,15.9
JOB_B1C1CC6F,Maharashtra,Latur,Plumbing & Water Works,Plumber General,PSC/Q0104,Self-Employment / Enterprise,Medium,True,10.9
JOB_D3596EE2,Maharashtra,Latur,Electrical & Solar,Wireman Helper,ELE/Q6001,Daily Wage,Medium,False,11.8
JOB_8F280FE5,Maharashtra,Latur,Agriculture & Dairy,Dairy Farmer & Animal Husbandry Assistant,AGR/Q4101,Self-Employment / Enterprise,Low,False,11.5
JOB_D97252AD,Maharashtra,Latur,Handicrafts & Leather,Leather Goods Maker / Footwear Repairer,LSS/Q2501,Fixed Monthly,Medium,True,9.0
JOB_9497C3F0,Maharashtra,Latur,Garments & Tailoring,Industrial Sewing Machine Operator,AMH/Q0301,Self-Employment / Enterprise,Low,False,21.6
JOB_5045B98E,Maharashtra,Latur,Garments & Tailoring,Industrial Sewing Machine Operator,AMH/Q0301,Daily Wage,Medium,False,8.3
JOB_816F6326,Maharashtra,Latur,Construction,Assistant Mason,CON/Q0101,Fixed Monthly,Medium,True,8.7
JOB_29BBB91D,Maharashtra,Latur,Electrical & Solar,Wireman Helper,ELE/Q6001,Self-Employment / Enterprise,High,True,19.5
JOB_3A58FA2D,Maharashtra,Latur,Artisan & Carpentry,Assistant Carpenter,CON/Q0102,Self-Employment / Enterprise,Medium,False,8.1
JOB_3BAE883A,Maharashtra,Latur,Electrical & Solar,Wireman Helper,ELE/Q6001,Self-Employment / Enterprise,Low,False,19.5
JOB_AD9DABFD,Maharashtra,Latur,Agriculture & Dairy,Dairy Farmer & Animal Husbandry Assistant,AGR/Q4101,Fixed Monthly,Medium,False,11.8
JOB_1DC760F5,Maharashtra,Latur,Construction,Assistant Mason,CON/Q0101,Self-Employment / Enterprise,High,False,18.8
JOB_8510D75F,Maharashtra,Latur,Handicrafts & Leather,Leather Goods Maker / Footwear Repairer,LSS/Q2501,Self-Employment / Enterprise,High,True,14.5
JOB_FC23E8D0,Maharashtra,Latur,Plumbing & Water Works,Plumber General,PSC/Q0104,Fixed Monthly,Medium,True,22.8
JOB_B1F9C225,Maharashtra,Latur,Handicrafts & Leather,Leather Goods Maker / Footwear Repairer,LSS/Q2501,Daily Wage,High,False,24.2
JOB_B367FEBE,Maharashtra,Latur,Construction,Assistant Mason,CON/Q0101,Self-Employment / Enterprise,High,True,22.8
JOB_3C3EF6EB,Maharashtra,Latur,Construction,Assistant Mason,CON/Q0101,Daily Wage,Medium,True,16.3
JOB_5ADF88A8,Maharashtra,Latur,Agriculture & Dairy,Dairy Farmer & Animal Husbandry Assistant,AGR/Q4101,Daily Wage,High,True,23.8
JOB_7CD82710,Maharashtra,Latur,Garments & Tailoring,Industrial Sewing Machine Operator,AMH/Q0301,Self-Employment / Enterprise,Medium,True,21.5
JOB_F0FECB8E,Maharashtra,Latur,Garments & Tailoring,Industrial Sewing Machine Operator,AMH/Q0301,Daily Wage,Low,False,8.3
JOB_9370A39B,Maharashtra,Latur,Handicrafts & Leather,Leather Goods Maker / Footwear Repairer,LSS/Q2501,Fixed Monthly,High,False,19.1
JOB_E035883A,Maharashtra,Latur,Garments & Tailoring,Industrial Sewing Machine Operator,AMH/Q0301,Daily Wage,Low,False,16.3
JOB_755F848A,Maharashtra,Latur,Handicrafts & Leather,Leather Goods Maker / Footwear Repairer,LSS/Q2501,Self-Employment / Enterprise,Medium,True,8.8
JOB_44343463,Maharashtra,Latur,Garments & Tailoring,Industrial Sewing Machine Operator,AMH/Q0301,Fixed Monthly,Medium,False,9.9
JOB_DD39C5B4,Maharashtra,Latur,Electrical & Solar,Wireman Helper,ELE/Q6001,Self-Employment / Enterprise,High,True,17.5
JOB_62105D65,Maharashtra,Latur,Handicrafts & Leather,Leather Goods Maker / Footwear Repairer,LSS/Q2501,Fixed Monthly,Low,False,8.5
JOB_7A823D98,Maharashtra,Latur,Agriculture & Dairy,Dairy Farmer & Animal Husbandry Assistant,AGR/Q4101,Self-Employment / Enterprise,High,False,11.3
JOB_BAC6998C,Maharashtra,Latur,Handicrafts & Leather,Leather Goods Maker / Footwear Repairer,LSS/Q2501,Daily Wage,High,True,18.4
JOB_212C2792,Maharashtra,Latur,Agriculture & Dairy,Dairy Farmer & Animal Husbandry Assistant,AGR/Q4101,Daily Wage,Medium,False,19.1
JOB_221C622E,Maharashtra,Latur,Garments & Tailoring,Industrial Sewing Machine Operator,AMH/Q0301,Self-Employment / Enterprise,Low,True,8.8
JOB_EC5BD2AB,Maharashtra,Latur,Garments & Tailoring,Industrial Sewing Machine Operator,AMH/Q0301,Fixed Monthly,High,False,21.6
JOB_DA2A8C8A,Maharashtra,Latur,Artisan & Carpentry,Assistant Carpenter,CON/Q0102,Fixed Monthly,High,True,18.7
JOB_C69134CF,Maharashtra,Latur,Agriculture & Dairy,Dairy Farmer & Animal Husbandry Assistant,AGR/Q4101,Fixed Monthly,Medium,True,19.2
JOB_3540568A,Maharashtra,Latur,Handicrafts & Leather,Leather Goods Maker / Footwear Repairer,LSS/Q2501,Daily Wage,Medium,False,17.7
JOB_9A2FC99E,Maharashtra,Latur,Handicrafts & Leather,Leather Goods Maker / Footwear Repairer,LSS/Q2501,Daily Wage,Low,False,12.2
JOB_90732E2B,Maharashtra,Latur,Electrical & Solar,Wireman Helper,ELE/Q6001,Daily Wage,Low,False,15.6
JOB_8C3522CB,Maharashtra,Latur,Agriculture & Dairy,Dairy Farmer & Animal Husbandry Assistant,AGR/Q4101,Self-Employment / Enterprise,High,True,15.7
JOB_858382A7,Maharashtra,Latur,Artisan & Carpentry,Assistant Carpenter,CON/Q0102,Fixed Monthly,Medium,False,11.0
JOB_431F16FA,Maharashtra,Latur,Plumbing & Water Works,Plumber General,PSC/Q0104,Fixed Monthly,Medium,False,16.0
JOB_A20EF010,Maharashtra,Latur,Electrical & Solar,Wireman Helper,ELE/Q6001,Daily Wage,Medium,False,18.7
JOB_97D2F51A,Maharashtra,Latur,Plumbing & Water Works,Plumber General,PSC/Q0104,Daily Wage,High,True,12.2
JOB_FE4C152F,Maharashtra,Latur,Agriculture & Dairy,Dairy Farmer & Animal Husbandry Assistant,AGR/Q4101,Daily Wage,Medium,False,16.6
JOB_8D910E7E,Maharashtra,Latur,Garments & Tailoring,Industrial Sewing Machine Operator,AMH/Q0301,Daily Wage,Low,True,16.2
JOB_1C6BDE1B,Maharashtra,Latur,Electrical & Solar,Wireman Helper,ELE/Q6001,Self-Employment / Enterprise,Low,False,14.7
JOB_8A678DDF,Maharashtra,Latur,Garments & Tailoring,Industrial Sewing Machine Operator,AMH/Q0301,Daily Wage,Low,True,11.4
JOB_DB9B475D,Maharashtra,Latur,Electrical & Solar,Wireman Helper,ELE/Q6001,Daily Wage,Medium,False,19.8
JOB_2BD46717,Maharashtra,Latur,Garments & Tailoring,Industrial Sewing Machine Operator,AMH/Q0301,Daily Wage,High,False,9.5
JOB_7E33371F,Maharashtra,Latur,Artisan & Carpentry,Assistant Carpenter,CON/Q0102,Fixed Monthly,Low,False,18.2
JOB_DC41FBE0,Maharashtra,Latur,Garments & Tailoring,Industrial Sewing Machine Operator,AMH/Q0301,Fixed Monthly,Low,False,11.9
JOB_A620C9E7,Karnataka,Kalaburagi,Agriculture & Dairy,Dairy Farmer & Animal Husbandry Assistant,AGR/Q4101,Daily Wage,Medium,True,20.4
JOB_43F0AFE7,Karnataka,Kalaburagi,Agriculture & Dairy,Dairy Farmer & Animal Husbandry Assistant,AGR/Q4101,Daily Wage,Medium,True,8.5
JOB_097B0269,Karnataka,Kalaburagi,Handicrafts & Leather,Leather Goods Maker / Footwear Repairer,LSS/Q2501,Self-Employment / Enterprise,High,True,8.5
JOB_BB5DC003,Karnataka,Kalaburagi,Garments & Tailoring,Industrial Sewing Machine Operator,AMH/Q0301,Daily Wage,Medium,False,16.4
JOB_7CBCA0F9,Karnataka,Kalaburagi,Artisan & Carpentry,Assistant Carpenter,CON/Q0102,Fixed Monthly,Medium,False,12.2
JOB_57C1B4CE,Karnataka,Kalaburagi,Electrical & Solar,Wireman Helper,ELE/Q6001,Self-Employment / Enterprise,Medium,False,9.4
JOB_68B8C494,Karnataka,Kalaburagi,Handicrafts & Leather,Leather Goods Maker / Footwear Repairer,LSS/Q2501,Fixed Monthly,Medium,False,22.8
JOB_8EA80259,Karnataka,Kalaburagi,Artisan & Carpentry,Assistant Carpenter,CON/Q0102,Self-Employment / Enterprise,Low,False,14.4
JOB_4E94350E,Karnataka,Kalaburagi,Construction,Assistant Mason,CON/Q0101,Daily Wage,High,True,14.8
JOB_76748F77,Karnataka,Kalaburagi,Artisan & Carpentry,Assistant Carpenter,CON/Q0102,Fixed Monthly,Low,False,19.6
JOB_430E4806,Karnataka,Kalaburagi,Construction,Assistant Mason,CON/Q0101,Self-Employment / Enterprise,Medium,True,15.2
JOB_CA98483F,Karnataka,Kalaburagi,Electrical & Solar,Wireman Helper,ELE/Q6001,Fixed Monthly,Medium,False,14.3
JOB_3E89DC7A,Karnataka,Kalaburagi,Construction,Assistant Mason,CON/Q0101,Daily Wage,Low,False,24.4
JOB_E27BF9EA,Karnataka,Kalaburagi,Construction,Assistant Mason,CON/Q0101,Daily Wage,Medium,True,13.2
JOB_9B790753,Karnataka,Kalaburagi,Artisan & Carpentry,Assistant Carpenter,CON/Q0102,Fixed Monthly,High,False,16.1
JOB_58005BF2,Karnataka,Kalaburagi,Garments & Tailoring,Industrial Sewing Machine Operator,AMH/Q0301,Self-Employment / Enterprise,Medium,True,22.3
JOB_ACCE5D7E,Karnataka,Kalaburagi,Plumbing & Water Works,Plumber General,PSC/Q0104,Daily Wage,Medium,False,21.1
JOB_94D0994C,Karnataka,Kalaburagi,Construction,Assistant Mason,CON/Q0101,Self-Employment / Enterprise,High,True,18.5
JOB_54F05096,Karnataka,Kalaburagi,Construction,Assistant Mason,CON/Q0101,Fixed Monthly,Low,False,14.5
JOB_896DBDF3,Karnataka,Kalaburagi,Construction,Assistant Mason,CON/Q0101,Fixed Monthly,Medium,False,17.3
JOB_A513AE9D,Karnataka,Kalaburagi,Electrical & Solar,Wireman Helper,ELE/Q6001,Daily Wage,Medium,True,10.5
JOB_2966D072,Karnataka,Kalaburagi,Plumbing & Water Works,Plumber General,PSC/Q0104,Self-Employment / Enterprise,Low,False,17.4
JOB_665B11B3,Karnataka,Kalaburagi,Garments & Tailoring,Industrial Sewing Machine Operator,AMH/Q0301,Fixed Monthly,Medium,True,17.3
JOB_B4F36488,Karnataka,Kalaburagi,Agriculture & Dairy,Dairy Farmer & Animal Husbandry Assistant,AGR/Q4101,Fixed Monthly,High,False,17.5
JOB_87FFFA73,Karnataka,Kalaburagi,Electrical & Solar,Wireman Helper,ELE/Q6001,Daily Wage,Low,True,24.6
JOB_35388281,Karnataka,Kalaburagi,Agriculture & Dairy,Dairy Farmer & Animal Husbandry Assistant,AGR/Q4101,Self-Employment / Enterprise,Medium,True,9.3
JOB_5191FAE7,Karnataka,Kalaburagi,Artisan & Carpentry,Assistant Carpenter,CON/Q0102,Fixed Monthly,Low,True,10.5
JOB_B774279B,Karnataka,Kalaburagi,Garments & Tailoring,Industrial Sewing Machine Operator,AMH/Q0301,Fixed Monthly,Medium,True,17.3
JOB_9DF8599D,Karnataka,Kalaburagi,Artisan & Carpentry,Assistant Carpenter,CON/Q0102,Daily Wage,High,False,20.9
JOB_CD1F3894,Karnataka,Kalaburagi,Construction,Assistant Mason,CON/Q0101,Daily Wage,High,False,14.7
JOB_2202E348,Karnataka,Kalaburagi,Artisan & Carpentry,Assistant Carpenter,CON/Q0102,Daily Wage,High,False,21.5
JOB_888BD63A,Karnataka,Kalaburagi,Agriculture & Dairy,Dairy Farmer & Animal Husbandry Assistant,AGR/Q4101,Daily Wage,Low,True,18.2
JOB_76F835A7,Karnataka,Kalaburagi,Plumbing & Water Works,Plumber General,PSC/Q0104,Daily Wage,Low,False,13.0
JOB_F942441F,Karnataka,Kalaburagi,Garments & Tailoring,Industrial Sewing Machine Operator,AMH/Q0301,Fixed Monthly,Medium,True,21.1
JOB_FF876817,Karnataka,Kalaburagi,Plumbing & Water Works,Plumber General,PSC/Q0104,Self-Employment / Enterprise,High,True,15.7
JOB_783B5873,Karnataka,Kalaburagi,Construction,Assistant Mason,CON/Q0101,Daily Wage,Low,True,21.9
JOB_885AF51B,Karnataka,Kalaburagi,Plumbing & Water Works,Plumber General,PSC/Q0104,Self-Employment / Enterprise,High,True,17.3
JOB_6F7D75AC,Karnataka,Kalaburagi,Electrical & Solar,Wireman Helper,ELE/Q6001,Daily Wage,Medium,False,23.9
JOB_B65CA240,Karnataka,Kalaburagi,Plumbing & Water Works,Plumber General,PSC/Q0104,Daily Wage,Medium,True,14.6
JOB_1E63A019,Karnataka,Kalaburagi,Artisan & Carpentry,Assistant Carpenter,CON/Q0102,Self-Employment / Enterprise,High,True,21.3
JOB_1C508500,Karnataka,Kalaburagi,Artisan & Carpentry,Assistant Carpenter,CON/Q0102,Daily Wage,Low,False,24.1
JOB_B0F6F0EB,Karnataka,Kalaburagi,Plumbing & Water Works,Plumber General,PSC/Q0104,Self-Employment / Enterprise,High,True,18.6
JOB_8F3E2025,Karnataka,Kalaburagi,Electrical & Solar,Wireman Helper,ELE/Q6001,Fixed Monthly,Medium,False,20.5
JOB_3301146C,Karnataka,Kalaburagi,Construction,Assistant Mason,CON/Q0101,Daily Wage,Medium,False,21.0
JOB_C770B6B8,Karnataka,Kalaburagi,Garments & Tailoring,Industrial Sewing Machine Operator,AMH/Q0301,Daily Wage,Medium,False,8.1
JOB_93A86003,Karnataka,Kalaburagi,Agriculture & Dairy,Dairy Farmer & Animal Husbandry Assistant,AGR/Q4101,Fixed Monthly,High,True,8.8
JOB_D91BD559,Karnataka,Kalaburagi,Garments & Tailoring,Industrial Sewing Machine Operator,AMH/Q0301,Fixed Monthly,Medium,True,8.5
JOB_75BE0F27,Karnataka,Kalaburagi,Handicrafts & Leather,Leather Goods Maker / Footwear Repairer,LSS/Q2501,Self-Employment / Enterprise,Medium,True,9.6
JOB_8482AA28,Karnataka,Kalaburagi,Artisan & Carpentry,Assistant Carpenter,CON/Q0102,Fixed Monthly,High,False,10.4
JOB_9345E84C,Karnataka,Kalaburagi,Construction,Assistant Mason,CON/Q0101,Fixed Monthly,Medium,False,21.9
JOB_99A755F6,Karnataka,Kalaburagi,Handicrafts & Leather,Leather Goods Maker / Footwear Repairer,LSS/Q2501,Daily Wage,High,True,17.4
JOB_516D9B0C,Karnataka,Kalaburagi,Construction,Assistant Mason,CON/Q0101,Fixed Monthly,Low,False,22.4
JOB_94678D4C,Karnataka,Kalaburagi,Electrical & Solar,Wireman Helper,ELE/Q6001,Daily Wage,High,False,21.9
JOB_204E14E5,Karnataka,Kalaburagi,Handicrafts & Leather,Leather Goods Maker / Footwear Repairer,LSS/Q2501,Fixed Monthly,Medium,False,12.2
JOB_10BBCFC6,Karnataka,Kalaburagi,Agriculture & Dairy,Dairy Farmer & Animal Husbandry Assistant,AGR/Q4101,Fixed Monthly,Low,False,23.5
JOB_A1A53A05,Karnataka,Kalaburagi,Plumbing & Water Works,Plumber General,PSC/Q0104,Self-Employment / Enterprise,High,True,9.7
JOB_EFF476B4,Karnataka,Kalaburagi,Plumbing & Water Works,Plumber General,PSC/Q0104,Fixed Monthly,Low,False,9.9
JOB_35E40105,Karnataka,Kalaburagi,Construction,Assistant Mason,CON/Q0101,Daily Wage,Low,False,12.6
JOB_42E3B5A9,Karnataka,Kalaburagi,Handicrafts & Leather,Leather Goods Maker / Footwear Repairer,LSS/Q2501,Daily Wage,Medium,True,12.4
JOB_84B04DDF,Karnataka,Kalaburagi,Electrical & Solar,Wireman Helper,ELE/Q6001,Fixed Monthly,Medium,True,25.0
JOB_167D9A18,Karnataka,Kalaburagi,Garments & Tailoring,Industrial Sewing Machine Operator,AMH/Q0301,Daily Wage,Medium,False,9.2
JOB_850ABC5D,Karnataka,Kalaburagi,Plumbing & Water Works,Plumber General,PSC/Q0104,Daily Wage,Low,False,19.3
JOB_D097A08B,Karnataka,Kalaburagi,Handicrafts & Leather,Leather Goods Maker / Footwear Repairer,LSS/Q2501,Fixed Monthly,High,False,23.6
JOB_98AD7C94,Karnataka,Kalaburagi,Construction,Assistant Mason,CON/Q0101,Daily Wage,Medium,True,16.9
JOB_10C0F277,Karnataka,Kalaburagi,Garments & Tailoring,Industrial Sewing Machine Operator,AMH/Q0301,Fixed Monthly,Medium,False,14.1
JOB_98966A67,Karnataka,Kalaburagi,Artisan & Carpentry,Assistant Carpenter,CON/Q0102,Fixed Monthly,Low,False,21.4
JOB_FAEE0BDB,Karnataka,Kalaburagi,Electrical & Solar,Wireman Helper,ELE/Q6001,Self-Employment / Enterprise,Medium,False,19.9
JOB_ED9EDEE3,Karnataka,Kalaburagi,Garments & Tailoring,Industrial Sewing Machine Operator,AMH/Q0301,Daily Wage,High,False,11.6
JOB_77717EBB,Karnataka,Kalaburagi,Garments & Tailoring,Industrial Sewing Machine Operator,AMH/Q0301,Daily Wage,Medium,True,19.4
JOB_501B7E2F,Karnataka,Kalaburagi,Construction,Assistant Mason,CON/Q0101,Daily Wage,High,False,10.2
JOB_66352DDD,Karnataka,Kalaburagi,Handicrafts & Leather,Leather Goods Maker / Footwear Repairer,LSS/Q2501,Daily Wage,High,True,24.9
JOB_8D878BCF,Karnataka,Vijayapura,Agriculture & Dairy,Dairy Farmer & Animal Husbandry Assistant,AGR/Q4101,Fixed Monthly,High,False,22.7
JOB_4A9F5D25,Karnataka,Vijayapura,Plumbing & Water Works,Plumber General,PSC/Q0104,Self-Employment / Enterprise,Medium,False,24.5
JOB_36BF7A97,Karnataka,Vijayapura,Garments & Tailoring,Industrial Sewing Machine Operator,AMH/Q0301,Self-Employment / Enterprise,Medium,True,16.9
JOB_3F552A54,Karnataka,Vijayapura,Agriculture & Dairy,Dairy Farmer & Animal Husbandry Assistant,AGR/Q4101,Fixed Monthly,High,False,8.6
JOB_147C37F2,Karnataka,Vijayapura,Handicrafts & Leather,Leather Goods Maker / Footwear Repairer,LSS/Q2501,Self-Employment / Enterprise,High,True,16.4
JOB_F65DDB04,Karnataka,Vijayapura,Artisan & Carpentry,Assistant Carpenter,CON/Q0102,Self-Employment / Enterprise,High,True,9.3
JOB_B2A923CE,Karnataka,Vijayapura,Plumbing & Water Works,Plumber General,PSC/Q0104,Self-Employment / Enterprise,Medium,False,16.7
JOB_28A4190E,Karnataka,Vijayapura,Garments & Tailoring,Industrial Sewing Machine Operator,AMH/Q0301,Daily Wage,High,False,16.3
JOB_96024F08,Karnataka,Vijayapura,Electrical & Solar,Wireman Helper,ELE/Q6001,Self-Employment / Enterprise,High,False,8.5
JOB_A90547B1,Karnataka,Vijayapura,Handicrafts & Leather,Leather Goods Maker / Footwear Repairer,LSS/Q2501,Fixed Monthly,Medium,False,9.6
JOB_747D0333,Karnataka,Vijayapura,Artisan & Carpentry,Assistant Carpenter,CON/Q0102,Self-Employment / Enterprise,High,False,11.7
JOB_B7FB42CF,Karnataka,Vijayapura,Garments & Tailoring,Industrial Sewing Machine Operator,AMH/Q0301,Self-Employment / Enterprise,Low,True,14.2
JOB_63044B19,Karnataka,Vijayapura,Artisan & Carpentry,Assistant Carpenter,CON/Q0102,Self-Employment / Enterprise,Medium,True,8.3
JOB_60572BB6,Karnataka,Vijayapura,Handicrafts & Leather,Leather Goods Maker / Footwear Repairer,LSS/Q2501,Self-Employment / Enterprise,Low,True,13.2
JOB_322A712D,Karnataka,Vijayapura,Garments & Tailoring,Industrial Sewing Machine Operator,AMH/Q0301,Self-Employment / Enterprise,Medium,False,20.5
JOB_A1D34C93,Karnataka,Vijayapura,Construction,Assistant Mason,CON/Q0101,Daily Wage,Low,True,21.0
JOB_C466343C,Karnataka,Vijayapura,Agriculture & Dairy,Dairy Farmer & Animal Husbandry Assistant,AGR/Q4101,Fixed Monthly,Medium,False,15.8
JOB_F6392F16,Karnataka,Vijayapura,Agriculture & Dairy,Dairy Farmer & Animal Husbandry Assistant,AGR/Q4101,Fixed Monthly,Low,False,21.6
JOB_AE1572B8,Karnataka,Vijayapura,Handicrafts & Leather,Leather Goods Maker / Footwear Repairer,LSS/Q2501,Self-Employment / Enterprise,Low,True,11.4
JOB_C2D06394,Karnataka,Vijayapura,Artisan & Carpentry,Assistant Carpenter,CON/Q0102,Self-Employment / Enterprise,Medium,True,21.1
JOB_CC9FC1D3,Karnataka,Vijayapura,Agriculture & Dairy,Dairy Farmer & Animal Husbandry Assistant,AGR/Q4101,Self-Employment / Enterprise,Low,True,12.3
JOB_91F2E983,Karnataka,Vijayapura,Artisan & Carpentry,Assistant Carpenter,CON/Q0102,Daily Wage,Medium,False,24.0
JOB_6E2CA2D3,Karnataka,Vijayapura,Electrical & Solar,Wireman Helper,ELE/Q6001,Fixed Monthly,Low,True,14.9
JOB_5403356D,Karnataka,Vijayapura,Plumbing & Water Works,Plumber General,PSC/Q0104,Self-Employment / Enterprise,Medium,True,23.7
JOB_8E4546C1,Karnataka,Vijayapura,Agriculture & Dairy,Dairy Farmer & Animal Husbandry Assistant,AGR/Q4101,Self-Employment / Enterprise,High,True,16.0
JOB_FFF5DF50,Karnataka,Vijayapura,Plumbing & Water Works,Plumber General,PSC/Q0104,Daily Wage,High,False,12.8
JOB_4F69456F,Karnataka,Vijayapura,Garments & Tailoring,Industrial Sewing Machine Operator,AMH/Q0301,Daily Wage,Medium,True,21.6
JOB_411F98BC,Karnataka,Vijayapura,Electrical & Solar,Wireman Helper,ELE/Q6001,Fixed Monthly,Medium,True,21.3
JOB_3B798547,Karnataka,Vijayapura,Handicrafts & Leather,Leather Goods Maker / Footwear Repairer,LSS/Q2501,Self-Employment / Enterprise,High,True,13.3
JOB_8BEC2F46,Karnataka,Vijayapura,Electrical & Solar,Wireman Helper,ELE/Q6001,Fixed Monthly,Medium,False,9.3
JOB_E0187AB1,Karnataka,Vijayapura,Garments & Tailoring,Industrial Sewing Machine Operator,AMH/Q0301,Fixed Monthly,Medium,True,17.0
JOB_5535B9BF,Karnataka,Vijayapura,Plumbing & Water Works,Plumber General,PSC/Q0104,Self-Employment / Enterprise,Medium,True,14.5
JOB_A0CDB07D,Karnataka,Vijayapura,Plumbing & Water Works,Plumber General,PSC/Q0104,Daily Wage,Low,False,8.7
JOB_40FC8BB2,Karnataka,Vijayapura,Construction,Assistant Mason,CON/Q0101,Self-Employment / Enterprise,Low,False,17.1
JOB_FBDC6885,Karnataka,Vijayapura,Plumbing & Water Works,Plumber General,PSC/Q0104,Daily Wage,Medium,True,22.7
JOB_1D1A56FC,Karnataka,Vijayapura,Plumbing & Water Works,Plumber General,PSC/Q0104,Fixed Monthly,High,True,18.7
JOB_E1FB4A98,Karnataka,Vijayapura,Garments & Tailoring,Industrial Sewing Machine Operator,AMH/Q0301,Fixed Monthly,Medium,True,22.7
JOB_CF9A0380,Karnataka,Vijayapura,Plumbing & Water Works,Plumber General,PSC/Q0104,Fixed Monthly,Medium,False,12.9
JOB_48442A6D,Karnataka,Vijayapura,Plumbing & Water Works,Plumber General,PSC/Q0104,Daily Wage,High,True,14.7
JOB_D08EA757,Karnataka,Vijayapura,Handicrafts & Leather,Leather Goods Maker / Footwear Repairer,LSS/Q2501,Fixed Monthly,Medium,False,20.3
JOB_2D26CC1F,Karnataka,Vijayapura,Agriculture & Dairy,Dairy Farmer & Animal Husbandry Assistant,AGR/Q4101,Daily Wage,High,False,9.9
JOB_4C8C24CF,Karnataka,Vijayapura,Plumbing & Water Works,Plumber General,PSC/Q0104,Self-Employment / Enterprise,Medium,True,16.5
JOB_8607A047,Karnataka,Vijayapura,Garments & Tailoring,Industrial Sewing Machine Operator,AMH/Q0301,Self-Employment / Enterprise,High,False,19.2
JOB_E4FE056F,Karnataka,Vijayapura,Agriculture & Dairy,Dairy Farmer & Animal Husbandry Assistant,AGR/Q4101,Daily Wage,High,True,12.4
JOB_84674E47,Karnataka,Vijayapura,Handicrafts & Leather,Leather Goods Maker / Footwear Repairer,LSS/Q2501,Daily Wage,Medium,False,12.8
JOB_BADEECE7,Karnataka,Vijayapura,Artisan & Carpentry,Assistant Carpenter,CON/Q0102,Self-Employment / Enterprise,Medium,False,21.6
JOB_D916A0B8,Karnataka,Vijayapura,Garments & Tailoring,Industrial Sewing Machine Operator,AMH/Q0301,Fixed Monthly,High,False,23.0
JOB_708308F4,Karnataka,Vijayapura,Electrical & Solar,Wireman Helper,ELE/Q6001,Self-Employment / Enterprise,Medium,False,21.7
JOB_5F419CEE,Karnataka,Vijayapura,Handicrafts & Leather,Leather Goods Maker / Footwear Repairer,LSS/Q2501,Self-Employment / Enterprise,Medium,True,23.0
JOB_849175FE,Karnataka,Vijayapura,Construction,Assistant Mason,CON/Q0101,Daily Wage,High,False,16.3
JOB_8914AB45,Karnataka,Vijayapura,Agriculture & Dairy,Dairy Farmer & Animal Husbandry Assistant,AGR/Q4101,Daily Wage,High,True,11.8
JOB_254626D5,Karnataka,Vijayapura,Electrical & Solar,Wireman Helper,ELE/Q6001,Daily Wage,High,False,22.5
JOB_F564B7C0,Karnataka,Vijayapura,Artisan & Carpentry,Assistant Carpenter,CON/Q0102,Daily Wage,Medium,True,19.4
JOB_9DBF6BA7,Karnataka,Vijayapura,Agriculture & Dairy,Dairy Farmer & Animal Husbandry Assistant,AGR/Q4101,Fixed Monthly,Low,False,19.6
JOB_251C72E1,Karnataka,Vijayapura,Agriculture & Dairy,Dairy Farmer & Animal Husbandry Assistant,AGR/Q4101,Fixed Monthly,High,True,14.0
JOB_965406AC,Karnataka,Vijayapura,Handicrafts & Leather,Leather Goods Maker / Footwear Repairer,LSS/Q2501,Fixed Monthly,Low,True,14.3
JOB_3E4CC01A,Karnataka,Vijayapura,Agriculture & Dairy,Dairy Farmer & Animal Husbandry Assistant,AGR/Q4101,Self-Employment / Enterprise,High,False,18.6
JOB_B0ADC417,Karnataka,Vijayapura,Plumbing & Water Works,Plumber General,PSC/Q0104,Self-Employment / Enterprise,Medium,True,20.8
JOB_84ED4997,Karnataka,Vijayapura,Handicrafts & Leather,Leather Goods Maker / Footwear Repairer,LSS/Q2501,Self-Employment / Enterprise,Medium,True,23.6
JOB_1F14C591,Karnataka,Vijayapura,Construction,Assistant Mason,CON/Q0101,Daily Wage,Medium,False,21.0
JOB_64C417E1,Karnataka,Vijayapura,Electrical & Solar,Wireman Helper,ELE/Q6001,Fixed Monthly,High,True,15.8
JOB_ED451CBA,Karnataka,Vijayapura,Artisan & Carpentry,Assistant Carpenter,CON/Q0102,Daily Wage,Medium,True,13.0
JOB_0BCCCBBD,Karnataka,Vijayapura,Garments & Tailoring,Industrial Sewing Machine Operator,AMH/Q0301,Fixed Monthly,High,False,15.8
JOB_90BB13DF,Karnataka,Vijayapura,Agriculture & Dairy,Dairy Farmer & Animal Husbandry Assistant,AGR/Q4101,Fixed Monthly,Low,False,20.5
JOB_08055009,Karnataka,Vijayapura,Construction,Assistant Mason,CON/Q0101,Self-Employment / Enterprise,High,False,21.2
JOB_12054129,Karnataka,Vijayapura,Agriculture & Dairy,Dairy Farmer & Animal Husbandry Assistant,AGR/Q4101,Self-Employment / Enterprise,Low,False,16.4
JOB_9756EA44,Karnataka,Vijayapura,Plumbing & Water Works,Plumber General,PSC/Q0104,Daily Wage,Medium,True,20.1
JOB_30AD261B,Karnataka,Vijayapura,Electrical & Solar,Wireman Helper,ELE/Q6001,Self-Employment / Enterprise,High,False,21.3
JOB_63264105,Karnataka,Vijayapura,Artisan & Carpentry,Assistant Carpenter,CON/Q0102,Fixed Monthly,Low,False,11.9
JOB_61C2BAEF,Karnataka,Vijayapura,Agriculture & Dairy,Dairy Farmer & Animal Husbandry Assistant,AGR/Q4101,Fixed Monthly,Low,False,19.0
JOB_7AF672F9,Karnataka,Vijayapura,Artisan & Carpentry,Assistant Carpenter,CON/Q0102,Fixed Monthly,High,False,10.2
JOB_F41E8B22,Karnataka,Vijayapura,Electrical & Solar,Wireman Helper,ELE/Q6001,Self-Employment / Enterprise,Medium,False,17.6
JOB_07971DAC,Karnataka,Vijayapura,Electrical & Solar,Wireman Helper,ELE/Q6001,Daily Wage,Low,True,8.9
JOB_101E47D2,Karnataka,Vijayapura,Plumbing & Water Works,Plumber General,PSC/Q0104,Self-Employment / Enterprise,High,True,22.2
JOB_66FBF287,Karnataka,Vijayapura,Garments & Tailoring,Industrial Sewing Machine Operator,AMH/Q0301,Fixed Monthly,Low,False,10.6
JOB_0323D697,Karnataka,Vijayapura,Agriculture & Dairy,Dairy Farmer & Animal Husbandry Assistant,AGR/Q4101,Daily Wage,Low,True,19.8
JOB_A59C30C0,Karnataka,Vijayapura,Garments & Tailoring,Industrial Sewing Machine Operator,AMH/Q0301,Daily Wage,High,False,8.3
JOB_308787E4,Karnataka,Vijayapura,Construction,Assistant Mason,CON/Q0101,Daily Wage,Low,True,8.2
JOB_71DA1C3B,Karnataka,Vijayapura,Agriculture & Dairy,Dairy Farmer & Animal Husbandry Assistant,AGR/Q4101,Daily Wage,Medium,True,14.7
JOB_575C8136,Karnataka,Vijayapura,Artisan & Carpentry,Assistant Carpenter,CON/Q0102,Daily Wage,High,True,10.3
JOB_DB52E102,Karnataka,Vijayapura,Agriculture & Dairy,Dairy Farmer & Animal Husbandry Assistant,AGR/Q4101,Self-Employment / Enterprise,High,True,18.2
JOB_C105CFD4,Karnataka,Vijayapura,Garments & Tailoring,Industrial Sewing Machine Operator,AMH/Q0301,Daily Wage,Medium,False,12.3
JOB_4364F0C2,Karnataka,Vijayapura,Artisan & Carpentry,Assistant Carpenter,CON/Q0102,Daily Wage,Medium,True,20.8
JOB_35679B97,Karnataka,Vijayapura,Construction,Assistant Mason,CON/Q0101,Self-Employment / Enterprise,High,False,14.9
JOB_2396D609,Karnataka,Vijayapura,Garments & Tailoring,Industrial Sewing Machine Operator,AMH/Q0301,Daily Wage,Low,False,17.2
JOB_FEDB2F45,Karnataka,Vijayapura,Artisan & Carpentry,Assistant Carpenter,CON/Q0102,Self-Employment / Enterprise,High,False,15.3
JOB_7BD01907,Karnataka,Vijayapura,Plumbing & Water Works,Plumber General,PSC/Q0104,Self-Employment / Enterprise,Medium,False,10.8
JOB_B9398DBF,Karnataka,Vijayapura,Artisan & Carpentry,Assistant Carpenter,CON/Q0102,Daily Wage,Medium,False,11.9
JOB_57B408DA,Karnataka,Vijayapura,Construction,Assistant Mason,CON/Q0101,Self-Employment / Enterprise,Medium,False,21.5
JOB_7BD11FF1,Karnataka,Vijayapura,Artisan & Carpentry,Assistant Carpenter,CON/Q0102,Daily Wage,Low,True,23.3
JOB_3BAEB4F7,Karnataka,Vijayapura,Construction,Assistant Mason,CON/Q0101,Fixed Monthly,High,True,24.8
JOB_3F04324F,Karnataka,Vijayapura,Electrical & Solar,Wireman Helper,ELE/Q6001,Fixed Monthly,High,True,14.7
JOB_E9456C27,Karnataka,Vijayapura,Plumbing & Water Works,Plumber General,PSC/Q0104,Daily Wage,Medium,True,13.6
JOB_E4208969,Karnataka,Chitradurga,Construction,Assistant Mason,CON/Q0101,Self-Employment / Enterprise,Medium,False,16.4
JOB_C3CD1352,Karnataka,Chitradurga,Plumbing & Water Works,Plumber General,PSC/Q0104,Daily Wage,High,False,22.0
JOB_66964CF0,Karnataka,Chitradurga,Agriculture & Dairy,Dairy Farmer & Animal Husbandry Assistant,AGR/Q4101,Fixed Monthly,Low,True,11.6
JOB_4247882B,Karnataka,Chitradurga,Plumbing & Water Works,Plumber General,PSC/Q0104,Fixed Monthly,High,True,11.2
JOB_7815CC2C,Karnataka,Chitradurga,Construction,Assistant Mason,CON/Q0101,Fixed Monthly,High,False,12.9
JOB_9525B466,Karnataka,Chitradurga,Electrical & Solar,Wireman Helper,ELE/Q6001,Self-Employment / Enterprise,Low,True,9.6
JOB_0B45ABC7,Karnataka,Chitradurga,Agriculture & Dairy,Dairy Farmer & Animal Husbandry Assistant,AGR/Q4101,Daily Wage,Medium,True,8.4
JOB_29C37221,Karnataka,Chitradurga,Plumbing & Water Works,Plumber General,PSC/Q0104,Self-Employment / Enterprise,High,True,22.1
JOB_DCA8AAA4,Karnataka,Chitradurga,Agriculture & Dairy,Dairy Farmer & Animal Husbandry Assistant,AGR/Q4101,Self-Employment / Enterprise,High,False,23.1
JOB_57852AA6,Karnataka,Chitradurga,Electrical & Solar,Wireman Helper,ELE/Q6001,Daily Wage,Medium,False,22.4
JOB_2B91D7D1,Karnataka,Chitradurga,Construction,Assistant Mason,CON/Q0101,Fixed Monthly,High,True,8.7
JOB_E880875A,Karnataka,Chitradurga,Artisan & Carpentry,Assistant Carpenter,CON/Q0102,Daily Wage,Medium,True,8.2
JOB_B0DF34FA,Karnataka,Chitradurga,Plumbing & Water Works,Plumber General,PSC/Q0104,Daily Wage,Medium,False,19.0
JOB_C09199AB,Karnataka,Chitradurga,Artisan & Carpentry,Assistant Carpenter,CON/Q0102,Fixed Monthly,Low,False,22.9
JOB_9F7D42BD,Karnataka,Chitradurga,Handicrafts & Leather,Leather Goods Maker / Footwear Repairer,LSS/Q2501,Fixed Monthly,Medium,False,11.9
JOB_E8793C3B,Karnataka,Chitradurga,Artisan & Carpentry,Assistant Carpenter,CON/Q0102,Self-Employment / Enterprise,High,True,8.4
JOB_8722A749,Karnataka,Chitradurga,Artisan & Carpentry,Assistant Carpenter,CON/Q0102,Self-Employment / Enterprise,Medium,False,16.9
JOB_FDBFB4C7,Karnataka,Chitradurga,Agriculture & Dairy,Dairy Farmer & Animal Husbandry Assistant,AGR/Q4101,Daily Wage,High,False,22.1
JOB_DAA6BAE0,Karnataka,Chitradurga,Handicrafts & Leather,Leather Goods Maker / Footwear Repairer,LSS/Q2501,Daily Wage,Low,True,24.9
JOB_867D97A6,Karnataka,Chitradurga,Agriculture & Dairy,Dairy Farmer & Animal Husbandry Assistant,AGR/Q4101,Daily Wage,Medium,False,14.7
JOB_151C13B0,Karnataka,Chitradurga,Artisan & Carpentry,Assistant Carpenter,CON/Q0102,Fixed Monthly,Low,False,23.3
JOB_48F3FBFF,Karnataka,Chitradurga,Garments & Tailoring,Industrial Sewing Machine Operator,AMH/Q0301,Fixed Monthly,Medium,True,19.0
JOB_928FC2DD,Karnataka,Chitradurga,Construction,Assistant Mason,CON/Q0101,Self-Employment / Enterprise,Medium,True,13.1
JOB_B6FF29E4,Karnataka,Chitradurga,Electrical & Solar,Wireman Helper,ELE/Q6001,Self-Employment / Enterprise,Medium,False,17.3
JOB_8E627888,Karnataka,Chitradurga,Artisan & Carpentry,Assistant Carpenter,CON/Q0102,Self-Employment / Enterprise,High,False,24.4
JOB_D39214FB,Karnataka,Chitradurga,Plumbing & Water Works,Plumber General,PSC/Q0104,Daily Wage,Low,False,21.0
JOB_84E0DECE,Karnataka,Chitradurga,Electrical & Solar,Wireman Helper,ELE/Q6001,Fixed Monthly,High,False,23.4
JOB_CFC9FC5E,Karnataka,Chitradurga,Agriculture & Dairy,Dairy Farmer & Animal Husbandry Assistant,AGR/Q4101,Daily Wage,High,False,21.3
JOB_C826C914,Karnataka,Chitradurga,Agriculture & Dairy,Dairy Farmer & Animal Husbandry Assistant,AGR/Q4101,Daily Wage,High,False,14.5
JOB_FC4E2CF2,Karnataka,Chitradurga,Handicrafts & Leather,Leather Goods Maker / Footwear Repairer,LSS/Q2501,Fixed Monthly,Low,True,19.3
JOB_FC11ACAA,Karnataka,Chitradurga,Agriculture & Dairy,Dairy Farmer & Animal Husbandry Assistant,AGR/Q4101,Fixed Monthly,Low,False,16.0
JOB_0FB0FAF6,Karnataka,Chitradurga,Electrical & Solar,Wireman Helper,ELE/Q6001,Self-Employment / Enterprise,High,True,10.2
JOB_7881B034,Karnataka,Chitradurga,Garments & Tailoring,Industrial Sewing Machine Operator,AMH/Q0301,Fixed Monthly,Medium,True,15.1
JOB_A47EAC63,Karnataka,Chitradurga,Artisan & Carpentry,Assistant Carpenter,CON/Q0102,Self-Employment / Enterprise,Low,False,20.3
JOB_B7C08B6A,Karnataka,Chitradurga,Artisan & Carpentry,Assistant Carpenter,CON/Q0102,Fixed Monthly,Medium,True,10.4
JOB_ECC804B7,Karnataka,Chitradurga,Electrical & Solar,Wireman Helper,ELE/Q6001,Fixed Monthly,Medium,True,23.4
JOB_80202A4F,Karnataka,Chitradurga,Artisan & Carpentry,Assistant Carpenter,CON/Q0102,Self-Employment / Enterprise,Medium,False,22.5
JOB_3CC7E177,Karnataka,Chitradurga,Artisan & Carpentry,Assistant Carpenter,CON/Q0102,Fixed Monthly,Medium,True,15.9
JOB_2D1B4A3D,Karnataka,Chitradurga,Agriculture & Dairy,Dairy Farmer & Animal Husbandry Assistant,AGR/Q4101,Self-Employment / Enterprise,Medium,False,13.4
JOB_223F222E,Karnataka,Chitradurga,Handicrafts & Leather,Leather Goods Maker / Footwear Repairer,LSS/Q2501,Daily Wage,Medium,True,20.4
JOB_76E031D9,Karnataka,Chitradurga,Agriculture & Dairy,Dairy Farmer & Animal Husbandry Assistant,AGR/Q4101,Daily Wage,High,True,11.3
JOB_99220AA2,Karnataka,Chitradurga,Garments & Tailoring,Industrial Sewing Machine Operator,AMH/Q0301,Fixed Monthly,Medium,False,23.7
JOB_D6CACB9E,Karnataka,Chitradurga,Garments & Tailoring,Industrial Sewing Machine Operator,AMH/Q0301,Self-Employment / Enterprise,Medium,False,16.8
JOB_396EB829,Karnataka,Chitradurga,Electrical & Solar,Wireman Helper,ELE/Q6001,Fixed Monthly,High,False,14.2
JOB_7FF3469D,Karnataka,Chitradurga,Construction,Assistant Mason,CON/Q0101,Fixed Monthly,Low,False,22.5
JOB_B6D551BC,Karnataka,Chitradurga,Handicrafts & Leather,Leather Goods Maker / Footwear Repairer,LSS/Q2501,Self-Employment / Enterprise,Medium,False,10.2
JOB_C14EA847,Karnataka,Chitradurga,Garments & Tailoring,Industrial Sewing Machine Operator,AMH/Q0301,Daily Wage,Medium,False,14.6
JOB_A38769FA,Karnataka,Chitradurga,Garments & Tailoring,Industrial Sewing Machine Operator,AMH/Q0301,Self-Employment / Enterprise,Medium,True,12.5
JOB_1F088D24,Karnataka,Chitradurga,Artisan & Carpentry,Assistant Carpenter,CON/Q0102,Daily Wage,Low,True,12.2
JOB_BB8976AB,Karnataka,Chitradurga,Construction,Assistant Mason,CON/Q0101,Fixed Monthly,Medium,False,15.0
JOB_348ADE4B,Karnataka,Chitradurga,Handicrafts & Leather,Leather Goods Maker / Footwear Repairer,LSS/Q2501,Self-Employment / Enterprise,Medium,True,23.2
JOB_214118C2,Karnataka,Chitradurga,Garments & Tailoring,Industrial Sewing Machine Operator,AMH/Q0301,Fixed Monthly,Medium,False,10.1
JOB_7835CAD1,Karnataka,Chitradurga,Electrical & Solar,Wireman Helper,ELE/Q6001,Fixed Monthly,Medium,False,14.5
JOB_537C0435,Karnataka,Chitradurga,Artisan & Carpentry,Assistant Carpenter,CON/Q0102,Daily Wage,Low,False,22.6
JOB_D6FF3DE7,Karnataka,Chitradurga,Agriculture & Dairy,Dairy Farmer & Animal Husbandry Assistant,AGR/Q4101,Self-Employment / Enterprise,Medium,True,16.0
JOB_882FB147,Karnataka,Chitradurga,Plumbing & Water Works,Plumber General,PSC/Q0104,Daily Wage,Medium,True,12.1
JOB_E8F59FEB,Karnataka,Chitradurga,Construction,Assistant Mason,CON/Q0101,Self-Employment / Enterprise,Medium,True,24.5
JOB_FE269F47,Karnataka,Chitradurga,Construction,Assistant Mason,CON/Q0101,Fixed Monthly,High,False,11.8
JOB_F201B8FE,Karnataka,Chitradurga,Construction,Assistant Mason,CON/Q0101,Self-Employment / Enterprise,High,False,11.4
JOB_24BFACE0,Karnataka,Chitradurga,Handicrafts & Leather,Leather Goods Maker / Footwear Repairer,LSS/Q2501,Self-Employment / Enterprise,High,True,11.6
JOB_805123A6,Karnataka,Chitradurga,Agriculture & Dairy,Dairy Farmer & Animal Husbandry Assistant,AGR/Q4101,Self-Employment / Enterprise,Medium,False,10.6
JOB_596D30D8,Karnataka,Chitradurga,Handicrafts & Leather,Leather Goods Maker / Footwear Repairer,LSS/Q2501,Daily Wage,Low,True,24.7
JOB_9A483923,Karnataka,Chamarajanagar,Construction,Assistant Mason,CON/Q0101,Daily Wage,Medium,True,15.8
JOB_0936DAC7,Karnataka,Chamarajanagar,Electrical & Solar,Wireman Helper,ELE/Q6001,Daily Wage,High,True,20.3
JOB_A00341CD,Karnataka,Chamarajanagar,Handicrafts & Leather,Leather Goods Maker / Footwear Repairer,LSS/Q2501,Self-Employment / Enterprise,Medium,True,9.1
JOB_2C034C68,Karnataka,Chamarajanagar,Garments & Tailoring,Industrial Sewing Machine Operator,AMH/Q0301,Self-Employment / Enterprise,High,False,13.1
JOB_C174ED76,Karnataka,Chamarajanagar,Agriculture & Dairy,Dairy Farmer & Animal Husbandry Assistant,AGR/Q4101,Fixed Monthly,Medium,False,13.2
JOB_71AD17B6,Karnataka,Chamarajanagar,Electrical & Solar,Wireman Helper,ELE/Q6001,Self-Employment / Enterprise,Medium,False,13.1
JOB_15BCC324,Karnataka,Chamarajanagar,Plumbing & Water Works,Plumber General,PSC/Q0104,Fixed Monthly,Medium,False,17.1
JOB_FFA99395,Karnataka,Chamarajanagar,Garments & Tailoring,Industrial Sewing Machine Operator,AMH/Q0301,Daily Wage,High,False,9.7
JOB_AE6D9A34,Karnataka,Chamarajanagar,Plumbing & Water Works,Plumber General,PSC/Q0104,Self-Employment / Enterprise,High,False,11.4
JOB_996C65F2,Karnataka,Chamarajanagar,Agriculture & Dairy,Dairy Farmer & Animal Husbandry Assistant,AGR/Q4101,Fixed Monthly,Medium,False,14.5
JOB_531F8337,Karnataka,Chamarajanagar,Artisan & Carpentry,Assistant Carpenter,CON/Q0102,Fixed Monthly,High,True,8.3
JOB_5B6D2F45,Karnataka,Chamarajanagar,Artisan & Carpentry,Assistant Carpenter,CON/Q0102,Fixed Monthly,Low,False,21.4
JOB_3DC38932,Karnataka,Chamarajanagar,Handicrafts & Leather,Leather Goods Maker / Footwear Repairer,LSS/Q2501,Self-Employment / Enterprise,High,True,21.6
JOB_D8EB2A57,Karnataka,Chamarajanagar,Handicrafts & Leather,Leather Goods Maker / Footwear Repairer,LSS/Q2501,Daily Wage,Medium,True,14.6
JOB_CFD352EF,Karnataka,Chamarajanagar,Garments & Tailoring,Industrial Sewing Machine Operator,AMH/Q0301,Daily Wage,High,True,17.2
JOB_399A49DD,Karnataka,Chamarajanagar,Garments & Tailoring,Industrial Sewing Machine Operator,AMH/Q0301,Fixed Monthly,Medium,False,17.8
JOB_D99AD5F5,Karnataka,Chamarajanagar,Garments & Tailoring,Industrial Sewing Machine Operator,AMH/Q0301,Daily Wage,Medium,False,21.3
JOB_C92E8669,Karnataka,Chamarajanagar,Handicrafts & Leather,Leather Goods Maker / Footwear Repairer,LSS/Q2501,Fixed Monthly,Medium,True,20.9
JOB_75563475,Karnataka,Chamarajanagar,Handicrafts & Leather,Leather Goods Maker / Footwear Repairer,LSS/Q2501,Fixed Monthly,Medium,True,22.9
JOB_B4E9286E,Karnataka,Chamarajanagar,Plumbing & Water Works,Plumber General,PSC/Q0104,Fixed Monthly,Medium,True,22.0
JOB_1A8EF0AB,Karnataka,Chamarajanagar,Artisan & Carpentry,Assistant Carpenter,CON/Q0102,Fixed Monthly,Medium,True,9.3
JOB_5D3373C4,Karnataka,Chamarajanagar,Plumbing & Water Works,Plumber General,PSC/Q0104,Fixed Monthly,High,True,17.3
JOB_4FFCB744,Karnataka,Chamarajanagar,Garments & Tailoring,Industrial Sewing Machine Operator,AMH/Q0301,Fixed Monthly,Medium,True,22.9
JOB_9E4C6522,Karnataka,Chamarajanagar,Artisan & Carpentry,Assistant Carpenter,CON/Q0102,Daily Wage,High,False,14.7
JOB_42D0CBBD,Karnataka,Chamarajanagar,Handicrafts & Leather,Leather Goods Maker / Footwear Repairer,LSS/Q2501,Fixed Monthly,Medium,True,20.8
JOB_7A822913,Karnataka,Chamarajanagar,Electrical & Solar,Wireman Helper,ELE/Q6001,Fixed Monthly,Medium,False,17.2
JOB_F74BB73E,Karnataka,Chamarajanagar,Plumbing & Water Works,Plumber General,PSC/Q0104,Self-Employment / Enterprise,Medium,False,23.4
JOB_35990748,Karnataka,Chamarajanagar,Agriculture & Dairy,Dairy Farmer & Animal Husbandry Assistant,AGR/Q4101,Fixed Monthly,Medium,True,24.8
JOB_309F95E4,Karnataka,Chamarajanagar,Plumbing & Water Works,Plumber General,PSC/Q0104,Daily Wage,High,True,22.7
JOB_9B42E2F7,Karnataka,Chamarajanagar,Construction,Assistant Mason,CON/Q0101,Self-Employment / Enterprise,High,True,17.9
JOB_DDF6F687,Karnataka,Chamarajanagar,Plumbing & Water Works,Plumber General,PSC/Q0104,Fixed Monthly,Medium,True,15.2
JOB_D7A548E8,Karnataka,Chamarajanagar,Agriculture & Dairy,Dairy Farmer & Animal Husbandry Assistant,AGR/Q4101,Self-Employment / Enterprise,Medium,False,9.8
JOB_C8AB4667,Karnataka,Chamarajanagar,Plumbing & Water Works,Plumber General,PSC/Q0104,Self-Employment / Enterprise,Low,False,15.2
JOB_FD4F6783,Karnataka,Chamarajanagar,Handicrafts & Leather,Leather Goods Maker / Footwear Repairer,LSS/Q2501,Fixed Monthly,Medium,False,9.5
JOB_0CDC10A1,Karnataka,Chamarajanagar,Artisan & Carpentry,Assistant Carpenter,CON/Q0102,Daily Wage,Medium,True,14.9
JOB_BCA8193F,Karnataka,Chamarajanagar,Handicrafts & Leather,Leather Goods Maker / Footwear Repairer,LSS/Q2501,Self-Employment / Enterprise,Medium,False,19.4
JOB_DB9DCBDB,Karnataka,Chamarajanagar,Construction,Assistant Mason,CON/Q0101,Self-Employment / Enterprise,Medium,False,8.8
JOB_CC5D743D,Karnataka,Chamarajanagar,Electrical & Solar,Wireman Helper,ELE/Q6001,Fixed Monthly,Medium,False,11.1
JOB_72BFE92B,Karnataka,Chamarajanagar,Agriculture & Dairy,Dairy Farmer & Animal Husbandry Assistant,AGR/Q4101,Self-Employment / Enterprise,High,True,16.4
JOB_32B7AE9F,Karnataka,Chamarajanagar,Construction,Assistant Mason,CON/Q0101,Fixed Monthly,Medium,True,10.3
JOB_9F27AC27,Karnataka,Chamarajanagar,Garments & Tailoring,Industrial Sewing Machine Operator,AMH/Q0301,Self-Employment / Enterprise,Low,True,21.1
JOB_BB0DF6FD,Karnataka,Chamarajanagar,Artisan & Carpentry,Assistant Carpenter,CON/Q0102,Fixed Monthly,Medium,False,17.0
JOB_6228C9A5,Karnataka,Chamarajanagar,Garments & Tailoring,Industrial Sewing Machine Operator,AMH/Q0301,Self-Employment / Enterprise,High,False,22.4
JOB_BBC789F5,Karnataka,Chamarajanagar,Handicrafts & Leather,Leather Goods Maker / Footwear Repairer,LSS/Q2501,Self-Employment / Enterprise,Medium,False,10.5
JOB_5CF9AA4F,Karnataka,Chamarajanagar,Construction,Assistant Mason,CON/Q0101,Daily Wage,High,False,16.1
JOB_275FE649,Karnataka,Chamarajanagar,Garments & Tailoring,Industrial Sewing Machine Operator,AMH/Q0301,Daily Wage,High,False,8.4
JOB_A043676E,Karnataka,Chamarajanagar,Handicrafts & Leather,Leather Goods Maker / Footwear Repairer,LSS/Q2501,Daily Wage,High,False,17.1
JOB_69EC038C,Karnataka,Chamarajanagar,Garments & Tailoring,Industrial Sewing Machine Operator,AMH/Q0301,Fixed Monthly,Low,True,23.6
JOB_416480F0,Karnataka,Chamarajanagar,Plumbing & Water Works,Plumber General,PSC/Q0104,Self-Employment / Enterprise,Medium,False,17.7
JOB_1CC82FBB,Karnataka,Chamarajanagar,Plumbing & Water Works,Plumber General,PSC/Q0104,Daily Wage,High,False,16.9
JOB_4977AC2C,Karnataka,Chamarajanagar,Electrical & Solar,Wireman Helper,ELE/Q6001,Daily Wage,Low,False,8.5
JOB_EDD9D2DA,Karnataka,Chamarajanagar,Construction,Assistant Mason,CON/Q0101,Fixed Monthly,High,True,16.5
JOB_7D358725,Karnataka,Chamarajanagar,Artisan & Carpentry,Assistant Carpenter,CON/Q0102,Self-Employment / Enterprise,Medium,False,12.0
JOB_819C6292,Karnataka,Chamarajanagar,Construction,Assistant Mason,CON/Q0101,Self-Employment / Enterprise,Medium,True,15.4
JOB_4AA8680B,Karnataka,Chamarajanagar,Garments & Tailoring,Industrial Sewing Machine Operator,AMH/Q0301,Daily Wage,High,False,12.1
JOB_2F5EAA56,Karnataka,Chamarajanagar,Agriculture & Dairy,Dairy Farmer & Animal Husbandry Assistant,AGR/Q4101,Self-Employment / Enterprise,Low,True,11.9
JOB_78AA04D8,Karnataka,Chamarajanagar,Construction,Assistant Mason,CON/Q0101,Fixed Monthly,High,False,13.3
JOB_42C2B563,Karnataka,Chamarajanagar,Handicrafts & Leather,Leather Goods Maker / Footwear Repairer,LSS/Q2501,Self-Employment / Enterprise,Low,False,16.6
JOB_25AB6D7F,Karnataka,Chamarajanagar,Construction,Assistant Mason,CON/Q0101,Self-Employment / Enterprise,High,False,18.0
JOB_E4443D10,Karnataka,Chamarajanagar,Plumbing & Water Works,Plumber General,PSC/Q0104,Self-Employment / Enterprise,Medium,True,11.7
JOB_8FA75D10,Karnataka,Chamarajanagar,Garments & Tailoring,Industrial Sewing Machine Operator,AMH/Q0301,Daily Wage,Medium,False,24.0
JOB_6254F905,Karnataka,Chamarajanagar,Handicrafts & Leather,Leather Goods Maker / Footwear Repairer,LSS/Q2501,Daily Wage,Medium,False,16.1
JOB_E70B2424,Karnataka,Chamarajanagar,Agriculture & Dairy,Dairy Farmer & Animal Husbandry Assistant,AGR/Q4101,Daily Wage,Low,False,20.7
JOB_888CF913,Karnataka,Chamarajanagar,Plumbing & Water Works,Plumber General,PSC/Q0104,Fixed Monthly,High,True,16.3
JOB_68E7F764,Karnataka,Chamarajanagar,Construction,Assistant Mason,CON/Q0101,Self-Employment / Enterprise,High,True,24.8
JOB_E6118CDE,Karnataka,Chamarajanagar,Artisan & Carpentry,Assistant Carpenter,CON/Q0102,Self-Employment / Enterprise,High,True,21.4
JOB_2CCE14A0,Karnataka,Chamarajanagar,Artisan & Carpentry,Assistant Carpenter,CON/Q0102,Fixed Monthly,Medium,False,13.5
JOB_0C7C9BEE,Karnataka,Chamarajanagar,Artisan & Carpentry,Assistant Carpenter,CON/Q0102,Fixed Monthly,High,True,16.2
JOB_374571B0,Karnataka,Chamarajanagar,Artisan & Carpentry,Assistant Carpenter,CON/Q0102,Self-Employment / Enterprise,High,True,14.9
JOB_D4ACCA2E,Karnataka,Chamarajanagar,Garments & Tailoring,Industrial Sewing Machine Operator,AMH/Q0301,Self-Employment / Enterprise,High,False,12.4
JOB_3B26A5DD,Karnataka,Raichur,Garments & Tailoring,Industrial Sewing Machine Operator,AMH/Q0301,Fixed Monthly,Medium,True,21.6
JOB_8EB801F1,Karnataka,Raichur,Agriculture & Dairy,Dairy Farmer & Animal Husbandry Assistant,AGR/Q4101,Fixed Monthly,Low,False,16.3
JOB_F0269F8E,Karnataka,Raichur,Electrical & Solar,Wireman Helper,ELE/Q6001,Daily Wage,Medium,True,14.5
JOB_E9F5A802,Karnataka,Raichur,Agriculture & Dairy,Dairy Farmer & Animal Husbandry Assistant,AGR/Q4101,Fixed Monthly,Medium,False,14.2
JOB_32D99E7F,Karnataka,Raichur,Handicrafts & Leather,Leather Goods Maker / Footwear Repairer,LSS/Q2501,Daily Wage,Low,True,24.5
JOB_BF47DEE4,Karnataka,Raichur,Handicrafts & Leather,Leather Goods Maker / Footwear Repairer,LSS/Q2501,Fixed Monthly,High,False,14.5
JOB_56DFF5E6,Karnataka,Raichur,Garments & Tailoring,Industrial Sewing Machine Operator,AMH/Q0301,Fixed Monthly,Medium,False,21.7
JOB_18EFAF83,Karnataka,Raichur,Agriculture & Dairy,Dairy Farmer & Animal Husbandry Assistant,AGR/Q4101,Daily Wage,Medium,True,20.3
JOB_EE1BDD4A,Karnataka,Raichur,Agriculture & Dairy,Dairy Farmer & Animal Husbandry Assistant,AGR/Q4101,Self-Employment / Enterprise,Low,False,8.7
JOB_D6D8A425,Karnataka,Raichur,Artisan & Carpentry,Assistant Carpenter,CON/Q0102,Daily Wage,Medium,False,16.6
JOB_D02E0251,Karnataka,Raichur,Plumbing & Water Works,Plumber General,PSC/Q0104,Self-Employment / Enterprise,Medium,True,17.3
JOB_2EEF5992,Karnataka,Raichur,Handicrafts & Leather,Leather Goods Maker / Footwear Repairer,LSS/Q2501,Fixed Monthly,Medium,True,19.5
JOB_8002E91E,Karnataka,Raichur,Construction,Assistant Mason,CON/Q0101,Fixed Monthly,Low,False,21.3
JOB_B3006890,Karnataka,Raichur,Garments & Tailoring,Industrial Sewing Machine Operator,AMH/Q0301,Self-Employment / Enterprise,Low,True,14.6
JOB_BFAB3382,Karnataka,Raichur,Agriculture & Dairy,Dairy Farmer & Animal Husbandry Assistant,AGR/Q4101,Self-Employment / Enterprise,Medium,True,13.5
JOB_8D00C4D2,Karnataka,Raichur,Garments & Tailoring,Industrial Sewing Machine Operator,AMH/Q0301,Fixed Monthly,Medium,False,23.7
JOB_451D1D9B,Karnataka,Raichur,Agriculture & Dairy,Dairy Farmer & Animal Husbandry Assistant,AGR/Q4101,Fixed Monthly,Medium,False,22.7
JOB_A38613F2,Karnataka,Raichur,Handicrafts & Leather,Leather Goods Maker / Footwear Repairer,LSS/Q2501,Daily Wage,Medium,True,24.6
JOB_F887A024,Karnataka,Raichur,Garments & Tailoring,Industrial Sewing Machine Operator,AMH/Q0301,Daily Wage,Medium,True,22.4
JOB_1FBE2C10,Karnataka,Raichur,Agriculture & Dairy,Dairy Farmer & Animal Husbandry Assistant,AGR/Q4101,Fixed Monthly,High,False,21.3
JOB_65DD1ADC,Karnataka,Raichur,Garments & Tailoring,Industrial Sewing Machine Operator,AMH/Q0301,Daily Wage,High,True,23.1
JOB_1E8CF23C,Karnataka,Raichur,Construction,Assistant Mason,CON/Q0101,Daily Wage,Medium,False,11.4
JOB_219E79B4,Karnataka,Raichur,Construction,Assistant Mason,CON/Q0101,Fixed Monthly,Medium,True,18.0
JOB_3837FBCD,Karnataka,Raichur,Garments & Tailoring,Industrial Sewing Machine Operator,AMH/Q0301,Self-Employment / Enterprise,High,True,22.4
JOB_AF77B6D5,Karnataka,Raichur,Handicrafts & Leather,Leather Goods Maker / Footwear Repairer,LSS/Q2501,Self-Employment / Enterprise,Medium,False,10.9
JOB_A6CDAC8D,Karnataka,Raichur,Garments & Tailoring,Industrial Sewing Machine Operator,AMH/Q0301,Self-Employment / Enterprise,Medium,False,13.4
JOB_351316CE,Karnataka,Raichur,Electrical & Solar,Wireman Helper,ELE/Q6001,Fixed Monthly,Low,True,20.0
JOB_5A6F1FED,Karnataka,Raichur,Agriculture & Dairy,Dairy Farmer & Animal Husbandry Assistant,AGR/Q4101,Fixed Monthly,High,True,23.8
JOB_F958C1C6,Karnataka,Raichur,Artisan & Carpentry,Assistant Carpenter,CON/Q0102,Daily Wage,High,True,17.4
JOB_FE95F484,Karnataka,Raichur,Electrical & Solar,Wireman Helper,ELE/Q6001,Daily Wage,High,False,12.7
JOB_CB362FDE,Karnataka,Raichur,Handicrafts & Leather,Leather Goods Maker / Footwear Repairer,LSS/Q2501,Fixed Monthly,Medium,True,9.0
JOB_0215CB58,Karnataka,Raichur,Artisan & Carpentry,Assistant Carpenter,CON/Q0102,Fixed Monthly,Medium,True,21.9
JOB_C627A543,Karnataka,Raichur,Artisan & Carpentry,Assistant Carpenter,CON/Q0102,Self-Employment / Enterprise,High,True,14.0
JOB_2693A3F4,Karnataka,Raichur,Construction,Assistant Mason,CON/Q0101,Daily Wage,High,False,10.9
JOB_7EBB7467,Karnataka,Raichur,Electrical & Solar,Wireman Helper,ELE/Q6001,Self-Employment / Enterprise,Medium,True,15.0
JOB_96D8B365,Karnataka,Raichur,Plumbing & Water Works,Plumber General,PSC/Q0104,Daily Wage,Medium,True,13.4
JOB_13FA55AE,Karnataka,Raichur,Garments & Tailoring,Industrial Sewing Machine Operator,AMH/Q0301,Fixed Monthly,High,False,20.3
JOB_67243516,Karnataka,Raichur,Artisan & Carpentry,Assistant Carpenter,CON/Q0102,Daily Wage,Low,False,19.7
JOB_6738DE94,Karnataka,Raichur,Handicrafts & Leather,Leather Goods Maker / Footwear Repairer,LSS/Q2501,Self-Employment / Enterprise,Medium,False,16.7
JOB_3C027730,Karnataka,Raichur,Electrical & Solar,Wireman Helper,ELE/Q6001,Daily Wage,Low,True,10.2
JOB_5039F7AE,Karnataka,Raichur,Plumbing & Water Works,Plumber General,PSC/Q0104,Fixed Monthly,High,False,13.8
JOB_A3A6895B,Karnataka,Raichur,Garments & Tailoring,Industrial Sewing Machine Operator,AMH/Q0301,Fixed Monthly,Medium,True,11.5
JOB_6DC7103B,Karnataka,Raichur,Garments & Tailoring,Industrial Sewing Machine Operator,AMH/Q0301,Daily Wage,Medium,False,14.6
JOB_508802BD,Karnataka,Raichur,Handicrafts & Leather,Leather Goods Maker / Footwear Repairer,LSS/Q2501,Self-Employment / Enterprise,High,False,19.4
JOB_4B6D1D37,Karnataka,Raichur,Electrical & Solar,Wireman Helper,ELE/Q6001,Fixed Monthly,High,True,21.8
JOB_D1FB2C85,Karnataka,Raichur,Artisan & Carpentry,Assistant Carpenter,CON/Q0102,Daily Wage,Low,True,22.9
JOB_8F2B8531,Karnataka,Raichur,Plumbing & Water Works,Plumber General,PSC/Q0104,Fixed Monthly,Medium,True,22.7
JOB_851EBAAB,Karnataka,Raichur,Plumbing & Water Works,Plumber General,PSC/Q0104,Fixed Monthly,Medium,True,18.2
JOB_097C0E78,Karnataka,Raichur,Agriculture & Dairy,Dairy Farmer & Animal Husbandry Assistant,AGR/Q4101,Fixed Monthly,Low,True,24.4
JOB_0F0D862B,Karnataka,Raichur,Artisan & Carpentry,Assistant Carpenter,CON/Q0102,Fixed Monthly,Medium,True,14.9
JOB_CFAC57F1,Karnataka,Raichur,Construction,Assistant Mason,CON/Q0101,Fixed Monthly,High,False,23.0
JOB_D4511EE0,Karnataka,Raichur,Plumbing & Water Works,Plumber General,PSC/Q0104,Self-Employment / Enterprise,Medium,False,24.4
JOB_EB06839F,Karnataka,Raichur,Handicrafts & Leather,Leather Goods Maker / Footwear Repairer,LSS/Q2501,Self-Employment / Enterprise,Low,True,23.1
JOB_8F4391CA,Karnataka,Raichur,Handicrafts & Leather,Leather Goods Maker / Footwear Repairer,LSS/Q2501,Daily Wage,Medium,True,17.1
JOB_1DC7D6DC,Karnataka,Raichur,Handicrafts & Leather,Leather Goods Maker / Footwear Repairer,LSS/Q2501,Fixed Monthly,Low,False,22.2
JOB_C1A177F3,Karnataka,Raichur,Plumbing & Water Works,Plumber General,PSC/Q0104,Daily Wage,Medium,True,12.8
JOB_C28AE25A,Karnataka,Raichur,Construction,Assistant Mason,CON/Q0101,Daily Wage,Medium,False,16.6
JOB_08A144A3,Karnataka,Raichur,Plumbing & Water Works,Plumber General,PSC/Q0104,Fixed Monthly,Medium,True,12.5
JOB_A23A8F1F,Karnataka,Raichur,Electrical & Solar,Wireman Helper,ELE/Q6001,Daily Wage,Medium,False,24.5
JOB_4AAB0AD0,Karnataka,Raichur,Handicrafts & Leather,Leather Goods Maker / Footwear Repairer,LSS/Q2501,Daily Wage,Medium,False,15.2
JOB_A25A9550,Karnataka,Raichur,Plumbing & Water Works,Plumber General,PSC/Q0104,Fixed Monthly,Medium,True,23.5
JOB_DF6B4B9E,Karnataka,Raichur,Garments & Tailoring,Industrial Sewing Machine Operator,AMH/Q0301,Daily Wage,Medium,True,11.5
JOB_9ECE5A8B,Karnataka,Raichur,Electrical & Solar,Wireman Helper,ELE/Q6001,Fixed Monthly,Low,False,15.0
JOB_6B994034,Karnataka,Raichur,Garments & Tailoring,Industrial Sewing Machine Operator,AMH/Q0301,Self-Employment / Enterprise,Low,True,17.9
JOB_0A97DF52,Karnataka,Raichur,Handicrafts & Leather,Leather Goods Maker / Footwear Repairer,LSS/Q2501,Fixed Monthly,Medium,True,9.9
JOB_9DD6D6C6,Karnataka,Raichur,Artisan & Carpentry,Assistant Carpenter,CON/Q0102,Self-Employment / Enterprise,Medium,True,9.6
JOB_65EB9282,Karnataka,Raichur,Artisan & Carpentry,Assistant Carpenter,CON/Q0102,Fixed Monthly,Medium,False,10.1
JOB_501BB699,Karnataka,Raichur,Garments & Tailoring,Industrial Sewing Machine Operator,AMH/Q0301,Self-Employment / Enterprise,Medium,True,13.0
JOB_AEBE8C68,Karnataka,Raichur,Construction,Assistant Mason,CON/Q0101,Fixed Monthly,High,False,13.2
JOB_C95DF66E,Karnataka,Raichur,Artisan & Carpentry,Assistant Carpenter,CON/Q0102,Fixed Monthly,Medium,False,24.8
JOB_39B23729,Karnataka,Raichur,Handicrafts & Leather,Leather Goods Maker / Footwear Repairer,LSS/Q2501,Daily Wage,High,True,11.3
JOB_631E2728,Karnataka,Raichur,Electrical & Solar,Wireman Helper,ELE/Q6001,Daily Wage,Low,True,24.9
JOB_273B4D7F,Karnataka,Raichur,Construction,Assistant Mason,CON/Q0101,Self-Employment / Enterprise,High,False,17.4
JOB_58353273,Karnataka,Raichur,Agriculture & Dairy,Dairy Farmer & Animal Husbandry Assistant,AGR/Q4101,Self-Employment / Enterprise,Medium,False,10.9
JOB_B7099A3A,Karnataka,Raichur,Handicrafts & Leather,Leather Goods Maker / Footwear Repairer,LSS/Q2501,Self-Employment / Enterprise,Medium,False,14.1
JOB_790C74C8,Karnataka,Raichur,Electrical & Solar,Wireman Helper,ELE/Q6001,Daily Wage,Medium,False,18.7
JOB_FCB30834,Karnataka,Raichur,Construction,Assistant Mason,CON/Q0101,Self-Employment / Enterprise,Medium,True,10.8
JOB_4A4A1E9B,Karnataka,Raichur,Agriculture & Dairy,Dairy Farmer & Animal Husbandry Assistant,AGR/Q4101,Fixed Monthly,Medium,False,22.8
JOB_4F1F49AC,Karnataka,Raichur,Plumbing & Water Works,Plumber General,PSC/Q0104,Daily Wage,Medium,True,14.3
JOB_62A17896,Karnataka,Raichur,Agriculture & Dairy,Dairy Farmer & Animal Husbandry Assistant,AGR/Q4101,Self-Employment / Enterprise,Low,False,8.9
JOB_FEDE4CED,Karnataka,Raichur,Construction,Assistant Mason,CON/Q0101,Fixed Monthly,Medium,True,17.6
JOB_CEB15E8B,Karnataka,Raichur,Artisan & Carpentry,Assistant Carpenter,CON/Q0102,Daily Wage,Medium,True,8.7
JOB_7505C167,Karnataka,Raichur,Garments & Tailoring,Industrial Sewing Machine Operator,AMH/Q0301,Daily Wage,Low,False,15.8
JOB_4ABDF63A,Karnataka,Raichur,Construction,Assistant Mason,CON/Q0101,Self-Employment / Enterprise,Low,False,20.2
JOB_F59A5546,Karnataka,Raichur,Construction,Assistant Mason,CON/Q0101,Fixed Monthly,Low,True,12.7
JOB_A7753227,Karnataka,Raichur,Handicrafts & Leather,Leather Goods Maker / Footwear Repairer,LSS/Q2501,Self-Employment / Enterprise,Medium,False,21.7
JOB_1620CE44,Karnataka,Raichur,Handicrafts & Leather,Leather Goods Maker / Footwear Repairer,LSS/Q2501,Self-Employment / Enterprise,Medium,True,8.9
JOB_C562E097,Karnataka,Raichur,Artisan & Carpentry,Assistant Carpenter,CON/Q0102,Fixed Monthly,Medium,False,23.0
JOB_22835EA3,Karnataka,Raichur,Plumbing & Water Works,Plumber General,PSC/Q0104,Daily Wage,Medium,True,17.8
JOB_F1CE2F04,Karnataka,Raichur,Handicrafts & Leather,Leather Goods Maker / Footwear Repairer,LSS/Q2501,Daily Wage,Low,False,24.0
JOB_67B7E238,Karnataka,Raichur,Artisan & Carpentry,Assistant Carpenter,CON/Q0102,Daily Wage,Low,False,10.7
JOB_F3DB54E3,Karnataka,Raichur,Construction,Assistant Mason,CON/Q0101,Fixed Monthly,Medium,False,15.7
JOB_7F1E4690,Karnataka,Raichur,Agriculture & Dairy,Dairy Farmer & Animal Husbandry Assistant,AGR/Q4101,Daily Wage,Low,True,20.3
